metric,estimate,unit,interval_low,interval_high,p_value,p_adjusted,p_resolution,test_family,bootstrap_unit,bootstrap_draws,treatment,taxonomy,n_presidents,n_speeches,status,caveat,surprise_label
effective_topics,2.1660777602343178,effective topics,-0.4340871940604012,4.565967897654893,0.04294785260736963,0.04294785260736963,4.999750012499375e-05,coverage-pressure primary outcomes,president then speech,20000,modern eras minus postbellum eras,AI taxonomy v1,17,56,confirmatory,Annual-message sample with at least 12 paragraphs.,No-change surprise: 4.29%
depth_words,-303.5676146160595,equivalent words,-430.87955623396846,-184.4195617433605,4.999750012499375e-05,9.99950002499875e-05,4.999750012499375e-05,coverage-pressure primary outcomes,president then speech,20000,modern eras minus postbellum eras,AI taxonomy v1,17,56,confirmatory,Annual-message sample with at least 12 paragraphs.,"No-change surprise: ≤0.005%, at the test’s resolution floor"
effective_topics,2.4646569413445345,effective topics,0.14908647155376084,5.029597991409781,,,4.999750012499375e-05,coverage-pressure sensitivity outcomes,president then speech,20000,all speeches (raw),AI taxonomy v1,19,282,exploratory,Sensitivity estimate; not part of the two-outcome joint decision.,Not tested
depth_words,-246.5205396374024,equivalent words,-560.8216367563549,-3.20372018626148,,,4.999750012499375e-05,coverage-pressure sensitivity outcomes,president then speech,20000,all speeches (raw),AI taxonomy v1,19,282,exploratory,Sensitivity estimate; not part of the two-outcome joint decision.,Not tested
leading_topic_share,-0.12877623037328467,share,-0.22142941186051224,-0.04340285518798771,,,4.999750012499375e-05,coverage-pressure sensitivity outcomes,president then speech,20000,all speeches (raw),AI taxonomy v1,19,282,exploratory,Sensitivity estimate; not part of the two-outcome joint decision.,Not tested
median_episode_words,-78.64532701305959,words,-128.97865990154136,-36.77581755601252,,,4.999750012499375e-05,coverage-pressure sensitivity outcomes,president then speech,20000,all speeches (raw),AI taxonomy v1,19,282,exploratory,Sensitivity estimate; not part of the two-outcome joint decision.,Not tested
singleton_run_share,0.07918854118710683,share,0.0165885802150468,0.15922044183471473,,,4.999750012499375e-05,coverage-pressure sensitivity outcomes,president then speech,20000,all speeches (raw),AI taxonomy v1,19,282,exploratory,Sensitivity estimate; not part of the two-outcome joint decision.,Not tested
adjacent_topic_similarity,-0.10502298600730275,Jaccard,-0.17839782996101394,-0.03409000265376899,,,4.999750012499375e-05,coverage-pressure sensitivity outcomes,president then speech,20000,all speeches (raw),AI taxonomy v1,19,282,exploratory,Sensitivity estimate; not part of the two-outcome joint decision.,Not tested
episodes_250_share,-0.14242471348371016,share,-0.23536155219086174,-0.041268478033591426,,,4.999750012499375e-05,coverage-pressure sensitivity outcomes,president then speech,20000,all speeches (raw),AI taxonomy v1,19,282,exploratory,Sensitivity estimate; not part of the two-outcome joint decision.,Not tested
episodes_500_share,-0.08402632165300525,share,-0.19241603668672333,0.03367232834622728,,,4.999750012499375e-05,coverage-pressure sensitivity outcomes,president then speech,20000,all speeches (raw),AI taxonomy v1,19,282,exploratory,Sensitivity estimate; not part of the two-outcome joint decision.,Not tested
effective_topics,2.4041816697065865,effective topics,0.11856496738516954,5.125072930941864,,,4.999750012499375e-05,coverage-pressure sensitivity outcomes,president then speech,20000,all speeches (genre-standardized),AI taxonomy v1,19,282,exploratory,Sensitivity estimate; not part of the two-outcome joint decision.,Not tested
depth_words,-186.26830606193602,equivalent words,-577.2670763879761,38.577340806088856,,,4.999750012499375e-05,coverage-pressure sensitivity outcomes,president then speech,20000,all speeches (genre-standardized),AI taxonomy v1,19,282,exploratory,Sensitivity estimate; not part of the two-outcome joint decision.,Not tested
leading_topic_share,-0.09941294930304306,share,-0.19978725620722934,-0.014932232169375696,,,4.999750012499375e-05,coverage-pressure sensitivity outcomes,president then speech,20000,all speeches (genre-standardized),AI taxonomy v1,19,282,exploratory,Sensitivity estimate; not part of the two-outcome joint decision.,Not tested
median_episode_words,-60.08538868337054,words,-110.26389834811805,-26.331403105227107,,,4.999750012499375e-05,coverage-pressure sensitivity outcomes,president then speech,20000,all speeches (genre-standardized),AI taxonomy v1,19,282,exploratory,Sensitivity estimate; not part of the two-outcome joint decision.,Not tested
singleton_run_share,0.05607750772096387,share,-0.007380659935582662,0.138118120869516,,,4.999750012499375e-05,coverage-pressure sensitivity outcomes,president then speech,20000,all speeches (genre-standardized),AI taxonomy v1,19,282,exploratory,Sensitivity estimate; not part of the two-outcome joint decision.,Not tested
adjacent_topic_similarity,-0.07208781740320946,Jaccard,-0.15873226841628807,-0.0014952843337826373,,,4.999750012499375e-05,coverage-pressure sensitivity outcomes,president then speech,20000,all speeches (genre-standardized),AI taxonomy v1,19,282,exploratory,Sensitivity estimate; not part of the two-outcome joint decision.,Not tested
episodes_250_share,-0.09512082639423308,share,-0.21977576204807248,0.022312532025344316,,,4.999750012499375e-05,coverage-pressure sensitivity outcomes,president then speech,20000,all speeches (genre-standardized),AI taxonomy v1,19,282,exploratory,Sensitivity estimate; not part of the two-outcome joint decision.,Not tested
episodes_500_share,-0.03560037627742152,share,-0.1837281060690697,0.10147422836615892,,,4.999750012499375e-05,coverage-pressure sensitivity outcomes,president then speech,20000,all speeches (genre-standardized),AI taxonomy v1,19,282,exploratory,Sensitivity estimate; not part of the two-outcome joint decision.,Not tested
effective_topics,10.228679890285498,effective topics,4.195911348929302,12.496756913260024,,,4.999750012499375e-05,coverage-pressure sensitivity outcomes,president then speech,20000,annual messages with length/paragraph/medium controls,AI taxonomy v1,17,56,exploratory,Sensitivity estimate; not part of the two-outcome joint decision.,Not tested
depth_words,-233.80412721821787,equivalent words,-330.73961128368074,135.6966112261348,,,4.999750012499375e-05,coverage-pressure sensitivity outcomes,president then speech,20000,annual messages with length/paragraph/medium controls,AI taxonomy v1,17,56,exploratory,Sensitivity estimate; not part of the two-outcome joint decision.,Not tested
leading_topic_share,-0.13971704197141224,share,-0.1793756785992528,0.06398072210764025,,,4.999750012499375e-05,coverage-pressure sensitivity outcomes,president then speech,20000,annual messages with length/paragraph/medium controls,AI taxonomy v1,17,56,exploratory,Sensitivity estimate; not part of the two-outcome joint decision.,Not tested
median_episode_words,-4.24629700175134,words,-33.41587566489884,40.36879739147505,,,4.999750012499375e-05,coverage-pressure sensitivity outcomes,president then speech,20000,annual messages with length/paragraph/medium controls,AI taxonomy v1,17,56,exploratory,Sensitivity estimate; not part of the two-outcome joint decision.,Not tested
singleton_run_share,0.03348384063409066,share,-0.02888484472000758,0.196469417953955,,,4.999750012499375e-05,coverage-pressure sensitivity outcomes,president then speech,20000,annual messages with length/paragraph/medium controls,AI taxonomy v1,17,56,exploratory,Sensitivity estimate; not part of the two-outcome joint decision.,Not tested
adjacent_topic_similarity,-0.12767097143519307,Jaccard,-0.17271680956682317,0.14648775226834124,,,4.999750012499375e-05,coverage-pressure sensitivity outcomes,president then speech,20000,annual messages with length/paragraph/medium controls,AI taxonomy v1,17,56,exploratory,Sensitivity estimate; not part of the two-outcome joint decision.,Not tested
episodes_250_share,-0.13465196106699287,share,-0.21053917207587433,0.15816167044215101,,,4.999750012499375e-05,coverage-pressure sensitivity outcomes,president then speech,20000,annual messages with length/paragraph/medium controls,AI taxonomy v1,17,56,exploratory,Sensitivity estimate; not part of the two-outcome joint decision.,Not tested
episodes_500_share,-0.19149560357535653,share,-0.27210355246797746,0.07859633484195822,,,4.999750012499375e-05,coverage-pressure sensitivity outcomes,president then speech,20000,annual messages with length/paragraph/medium controls,AI taxonomy v1,17,56,exploratory,Sensitivity estimate; not part of the two-outcome joint decision.,Not tested
