story_era_key,story_era,era_start_year,era_end_year,rank,normalized_entity,display_entity,display_type,era_paragraphs,era_documents,era_denominator_paragraphs,other_paragraphs,other_denominator_paragraphs,paragraph_share,other_paragraph_share,log_odds,log_odds_standard_error,log_odds_z,ai_ner_paragraphs,ai_only_paragraphs,source_badge,evidence_ai_mention,evidence_ner_mention,evidence_ai_stance,evidence_doc_name,evidence_para_idx,evidence_document_title,evidence_source_url,evidence_speaker,evidence_document_owner,evidence_cross_owner,evidence_excerpt,min_eligible_paragraphs,min_eligible_documents,log_odds_prior_success,log_odds_prior_failure,schema_version
founding,Establishing the republic,1789,1808,1,general wilkinson,General Wilkinson,person,6,2,672,0,31859,0.008928571428571428,0.0,6.432000107523904,1.4681205389040914,4.381111725557086,0,6,AI only,General Wilkinson,,neutral,/the-presidency/presidential-speeches/february-10-1807-special-message-congress-gun-boats,2,"February 10, 1807: Special Message to Congress on the Gun Boats",https://millercenter.org/the-presidency/presidential-speeches/february-10-1807-special-message-congress-gun-boats,Thomas Jefferson,Thomas Jefferson,False,"On this subject professional men were consulted as far as we had opportunity. General Wilkinson, and the late General Gates, gave their opinions in writing, in favor of the system, as will be seen by their letters now communicated. The higher officers of the navy gave the same opinions in separate conferences, as their presence at the seat of government offered occasions of consulting them, and no difference of judgment appeared on the subjects. Those of Commodore Barron and Captain Tingey, now here, are recently furnished in writing, and transmitted herewith to the legislature.",5,2,0.5,0.5,era-distinctive-reference-v1
founding,Establishing the republic,1789,1808,2,aaron burr,Aaron Burr,person,11,2,672,1,31859,0.01636904761904762,3.13883047176622e-05,5.911431445082441,0.8690030454495343,6.802543991113936,3,8,AI + NER,Aaron Burr,Aaron Burr,adversarial,/the-presidency/presidential-speeches/january-22-1807-special-message-congress-burr-conspiracy,3,"January 22, 1807: Special Message to Congress on the Burr Conspiracy",https://millercenter.org/the-presidency/presidential-speeches/january-22-1807-special-message-congress-burr-conspiracy,Thomas Jefferson,Thomas Jefferson,False,"Some time in the latter part of September, I received intimations that designs were in agitation in the western country, unlawful and unfriendly to the peace of the Union; and that the prime mover in these was Aaron Burr, heretofore distinguished by the favor of his country. The grounds of these intimations being inconclusive, the objects uncertain, and the fidelity of that country known to be firm, the only measure taken was to urge the informants to use their best endeavors to get further insight into the designs and proceedings of the suspected persons, and to communicate them to me.",5,2,0.5,0.5,era-distinctive-reference-v1
founding,Establishing the republic,1789,1808,3,cherokee nation,Cherokee Nation,group,6,4,672,2,31859,0.008928571428571428,6.27766094353244e-05,4.822499417495107,0.7452368205628014,6.471096548682557,0,6,AI only,Cherokee nation,,favorable,/the-presidency/presidential-speeches/december-12-1792-proclamation-against-crimes-against-cherokee,0,"December 12, 1792: Proclamation Against Crimes Against the Cherokee Nations",https://millercenter.org/the-presidency/presidential-speeches/december-12-1792-proclamation-against-crimes-against-cherokee,George Washington,George Washington,False,"Whereas I have received authentic information, that certain lawless and wicked persons, of the western frontier in the State of Georgia, did lately invade, burn, and destroy a town belonging to the Cherokee nation, although in amity with the United States, and put to death several Indians of that nation; and whereas such outrageous conduct not only violates the rights of humanity, but also endangers the public peace, and it highly becomes the honor and good faith of the United States to pursue all legal means for the punishment of those atrocious offenders; I have, therefore, thought fit to issue this my proclamation, hereby exhorting all the citizens of the United States, and requiring all the officers thereof, according to their respective stations, to use their utmost endeavours to bring those offenders to justice. And I do moreover offer a reward of five hundred dollars for each and every of the above-named persons, who shall be so apprehended and brought to justice, and shall be proved to have assumed or exercised any command or authority among the perpetrators of the crimes aforesaid, at the time of committing the same.",5,2,0.5,0.5,era-distinctive-reference-v1
founding,Establishing the republic,1789,1808,4,tripoli,Tripoli,nation,5,5,672,2,31859,0.00744047619047619,6.27766094353244e-05,4.653946082176299,0.7637720202662779,6.093370742428832,5,0,AI + NER,Tripoli,Tripoli,adversarial,/the-presidency/presidential-speeches/december-15-1802-second-annual-message,4,"December 15, 1802: Second Annual Message",https://millercenter.org/the-presidency/presidential-speeches/december-15-1802-second-annual-message,Thomas Jefferson,Thomas Jefferson,False,"The cession of the Spanish Province of Louisiana to France, which took place in the course of the late war, will if carried into effect, make a change in the aspect of our foreign relations which will doubtless have just weight in any deliberations of the legislature connected with that subject. There was reason not long since to apprehend that the warfare in which we were engaged with Tripoli might be taken up by some other of the Barbary Powers. A reenforcement, therefore, was immediately ordered to the vessels already there. Subsequent information, however has removed these apprehensions for the present. To secure our commerce in that sea with the smallest force competent, we have supposed it best to watch strictly the harbor of Tripoli. Still, however, the shallowness of their coast and the want of smaller vessels on our part has permitted some cruisers to escape unobserved, and to one of these an American vessel unfortunately fell a prey. The captain, one American seaman, and two others of color remain prisoners with them unless exchanged under an agreement formerly made with the Bashaw, to whom, on the faith of that, some of his captive subjects had been restored.",5,2,0.5,0.5,era-distinctive-reference-v1
founding,Establishing the republic,1789,1808,5,french republic,French Republic,nation,5,3,672,2,31859,0.00744047619047619,6.27766094353244e-05,4.653946082176299,0.7637720202662779,6.093370742428832,0,5,AI only,French Republic,,neutral,/the-presidency/presidential-speeches/december-3-1799-third-annual-message,3,"December 3, 1799: Third Annual Message",https://millercenter.org/the-presidency/presidential-speeches/december-3-1799-third-annual-message,John Adams,John Adams,False,"Persevering in the pacific and humane policy which had been invariably professed and sincerely pursued by the executive authority of the United States, when indications were made on the part of the French Republic of a disposition to accommodate the existing differences between the two countries, I felt it to be my duty to prepare for meeting their advances by a nomination of ministers upon certain conditions which the honor of our country dictated, and which its moderation had given it a right to prescribe.",5,2,0.5,0.5,era-distinctive-reference-v1
expansion,The continental republic,1809,1849,1,bank of the united states,Bank of the United States,institution,140,17,3847,3,28684,0.0363919937613725,0.0001045879235810905,5.738339040867468,0.5414206429847792,10.598670581219025,7,133,AI + NER,Bank of the United States,Bank of the United States,neutral,/the-presidency/presidential-speeches/april-15-1834-protest-senate-censure,46,"April 15, 1834: Protest of Senate Censure",https://millercenter.org/the-presidency/presidential-speeches/april-15-1834-protest-senate-censure,Andrew Jackson,Andrew Jackson,False,"This practice was continued, with the silent acquiescence of Congress, from 1789 down to 1816, and although many banks were selected and discharged, and although a portion of the moneys were first placed in the State banks, and then in the former Bank of the United States, and upon the dissolution of that were again transferred to the State banks, no legislation was thought necessary by Congress, and all the operations were originated and perfected by Executive authority. The Secretary of the Treasury, responsible to the President, and with his approbation, made contracts and arrangements in relation to the whole subject-matter, which was thus entirely committed to the direction of the President under his responsibilities to the American people and to those who were authorized to impeach and punish him for any breach of this important trust.",5,2,0.5,0.5,era-distinctive-reference-v1
expansion,The continental republic,1809,1849,2,state banks,State banks,institution,14,7,3847,0,28684,0.00363919937613725,0.0,5.379874513158663,1.438492696366039,3.739938705806053,0,14,AI only,State banks,,favorable,/the-presidency/presidential-speeches/december-1-1834-sixth-annual-message-congress,63,"December 1, 1834: Sixth Annual Message to Congress",https://millercenter.org/the-presidency/presidential-speeches/december-1-1834-sixth-annual-message-congress,Andrew Jackson,Andrew Jackson,False,"Happily it is already illustrated that the agency of such an institution is not necessary to the fiscal operations of the Government. The State banks are found fully adequate to the performance of all services which were required of the Bank of the United States, quite as promptly and with the same cheapness. They have maintained themselves and discharged all these duties while the Bank of the United States was still powerful and in the field as an open enemy, and it is not possible to conceive that they will find greater difficulties in their operations when that enemy shall cease to exist.",5,2,0.5,0.5,era-distinctive-reference-v1
expansion,The continental republic,1809,1849,3,national bank,national bank,institution,12,6,3847,0,28684,0.0031193137509747857,0.0,5.230932927639988,1.4423229819405907,3.626741716756095,0,12,AI only,national bank,,adversarial,/the-presidency/presidential-speeches/december-2-1839-third-annual-message-congress,80,"December 2, 1839: Third Annual Message to Congress",https://millercenter.org/the-presidency/presidential-speeches/december-2-1839-third-annual-message-congress,Martin Van Buren,Martin Van Buren,False,"I am aware it has been urged that this control may be best attained and exerted by means of a national bank. The constitutional objections which I am well known to entertain would prevent me in any event from proposing or assenting to that remedy; but in addition to this, I can not after past experience bring myself to think that it can any longer be extensively regarded as effective for such a purpose. The history of the late national bank, through all its mutations, shows that it was not so. On the contrary, it may, after a careful consideration of the subject, be, I think, safely stated that at every period of banking excess it took the lead; that in 1817 and 1818, in 1823, in 1831, and in 1834 its vast expansions, followed by distressing contractions, led to those of the State institutions.",5,2,0.5,0.5,era-distinctive-reference-v1
expansion,The continental republic,1809,1849,4,buenos ayres,Buenos Ayres,nation,10,8,3847,0,28684,0.0025994281258123215,0.0,5.056058231999108,1.4475957804548947,3.492727942609977,7,3,AI + NER,Buenos Ayres,Buenos Ayres,neutral,/the-presidency/presidential-speeches/december-1-1834-sixth-annual-message-congress,15,"December 1, 1834: Sixth Annual Message to Congress",https://millercenter.org/the-presidency/presidential-speeches/december-1-1834-sixth-annual-message-congress,Andrew Jackson,Andrew Jackson,False,"Our representatives to Central America, Peru, and Brazil are either at or on their way to their respective posts. From the Argentine Republic, from which a minister was expected to this Government, nothing further has been heard. Occasion has been taken on the departure of a new consul to Buenos Ayres to remind that Government that its long delayed minister, whose appointment had been made known to us, had not arrived.",5,2,0.5,0.5,era-distinctive-reference-v1
expansion,The continental republic,1809,1849,5,general herrera,General Herrera,person,7,2,3847,0,28684,0.001819599688068625,0.0,4.718804541834611,1.4606945533305369,3.2305210771651347,0,7,AI only,General Herrera,,neutral,/the-presidency/presidential-speeches/december-8-1846-second-annual-message-congress,49,"December 8, 1846: Second Annual Message to Congress",https://millercenter.org/the-presidency/presidential-speeches/december-8-1846-second-annual-message-congress,James K. Polk,James K. Polk,False,"These communications rendered it highly probable, if not absolutely certain, that our minister would not be received by the Government of General Herrera. It was also well known that but little hope could be entertained of a different result from General Paredes in case the revolutionary movement which he was prosecuting should prove successful, as was highly probable. The partisans of Paredes, as our minister in the dispatch referred to states, breathed the fiercest hostility against the United States, denounced the proposed negotiation as treason, and openly called upon the troops and the people to put down the Government of Herrera by force. The reconquest of Texas and war with the United States were openly threatened. These were the circumstances existing when it was deemed proper to order the Army under the command of General Taylor to advance to the western frontier of Texas and occupy a position on or near the Rio Grande.",5,2,0.5,0.5,era-distinctive-reference-v1
civil-war-reconstruction,Sectional crisis & constitutional rupture,1850,1868,1,southern people,Southern people,group,39,2,2610,0,29921,0.014942528735632184,0.0,6.823535751773653,1.423284495302084,4.7942177226664695,0,39,AI only,Southern people,,adversarial,/the-presidency/presidential-speeches/december-6-1864-fourth-annual-message,50,"December 6, 1864: Fourth Annual Message",https://millercenter.org/the-presidency/presidential-speeches/december-6-1864-fourth-annual-message,Abraham Lincoln,Abraham Lincoln,False,"Between him and us the issue is distinct, simple, and inflexible. It is an issue which can only be tried by war and decided by victory. If we yield, we are beaten; if the Southern people fail him, he is beaten. Either way it would be the victory and defeat following war. What is true, however, of him who heads the insurgent cause is not necessarily true of those who follow. Although he can not reaccept the Union, they can. Some of them, we know, already desire peace and reunion. The number of such may increase. They can at any moment have peace simply by laying down their arms and submitting to the national authority under the Constitution. Alter so much the Government could not, if it would, maintain war against them.",5,2,0.5,0.5,era-distinctive-reference-v1
civil-war-reconstruction,Sectional crisis & constitutional rupture,1850,1868,2,edwin m. stanton,Edwin M. Stanton,person,29,2,2610,0,29921,0.011111111111111112,0.0,6.527744104107618,1.4262955856176032,4.576711987284898,1,28,AI + NER,Edwin M. Stanton,EDWIN M. STANTON,adversarial,/the-presidency/presidential-speeches/december-12-1867-message-regarding-suspension-secretary,0,"December 12, 1867: Message Regarding the Suspension of Secretary Stanton",https://millercenter.org/the-presidency/presidential-speeches/december-12-1867-message-regarding-suspension-secretary,Andrew Johnson,Andrew Johnson,False,"To the Senate of the United States: On the 12th of August last I suspended Mr. Stanton from the exercise of the office of Secretary of War, and on the same day designated General Grant to act as Secretary of War ad interim. The following are copies of the Executive orders: EXECUTIVE MANSION, Washington, August 12, 1867. Hon. EDWIN M. STANTON, Secretary of War. SIR: By virtue of the power and authority vested in me as President by the Constitution and laws of the United States, you are hereby suspended from office as Secretary of War, and will cease to exercise any and all functions pertaining to the same. You will at once transfer to General Ulysses S. Grant, who has this day been authorized and empowered to act as Secretary of War ad interim, all records, books, and other property now in your custody and charge.",5,2,0.5,0.5,era-distinctive-reference-v1
civil-war-reconstruction,Sectional crisis & constitutional rupture,1850,1868,3,judge douglas,Judge Douglas,person,18,2,2610,0,29921,0.006896551724137931,0.0,6.056872537062144,1.4333433653176606,4.225695449966246,0,18,AI only,Judge Douglas,,adversarial,/the-presidency/presidential-speeches/june-16-1858-house-divided-speech,30,"June 16, 1858: ""A House Divided"" Speech",https://millercenter.org/the-presidency/presidential-speeches/june-16-1858-house-divided-speech,Abraham Lincoln,Abraham Lincoln,False,"They remind us that he is a very great man , and that the largest of us are very small ones. Let this be granted. But ""a living dog is better than a dead lion ."" Judge Douglas, if not a dead lion for this work , is at least a caged and toothless one. How can he oppose the advances of slavery? He don't care anything about it. His avowed mission is impressing the ""public heart"" to care nothing about it.",5,2,0.5,0.5,era-distinctive-reference-v1
civil-war-reconstruction,Sectional crisis & constitutional rupture,1850,1868,4,andrew johnson,Andrew Johnson,person,8,8,2610,0,29921,0.0030651340996168583,0.0,5.275318108088695,1.4553572501366467,3.6247581874439305,7,1,AI + NER,Andrew Johnson,Andrew Johnson,neutral,/the-presidency/presidential-speeches/april-2-1866-proclamation-end-confederate-insurrection,11,"April 2, 1866: Proclamation on the End of the Confederate Insurrection",https://millercenter.org/the-presidency/presidential-speeches/april-2-1866-proclamation-end-confederate-insurrection,Andrew Johnson,Andrew Johnson,False,"Whereas the policy of the Government of the United States from the beginning of the insurrection to its overthrow and final suppression has been in conformity with the principles herein set forth and enumerated: Now, therefore, I, Andrew Johnson, President of the United States, do hereby proclaim and declare that the insurrection which heretofore existed in the States of Georgia, South Carolina, Virginia, North Carolina, Tennessee, Alabama, Louisiana, Arkansas, Mississippi, and Florida is at an end and is henceforth to be so regarded. In testimony whereof I have hereunto set my hand and caused the seal of the United States to be affixed. Done at the city of Washington, this 2d day of April, A. D. 1866, and of the Independence of the United States of America the ninetieth. ANDREW JOHNSON. By the President: WILLIAM H. SEWARD, Secretary of State.",5,2,0.5,0.5,era-distinctive-reference-v1
civil-war-reconstruction,Sectional crisis & constitutional rupture,1850,1868,5,miramon,Miramon,person,6,2,2610,0,29921,0.0022988505747126436,0.0,5.006285924797893,1.4677409599397402,3.4108783916498666,3,3,AI + NER,Miramon,Miramon,adversarial,/the-presidency/presidential-speeches/december-19-1859-third-annual-message,46,"December 19, 1859: Third Annual Message",https://millercenter.org/the-presidency/presidential-speeches/december-19-1859-third-annual-message,James Buchanan,James Buchanan,False,"This assembly elected General Miramort, but that officer repudiated the plan under which he was chosen, and Zuloaga was thus restored to his previous position. He assumed it, however, only to withdraw from it; and Miramon, having become by his appointment ""President substitute,"" continues with that title at the head of the insurgent party.",5,2,0.5,0.5,era-distinctive-reference-v1
gilded-age,Administrative-industrial order,1869,1912,1,santo domingo,Santo Domingo,nation,12,6,6721,0,25810,0.0017854485939592323,0.0,4.56613277818851,1.442285611910696,3.1659005265534312,0,12,AI only,Santo Domingo,,neutral,/the-presidency/presidential-speeches/december-1-1873-fifth-annual-message,15,"December 1, 1873: Fifth Annual Message",https://millercenter.org/the-presidency/presidential-speeches/december-1-1873-fifth-annual-message,Ulysses S. Grant,Ulysses S. Grant,False,"I transmit herewith, for the consideration and determination of Congress, an application of the Republic of Santo Domingo to this Government to exercise a protectorate over that Republic. Since the adjournment of Congress the following treaties with foreign powers have been proclaimed: A naturalization convention with Denmark; a convention with Mexico for renewing the Claims Commission; a convention of friendship, commerce, and extradition with the Orange Free State, and a naturalization convention with Ecuador.",5,2,0.5,0.5,era-distinctive-reference-v1
gilded-age,Administrative-industrial order,1869,1912,2,mr. egan,Mr. Egan,person,10,3,6721,0,25810,0.00148787382829936,0.0,4.391481350657053,1.4475585781406808,3.0337158143179943,0,10,AI only,Mr. Egan,,favorable,/the-presidency/presidential-speeches/january-25-1892-message-regarding-valparaiso-incident,2,"January 25, 1892: Message Regarding Valparaiso Incident",https://millercenter.org/the-presidency/presidential-speeches/january-25-1892-message-regarding-valparaiso-incident,Benjamin Harrison,Benjamin Harrison,False,"I do not deem it necessary in this communication to attempt any full analysis of the correspondence or of the evidence. A brief restatement of the international questions involved and of the reasons why the responses of the Chilean Government are unsatisfactory is all that I deem necessary. It may be well at the outset to say that whatever may have been said in this country or in Chile in criticism of Mr. Egan, our minister at Santiago, the true history of this exciting period in Chilean affairs from the outbreak of the revolution until this time discloses no act on the part of Mr. Egan unworthy of his position or that could justly be the occasion of serious animadversion or criticism.",5,2,0.5,0.5,era-distinctive-reference-v1
gilded-age,Administrative-industrial order,1869,1912,3,filipinos,Filipinos,group,9,3,6721,0,25810,0.0013390864454694241,0.0,4.291248905210642,1.45101718722013,2.9574073574082536,9,0,AI + NER,Filipinos,Filipinos,neutral,/the-presidency/presidential-speeches/december-2-1902-second-annual-message,43,"December 2, 1902: Second Annual Message",https://millercenter.org/the-presidency/presidential-speeches/december-2-1902-second-annual-message,Theodore Roosevelt,Theodore Roosevelt,False,"On July 4 last, on the one hundred and twenty-sixth anniversary of the declaration of our independence, peace and amnesty were promulgated in the Philippine Islands. Some trouble has since from time to time threatened with the Mohammedan Moros, but with the late insurrectionary Filipinos the war has entirely ceased. Civil government has now been introduced. Not only does each Filipino enjoy such rights to life, liberty, and the pursuit of happiness as he has never before known during the recorded history of the islands, but the people taken as a whole now enjoy a measure of self-government greater than that granted to any other Orientals by any foreign power and greater than that enjoyed by any other Orientals under their own governments, save the Japanese alone.",5,2,0.5,0.5,era-distinctive-reference-v1
gilded-age,Administrative-industrial order,1869,1912,4,emperor of germany,Emperor of Germany,person,7,5,6721,0,25810,0.0010415116798095521,0.0,4.0545622199423015,1.4606577315279794,2.7758468889908006,0,7,AI only,Emperor of Germany,,neutral,/the-presidency/presidential-speeches/december-1-1873-fifth-annual-message,7,"December 1, 1873: Fifth Annual Message",https://millercenter.org/the-presidency/presidential-speeches/december-1-1873-fifth-annual-message,Ulysses S. Grant,Ulysses S. Grant,False,"By an act approved on the 14th day of February last Congress made provision for completing, jointly with an officer or commissioner to be named by Her Britannic Majesty, the determination of so much of the boundary line between the territory of the United States and the possessions of Great Britain as was left uncompleted by the commissioners appointed under the act of Congress of August 11, 1856. Under the provisions of this act the northwest water boundary of the United States has been determined and marked in accordance with the award of the Emperor of Germany. A protocol and a copy of the map upon which the line was thus marked are contained in the papers submitted herewith.",5,2,0.5,0.5,era-distinctive-reference-v1
gilded-age,Administrative-industrial order,1869,1912,5,white leagues,White Leagues,group,6,2,6721,0,25810,0.0008927242969796162,0.0,3.9113124559737287,1.4676627020565791,2.664994109677215,3,3,AI + NER,White Leagues,White Leagues,adversarial,/the-presidency/presidential-speeches/december-7-1874-sixth-annual-message,55,"December 7, 1874: Sixth Annual Message",https://millercenter.org/the-presidency/presidential-speeches/december-7-1874-sixth-annual-message,Ulysses S. Grant,Ulysses S. Grant,False,"I regret to say that with preparations for the late election decided indications appeared in some localities in the Southern States of a determination, by acts of violence and intimidation, to deprive citizens of the freedom of the ballot because of their political opinions. Bands of men, masked and armed, made their appearance; White Leagues and other societies were formed; large quantities of arms and ammunition were imported and distributed to these organizations; military drills, with menacing demonstrations, were held, and with all these murders enough were committed to spread terror among those whose political action was to be suppressed, if possible, by these intolerant and criminal proceedings. In some places colored laborers were compelled to vote according to the wishes of their employers, under threats of discharge if they acted otherwise; and there are too many instances in which, when these threats were disregarded, they were remorselessly executed by those who made them.",5,2,0.5,0.5,era-distinctive-reference-v1
progressives-depression,"Reform, world war & collapse",1913,1932,1,imperial german government,Imperial German Government,nation,25,5,2134,0,30397,0.011715089034676664,0.0,6.599735048330506,1.4281885833807781,4.621052937356319,0,25,AI only,Imperial German Government,,adversarial,/the-presidency/presidential-speeches/april-19-1916-message-regarding-german-actions,0,"April 19, 1916: Message Regarding German Actions",https://millercenter.org/the-presidency/presidential-speeches/april-19-1916-message-regarding-german-actions,Woodrow Wilson,Woodrow Wilson,False,"Gentlemen of the Congress: A situation has arisen in the foreign relations of the country of which it is my plain duty to inform you very frankly. It will be recalled that in February, 1915, the Imperial German Government announced its intention to treat the waters surrounding Great Britain and Ireland as embraced within the seat of war and to destroy all merchant ships owned by its enemies that might be found within any part of that portion of the high seas, and that it warned all vessels, of neutral as well as of belligerent ownership, to keep out of the waters it had thus proscribed or else enter them at their peril. The Government of the United States earnestly protested.",5,2,0.5,0.5,era-distinctive-reference-v1
progressives-depression,"Reform, world war & collapse",1913,1932,2,democratic candidate,Democratic candidate,person,25,3,2134,0,30397,0.011715089034676664,0.0,6.599735048330506,1.4281885833807781,4.621052937356319,0,25,AI only,Democratic candidate,,adversarial,/the-presidency/presidential-speeches/november-5-1932-campaign-speech-st-paul-minnesota,28,"November 5, 1932: Campaign speech in St Paul Minnesota",https://millercenter.org/the-presidency/presidential-speeches/november-5-1932-campaign-speech-st-paul-minnesota,Herbert Hoover,Herbert Hoover,False,"We stopped this bill, but it is still on their political calendar. 10. They passed the cash prepayment of the bonus calling for immediate expenditure of $2,300 million and for actual increase in liabilities of the Federal Government over the original act by $1,300 million. We stopped this bill, but it is still on their political calendar. 11. They passed the provision for the issuance of over $2,200 million of greenback currency, a reversion to vicious practices already demonstrated in the last hundred years as the most destructive to labor, agriculture, and business. We stopped this bill and even as late as last night the Democratic candidate failed to frankly disavow it. 12. They passed the Rainey bill providing for direct personal banking for every conceivable purpose on every conceivable security to everyone who wants money, and thus the most destructive entry of the Government into private business in a fashion that violates every principle of our Nation.",5,2,0.5,0.5,era-distinctive-reference-v1
progressives-depression,"Reform, world war & collapse",1913,1932,3,governor roosevelt,Governor Roosevelt,person,10,3,2134,0,30397,0.004686035613870665,0.0,5.70534632533913,1.447667673075667,3.9410608052176364,0,10,AI only,Governor Roosevelt,,adversarial,/the-presidency/presidential-speeches/november-5-1932-campaign-speech-st-paul-minnesota,32,"November 5, 1932: Campaign speech in St Paul Minnesota",https://millercenter.org/the-presidency/presidential-speeches/november-5-1932-campaign-speech-st-paul-minnesota,Herbert Hoover,Herbert Hoover,False,"19. The Democratic Party makes its contribution to the emergency by proposing to reduce the tariff to a ""competitive tariff for revenue."" Their candidate states that he supports this promise 100 percent. A competitive tariff today would be ruinous to American agriculture and industry. These are the only reliefs to this emergency that I can find in the whole Democratic program. They are mostly destructive. I have given you some of the items of the Republican program. I submit to you this collection of 19 items which have been and are proposed to the American people. Governor Roosevelt in his address of last night stated: ""I have been scrupulously careful to make no idle promises, to raise no false hopes."" In St.",5,2,0.5,0.5,era-distinctive-reference-v1
progressives-depression,"Reform, world war & collapse",1913,1932,4,federal farm board,Federal Farm Board,institution,6,6,2134,0,30397,0.0028116213683223993,0.0,5.223892219363903,1.467770031616561,3.5590672290879617,1,5,AI + NER,Federal Farm Board,Federal Farm Board,favorable,/the-presidency/presidential-speeches/june-11-1929-message-regarding-farm-bill,0,"June 11, 1929: Message Regarding the Farm Bill",https://millercenter.org/the-presidency/presidential-speeches/june-11-1929-message-regarding-farm-bill,Herbert Hoover,Herbert Hoover,False,"THE VOTE in the Senate today at best adds further delay to farm relief and may gravely jeopardize the enactment of legislation. In rejecting the report of the Senate and House conferees, which report was agreed to by members of both parties, the Senate has in effect rejected a bill which provides for the creation of the most important agency ever set up in the Government to assist an industry--the proposed Federal Farm Board, endowed with extraordinary authority to reorganize the marketing system in the interest of the farmer; to stabilize his industry and to carry out these arrangements in conjunction with farm cooperatives, with a capital of $500 million as an earnest of the seriousness of the work. It is a proposal for steady upbuilding of agriculture onto firm foundations of equality with other industry and would remove the agricultural problem from politics and place it in the realm of business.",5,2,0.5,0.5,era-distinctive-reference-v1
progressives-depression,"Reform, world war & collapse",1913,1932,5,german people,German people,nation,6,3,2134,0,30397,0.0028116213683223993,0.0,5.223892219363903,1.467770031616561,3.5590672290879617,0,6,AI only,German people,,favorable,/the-presidency/presidential-speeches/april-2-1917-address-congress-requesting-declaration-war,17,"April 2, 1917: Address to Congress Requesting a Declaration of War Against Germany",https://millercenter.org/the-presidency/presidential-speeches/april-2-1917-address-congress-requesting-declaration-war,Woodrow Wilson,Woodrow Wilson,False,"We have no quarrel with the German people. We have no feeling toward them but one of sympathy and friendship. It was not upon their impulse that their government acted in entering this war. It was not with their previous knowledge or approval. It was a war determined upon as wars used to be determined upon in the old, unhappy days when peoples were nowhere consulted by their rulers and wars were provoked and waged in the interest of dynasties or of little groups of ambitious men who were accustomed to use their fellowmen as pawns and tools.",5,2,0.5,0.5,era-distinctive-reference-v1
war-new-deal,"New Deal, world war & settlement",1933,1952,1,axis,Axis,group,10,6,1409,0,31122,0.007097232079488999,0.0,6.1463384380238555,1.4477516248446862,4.245437085027088,2,8,AI + NER,Axis,Axis,adversarial,/the-presidency/presidential-speeches/january-7-1943-state-union-address,2,"January 7, 1943: State of the Union Address",https://millercenter.org/the-presidency/presidential-speeches/january-7-1943-state-union-address,Franklin D. Roosevelt,Franklin D. Roosevelt,False,"Of continuing importance in the year 1942 were the unending and bitterly contested battles of the convoy routes, and the gradual passing of air superiority from the Axis to the United Nations. The Axis powers knew that they must win the war in 1942 - or eventually lose everything. I do not need to tell you that our enemies did not win the war in 1942. In the Pacific area, our most important victory in 1942 was the air and naval battle off Midway Island. That action is historically important because it secured for our use communication lines stretching thousands of miles in every direction. In placing this emphasis on the Battle of Midway, I am not unmindful of other successful actions in the Pacific, in the air and on land and afloat, especially those on the Coral Sea and New Guinea and in the Solomon Islands.",5,2,0.5,0.5,era-distinctive-reference-v1
war-new-deal,"New Deal, world war & settlement",1933,1952,2,nazi,Nazi,group,8,5,1409,0,31122,0.0056777856635912,0.0,5.933601282707314,1.4554699279427428,4.076759793377701,8,0,AI + NER,Nazi,Nazi,adversarial,/the-presidency/presidential-speeches/april-28-1942-fireside-chat-21-sacrifice,2,"April 28, 1942: Fireside Chat 21: On Sacrifice",https://millercenter.org/the-presidency/presidential-speeches/april-28-1942-fireside-chat-21-sacrifice,Franklin D. Roosevelt,Franklin D. Roosevelt,False,"In the Mediterranean area, matters remain on the surface much as they were. But the situation there is receiving very careful attention. Recently we (have) received news of a change in government in what we used to know as the Republic of France -a name dear to the hearts of all lovers of liberty -- a name and an institution which we hope will soon be restored to full dignity. Throughout the Nazi occupation of France, we have hoped for the maintenance of a French Government which would strive to regain independence, to reestablish the principles of ""Liberty, Equality and Fraternity, "" and to restore the historic culture of France. Our policy has been consistent from the very beginning. However, we are now greatly concerned lest those who have recently come to power may seek to force the brave French people into submission to Nazi despotism.",5,2,0.5,0.5,era-distinctive-reference-v1
war-new-deal,"New Deal, world war & settlement",1933,1952,3,mussolini,Mussolini,person,8,4,1409,0,31122,0.0056777856635912,0.0,5.933601282707314,1.4554699279427428,4.076759793377701,8,0,AI + NER,Mussolini,Mussolini,adversarial,/the-presidency/presidential-speeches/december-9-1941-fireside-chat-19-war-japan,3,"December 9, 1941: Fireside Chat 19: On the War with Japan",https://millercenter.org/the-presidency/presidential-speeches/december-9-1941-fireside-chat-19-war-japan,Franklin D. Roosevelt,Franklin D. Roosevelt,False,"The course that Japan has followed for the past ten years in Asia has paralleled the course of Hitler and Mussolini in Europe and in Africa. Today, it has become far more than a parallel. It is actual collaboration so well calculated that all the continents of the world, and all the oceans, are now considered by the Axis strategists as one gigantic battlefield.",5,2,0.5,0.5,era-distinctive-reference-v1
war-new-deal,"New Deal, world war & settlement",1933,1952,4,axis powers,Axis powers,nation,19,8,1409,1,31122,0.0134847409510291,3.21316110789795e-05,5.673184861432376,0.8477617683310181,6.691956482775969,2,17,AI + NER,Axis Powers,Axis Powers,adversarial,/the-presidency/presidential-speeches/december-9-1941-fireside-chat-19-war-japan,5,"December 9, 1941: Fireside Chat 19: On the War with Japan",https://millercenter.org/the-presidency/presidential-speeches/december-9-1941-fireside-chat-19-war-japan,Franklin D. Roosevelt,Franklin D. Roosevelt,False,"And this year, in 1941, the Axis Powers attacked Yugoslavia and Greece and they dominated the Balkans - without warning. In 1941, also, Hitler invaded Russia - without warning. And now Japan has attacked Malaya and Thailand - and the United States - without warning. It is all of one pattern. We are now in this war. We are all in it - all the way. Every single man, woman and child is a partner in the most tremendous undertaking of our American history. We must share together the bad news and the good news, the defeats and the victories - the changing fortunes of war.",5,2,0.5,0.5,era-distinctive-reference-v1
war-new-deal,"New Deal, world war & settlement",1933,1952,5,tokyo,Tokyo,nation,6,6,1409,0,31122,0.0042583392476933995,0.0,5.66391127091554,1.4678524412876703,3.858638042627014,6,0,AI + NER,Tokyo,Tokyo,adversarial,/the-presidency/presidential-speeches/april-16-1945-first-speech-congress,6,"April 16, 1945: First Speech to Congress",https://millercenter.org/the-presidency/presidential-speeches/april-16-1945-first-speech-congress,Harry S. Truman,Harry S. Truman,False,"Gradually, the shackles of slavery are being broken by the forces of freedom. All of us are praying for a speedy victory. Every day peace is delayed costs a terrible toll. The armies of liberation today are bringing to an end Hitler's ghastly threat to dominate the world. Tokyo rocks under the weight of our bombs. The grand strategy of the United Nations' war has been determined - due in no small measure to the vision of our departed Commander in Chief. We are now carrying out our part of that strategy under the able direction of Admiral Leahy, General Marshall, Admiral King, General Arnold, General Eisenhower, Admiral Nimitz and General MacArthur. I want the entire world to know that this direction must and will remain - unchanged and unhampered!",5,2,0.5,0.5,era-distinctive-reference-v1
cold-war,Mature Cold War,1953,1980,1,north vietnam,North Vietnam,nation,96,29,5583,0,26948,0.017195056421278884,0.0,6.854145047682515,1.417949940746683,4.833841344267181,56,40,AI + NER,North Vietnam,North Vietnam,adversarial,/the-presidency/presidential-speeches/april-1-1968-address-national-association-broadcasters,19,"April 1, 1968: Address to the National Association of Broadcasters",https://millercenter.org/the-presidency/presidential-speeches/april-1-1968-address-national-association-broadcasters,Lyndon B. Johnson,Lyndon B. Johnson,False,"I pray that the message of peace that I tried so hard to convey last night will be accepted in good faith by the leaders of North Vietnam. I pray that one time soon, the evening news show will have, not another battle in the scarred hills of Vietnam, but will show men entering a room to talk about peace.",5,2,0.5,0.5,era-distinctive-reference-v1
cold-war,Mature Cold War,1953,1980,2,south vietnam,South Vietnam,nation,59,16,5583,0,26948,0.010567795092244313,0.0,6.363858384719356,1.420219997874313,4.480896195127754,41,18,AI + NER,South Vietnam,South Vietnam,favorable,/the-presidency/presidential-speeches/april-10-1975-address-us-foreign-policy,10,"April 10, 1975: Address on U.S. Foreign Policy",https://millercenter.org/the-presidency/presidential-speeches/april-10-1975-address-us-foreign-policy,Gerald Ford,Gerald Ford,False,"Encouraged by these developments, the North Vietnamese, in recent months, began sending even their reserve divisions into South Vietnam. Some 20 divisions, virtually their entire army, are now in South Vietnam. The Government of South Vietnam, uncertain of further American assistance, hastily ordered a strategic withdrawal to more defensible positions. This extremely difficult maneuver, decided upon without consultations, was poorly executed, hampered by floods of refugees, and thus led to panic. The results are painfully obvious and profoundly moving.",5,2,0.5,0.5,era-distinctive-reference-v1
cold-war,Mature Cold War,1953,1980,3,south viet-nam,South Viet-Nam,nation,33,15,5583,0,26948,0.005910800644814616,0.0,5.78473224277932,1.4248045543282812,4.060018074202823,28,5,AI + NER,South Viet-Nam,South Viet-Nam,neutral,/the-presidency/presidential-speeches/april-20-1961-address-american-association-newspaper-editors,12,"April 20, 1961: Address to the American Association of Newspaper Editors",https://millercenter.org/the-presidency/presidential-speeches/april-20-1961-address-american-association-newspaper-editors,John F. Kennedy,John F. Kennedy,False,"We dare not fail to see the insidious nature of this new and deeper struggle. We dare not fail to grasp the new concepts, the new tools, the new sense of urgency we will need to combat it--whether in Cuba or South Viet-Nam. And we dare not fail to realize that this struggle is taking place every day, without fanfare, in thousands of villages and markets--day and night--and in classrooms all over the globe.",5,2,0.5,0.5,era-distinctive-reference-v1
cold-war,Mature Cold War,1953,1980,4,north viet-nam,North Viet-Nam,nation,25,9,5583,0,26948,0.004477879276374709,0.0,5.510424982211712,1.4280870767365017,3.8586057334852897,19,6,AI + NER,North Viet-Nam,North Viet-Nam,adversarial,/the-presidency/presidential-speeches/april-20-1961-address-american-association-newspaper-editors,11,"April 20, 1961: Address to the American Association of Newspaper Editors",https://millercenter.org/the-presidency/presidential-speeches/april-20-1961-address-american-association-newspaper-editors,John F. Kennedy,John F. Kennedy,False,"Power is the hallmark of this offensive-power and discipline and deceit. The legitimate discontent of yearning people is exploited. The legitimate trappings of self-determination are employed. But once in power, all talk of discontent is repressed, all self-determination disappears, and the promise of a revolution of hope is betrayed, as in Cuba, into a reign of terror. Those who on instruction staged automatic ""riots"" in the streets of free nations over the efforts of a small group of young Cubans to regain their freedom should recall the long roll call of refugees who cannot now go back--to Hungary, to North Korea, to North Viet-Nam, to East Germany, or to Poland, or to any of the other lands from which a steady stream of refugees pours forth, in eloquent testimony to the cruel oppression now holding sway in their homeland.",5,2,0.5,0.5,era-distinctive-reference-v1
cold-war,Mature Cold War,1953,1980,5,communist china,Communist China,nation,24,18,5583,0,26948,0.004298764105319721,0.0,5.470239759128379,1.4286473695905675,3.8289642885746407,0,24,AI only,Communist China,,adversarial,/the-presidency/presidential-speeches/april-7-1965-address-johns-hopkins-university,6,"April 7, 1965: Address at Johns Hopkins University",https://millercenter.org/the-presidency/presidential-speeches/april-7-1965-address-johns-hopkins-university,Lyndon B. Johnson,Lyndon B. Johnson,False,"The confused nature of this conflict cannot mask the fact that it is the new face of an old enemy. Over this war--and all Asia--is another reality: the deepening shadow of Communist China. The rulers in Hanoi are urged on by Peking. This is a regime which has destroyed freedom in Tibet, which has attacked India, and has been condemned by the United Nations for aggression in Korea. It is a nation which is helping the forces of violence in almost every continent. The contest in Viet-Nam is part of a wider pattern of aggressive purposes.",5,2,0.5,0.5,era-distinctive-reference-v1
post-cold-war,Conservative turn & always-on presidency,1981,2016,1,saddam hussein,Saddam Hussein,person,73,23,6144,0,26387,0.011881510416666666,0.0,6.459717308441438,1.4190870455518,4.55202330871087,52,21,AI + NER,Saddam Hussein,Saddam Hussein,adversarial,/the-presidency/presidential-speeches/august-20-1992-republican-national-convention,7,"August 20, 1992: Republican National Convention",https://millercenter.org/the-presidency/presidential-speeches/august-20-1992-republican-national-convention,George H. W. Bush,George H. W. Bush,False,"Now, the Soviet bear may be gone, but there are still wolves in the woods. We saw that when Saddam Hussein invaded Kuwait. The Mideast might have become a nuclear powder keg, our energy supplies held hostage. So we did what was right and what was necessary. We destroyed a threat, freed a people, and locked a tyrant in the prison of his own country.",5,2,0.5,0.5,era-distinctive-reference-v1
post-cold-war,Conservative turn & always-on presidency,1981,2016,2,gorbachev,Gorbachev,person,59,17,6144,0,26387,0.009602864583333334,0.0,6.2461050139534935,1.4202144008759388,4.3980014637938565,49,10,AI + NER,Gorbachev,Gorbachev,neutral,/the-presidency/presidential-speeches/december-10-1987-address-nation-soviet-us-summit-meeting,0,"December 10, 1987: Address to the Nation on the Soviet-U.S. Summit Meeting",https://millercenter.org/the-presidency/presidential-speeches/december-10-1987-address-nation-soviet-us-summit-meeting,Ronald Reagan,Ronald Reagan,False,"Good evening. As I am speaking to you now, General Secretary Gorbachev is leaving on his return trip to the Soviet Union. His departure marks the end of three historic days here in Washington in which Mr. Gorbachev and I continued to build a foundation for better relations between our governments and our peoples. During these three days we took a step - only a first step, but still a critical one - toward building a more durable peace, indeed, a step that may be the most important taken since World War II to slow down the arms buildup.",5,2,0.5,0.5,era-distinctive-reference-v1
post-cold-war,Conservative turn & always-on presidency,1981,2016,3,somalia,Somalia,nation,17,8,6144,0,26387,0.0027669270833333335,0.0,5.0154516382437215,1.4343444330315764,3.49668567935475,17,0,AI + NER,Somalia,Somalia,neutral,/the-presidency/presidential-speeches/december-10-2009-acceptance-nobel-peace-prize,15,"December 10, 2009: Acceptance of Nobel Peace Prize",https://millercenter.org/the-presidency/presidential-speeches/december-10-2009-acceptance-nobel-peace-prize,Barack Obama,Barack Obama,False,"America alone cannot secure the peace. This is true in Afghanistan. This is true in failed states like Somalia, where terrorism and piracy is joined by famine and human suffering. And sadly, it will continue to be true in unstable regions for years to come. The leaders and soldiers of NATO countries, and other friends and allies, demonstrate this truth through the capacity and courage they've shown in Afghanistan. But in many countries, there is a disconnect between the efforts of those who serve and the ambivalence of the broader public. I understand why war is not popular, but I also know this: The belief that peace is desirable is rarely enough to achieve it. Peace requires responsibility. Peace entails sacrifice.",5,2,0.5,0.5,era-distinctive-reference-v1
post-cold-war,Conservative turn & always-on presidency,1981,2016,4,bosnia,Bosnia,nation,16,6,6144,0,26387,0.0026041666666666665,0.0,4.956447952841836,1.435551158754856,3.4526445975919633,15,1,AI + NER,Bosnia,Bosnia,neutral,/the-presidency/presidential-speeches/august-29-1996-remarks-democratic-national-convention,39,"August 29, 1996: Remarks at the Democratic National Convention",https://millercenter.org/the-presidency/presidential-speeches/august-29-1996-remarks-democratic-national-convention,Bill Clinton,Bill Clinton,False,"My fellow Americans, I want to build a bridge to the 21st century that makes sure we are still the nation with the world's strongest defense, that our foreign policy still advances the values of our American community in the community of nations. Our bridge to the future must include bridges to other nations, because we remain the world's indispensable nation to advance prosperity, peace, and freedom and to keep our own children safe from the dangers of terror and weapons of mass destruction. We have helped to bring democracy to Haiti and peace to Bosnia. Now the peace signed on the White House lawn between the Israelis and the Palestinians must embrace more of Israel's neighbors. The deep desire for peace that Hillary and I felt when we walked the streets of Belfast and Derry must become real for all the people of Northern Ireland.",5,2,0.5,0.5,era-distinctive-reference-v1
post-cold-war,Conservative turn & always-on presidency,1981,2016,5,michelle,Michelle,person,12,11,6144,0,26387,0.001953125,0.0,4.678163740892132,1.4422901796675052,3.2435662440484765,11,1,AI + NER,Michelle,Michelle,favorable,/the-presidency/presidential-speeches/april-8-2013-speech-gun-violence,23,"April 8, 2013: Speech on Gun Violence",https://millercenter.org/the-presidency/presidential-speeches/april-8-2013-speech-gun-violence,Barack Obama,Barack Obama,False,"I was in Colorado. I told a story about Michelle. She came back from a trip to rural Iowa; we were out there campaigning. Sometimes it would be miles between farms, let alone towns. And she said, you know, coming back, I can understand why somebody would want a gun for protection. If somebody drove up into the driveway and, Barack, you weren't home, the sheriff lived miles away, I might want that security. So she can understand what it might be like in terms of somebody wanting that kind of security.",5,2,0.5,0.5,era-distinctive-reference-v1
present,Platform-era intensification,2017,2026,1,biden,Biden,person,43,8,3411,0,29120,0.012606273819994136,0.0,6.622882970746754,1.4224344321827254,4.656019863484281,38,5,AI + NER,Biden,Biden,adversarial,/the-presidency/presidential-speeches/june-20-2020-campaign-rally-tulsa-oklahoma,7,"June 20, 2020: Campaign Rally in Tulsa, Oklahoma",https://millercenter.org/the-presidency/presidential-speeches/june-20-2020-campaign-rally-tulsa-oklahoma,Donald Trump,Donald Trump,False,"Do you ever notice that Biden, no, do you ever notice that Biden oftentimes gets the state wrong? He's in Iowa and he says it's good to be in Idaho. No, no, you're in Iowa. He's in New Hampshire and he says it's great to be in Ohio. No, no, no, you're in New Hampshire. That happens to him all the time, hasn't happened to me yet. When that happens, there's nothing you can do to make up for it. You might as well just walk off the stage because the speech is a disaster. Right, right. But we just turned the United States into the dominant energy superpower of the world, of the world. And because of the Chinese virus, what happened about three months ago, it looked like we were in big trouble and we were, and I got it back together. I called Russia. Right, I called Russia.",5,2,0.5,0.5,era-distinctive-reference-v1
present,Platform-era intensification,2017,2026,2,donald trump,Donald Trump,person,36,5,3411,0,29120,0.010554089709762533,0.0,6.44535837315935,1.4239830942643716,4.526288548733801,11,25,AI + NER,Donald Trump,Donald Trump,adversarial,/the-presidency/presidential-speeches/january-5-2024-speech-third-anniversary-january-6th-attack,8,"January 5, 2024: Speech on the Third Anniversary of the January 6th Attack",https://millercenter.org/the-presidency/presidential-speeches/january-5-2024-speech-third-anniversary-january-6th-attack,Joe Biden,Joe Biden,False,"He promised it would be ""wild,"" and it was. He told the crowd to ""fight like hell,"" and all hell was unleashed. He promised he would right them - right them. Everything they did, he would be side by side with them. Then, as usual, he left the dirty work to others. He retreated to the White House. As America was attacked from within, Donald Trump watched on TV in the private small dining room off my Oval - off the Oval Office.",5,2,0.5,0.5,era-distinctive-reference-v1
present,Platform-era intensification,2017,2026,3,isis,ISIS,group,29,21,3411,0,29120,0.008501905599530929,0.0,6.230364756353661,1.4262637499685975,4.368311791203301,28,1,AI + NER,ISIS,ISIS,adversarial,/the-presidency/presidential-speeches/february-28-2017-address-joint-session-congress,17,"February 28, 2017: Address to Joint Session of Congress",https://millercenter.org/the-presidency/presidential-speeches/february-28-2017-address-joint-session-congress,Donald Trump,Donald Trump,False,"That is why my Administration has been working on improved vetting procedures, and we will shortly take new steps to keep our Nation safe -- and to keep out those who would do us harm. As promised, I directed the Department of Defense to develop a plan to demolish and destroy ISIS -- a network of lawless savages that have slaughtered Muslims and Christians, and men, women, and children of all faiths and beliefs. We will work with our allies, including our friends and allies in the Muslim world, to extinguish this vile enemy from our planet.",5,2,0.5,0.5,era-distinctive-reference-v1
present,Platform-era intensification,2017,2026,4,ms-13,MS-13,group,17,10,3411,0,29120,0.004983875696276752,0.0,5.7046339802405965,1.434388995847731,3.9770480648933937,12,5,AI + NER,MS-13,MS-13,adversarial,/the-presidency/presidential-speeches/february-15-2019-speech-declaring-national-emergency,41,"February 15, 2019: Speech Declaring a National Emergency",https://millercenter.org/the-presidency/presidential-speeches/february-15-2019-speech-declaring-national-emergency,Donald Trump,Donald Trump,False,"The probably easiest one to win is on declaring a national emergency, because we're declaring it for virtual invasion purposes: drugs, traffickers, and gangs. And one of the things, just to finish: We have removed thousands of MS-13 gang monsters. Thousands. They're out of this country. We take them out by the thousands. And they are monsters. Okay. Do you have any questions? Yeah. John, go ahead.",5,2,0.5,0.5,era-distinctive-reference-v1
present,Platform-era intensification,2017,2026,5,vladimir putin,Vladimir Putin,person,17,5,3411,0,29120,0.004983875696276752,0.0,5.7046339802405965,1.434388995847731,3.9770480648933937,3,14,AI + NER,Vladimir Putin,Vladimir Putin,adversarial,/the-presidency/presidential-speeches/february-21-2023-remarks-one-year-anniversary-ukraine-war,0,"February 21, 2023: Remarks on the One-Year Anniversary of the Ukraine War",https://millercenter.org/the-presidency/presidential-speeches/february-21-2023-remarks-one-year-anniversary-ukraine-war,Joe Biden,Joe Biden,False,"THE PRESIDENT: Hello, Poland! One of our great allies. President Duda, Prime Minister - Mr. Prime Minister, Mr. Mayor, and to all the former ministers and presidents, as well as mayors and Polish political leaders from all across the country: Thank you for welcoming me back to Poland. You know, it was nearly one year ago, nearly one year ago I spoke at the Royal Castle here in Warsaw, just weeks after Vladimir Putin had unleashed his murderous assault on Ukraine. The largest land war in Europe since World War Two had begun. And the principles that had been the cornerstone of peace, prosperity, and stability on this planet for more than 75 years were at risk of being shattered.",5,2,0.5,0.5,era-distinctive-reference-v1
