cycle_start,cycle_end,grid_offset,is_complete_cycle,n_paragraphs,n_speeches,combat_enemy_naming,combat_party_attack,combat_zero_sum,genre__campaign_or_debate,genre__eulogy_or_commemoration,genre__inaugural_address,genre__other,genre__press_conference_or_interview,genre__proclamation,genre__public_remarks_or_address,genre__special_message_to_congress,genre__state_of_the_union_or_annual_message,genre__veto_or_signing_statement,marker_america,marker_assertive_modals,marker_boosters,marker_concessives,marker_doom,marker_future,marker_god_bless,marker_hedges,marker_hype,marker_mechanism,marker_need_to,marker_nostalgia,marker_nrc_fear,marker_nrc_hope,marker_opponents,marker_religiosity,marker_superlatives,marker_united_states,marker_us_them,register_neither_share,register_proposal_share,register_values_share,stat_fk_grade,stat_modal_can_per_1k,stat_modal_could_per_1k,stat_modal_may_per_1k,stat_modal_must_per_1k,stat_modal_shall_per_1k,stat_modal_should_per_1k,stat_modal_will_per_1k,stat_modal_would_per_1k,stat_self_reference,stat_words_per_sentence,"topic__Agriculture, Land & Environment",topic__Ceremonial & Commemorative Address,topic__Civil Rights & Immigration,topic__Constitutional Order & Governance,"topic__Economy, Labor & Social Welfare",topic__Faith & National Values,topic__Foreign Relations & Diplomacy,topic__Indian & Tribal Affairs,topic__Infrastructure & Internal Improvements,"topic__Law, Crime & Justice","topic__Money, Banking & Currency",topic__Partisan & Media Combat,topic__Personal Narrative & Reflection,topic__Procedural & Administrative,topic__Public Finance & Taxation,"topic__Trade, Commerce & Tariffs",topic__War & Military Affairs
1789,1792,0,True,93,9,0.13978494623655913,0.0,0.03225806451612903,0.0,0.0,0.11827956989247312,0.0,0.0,0.043010752688172046,0.15053763440860216,0.0,0.6774193548387096,0.010752688172043012,0.286286859433152,10.783471705315392,0.38171581257753606,2.099436969176448,0.19085790628876803,1.049718484588224,0.0,5.439450329229889,0.19085790628876803,4.485160797786048,0.0,0.47714476572192005,20.517224926042562,76.53402042179597,0.0,2.099436969176448,0.6680026720106881,5.248592422941121,6.393739860673728,0.27956989247311825,0.27956989247311825,0.23655913978494625,20.180869681801433,2.7658559847401047,0.7629947544110633,4.387219837863615,1.0491177873152122,2.0982355746304244,2.0028612303290414,9.537434430138292,1.239866475917978,0.6652360515021459,41.51502601119744,0.043010752688172046,0.0,0.0,0.13978494623655913,0.0,0.15053763440860216,0.0967741935483871,0.3548387096774194,0.010752688172043012,0.06451612903225806,0.07526881720430108,0.0,0.06451612903225806,0.11827956989247312,0.13978494623655913,0.03225806451612903,0.0967741935483871
1793,1796,0,True,160,12,0.24375,0.0375,0.05,0.0,0.0,0.00625,0.3,0.0,0.09375,0.075,0.0625,0.4625,0.0,0.4756242568370987,8.03804994054697,1.1414982164090368,2.0927467300832343,0.2853745541022592,0.6183115338882283,0.0,5.422116527942925,0.4280618311533888,2.758620689655172,0.04756242568370987,0.380499405469679,31.58145065398335,72.48513674197383,0.0,0.713436385255648,0.9036860879904876,4.5184304399524375,7.51486325802616,0.2,0.15625,0.4375,26.65999858284734,3.0458785455929944,0.618694079573577,4.235674852465258,1.332571863696935,2.569960022844089,1.9988577955454028,6.329716352560442,1.76089853417095,0.6124497991967871,57.57622875118836,0.0125,0.0,0.0,0.2875,0.0,0.10625,0.25,0.15,0.00625,0.1875,0.01875,0.0,0.08125,0.01875,0.0625,0.0375,0.13125
1797,1800,0,True,116,9,0.1724137931034483,0.0,0.04310344827586207,0.0,0.10344827586206896,0.09482758620689655,0.0,0.0,0.04310344827586207,0.0,0.2413793103448276,0.5172413793103449,0.0,1.9090475216472353,6.0680439080929975,0.8181632235631009,2.386309402059044,0.40908161178155045,0.6136224176723256,0.0,4.431717460966796,0.20454080589077522,2.9999318197313696,0.0681802686302584,0.8863434921933593,28.840253630599307,87.06620304083998,0.0,2.045408058907752,0.47726188041180884,5.999863639462739,5.590782027681189,0.29310344827586204,0.1810344827586207,0.3275862068965517,21.90995137301712,3.144439127759929,0.47850160639825007,3.34951124478775,0.8202884681112859,1.5722195638799645,1.5722195638799645,5.05844555335293,1.367147446852143,0.4015544041450777,44.97904384439538,0.0,0.11206896551724138,0.0,0.1206896551724138,0.0,0.1810344827586207,0.49137931034482757,0.02586206896551724,0.0,0.017241379310344827,0.0,0.0,0.08620689655172414,0.0603448275862069,0.06896551724137931,0.017241379310344827,0.1724137931034483
1801,1804,0,True,142,11,0.09859154929577464,0.028169014084507043,0.035211267605633804,0.0,0.0,0.09154929577464789,0.13380281690140844,0.0,0.0,0.06338028169014084,0.20422535211267606,0.5070422535211268,0.0,0.32280626244149135,10.43740248560822,0.9146177435842255,1.6678323559477053,0.053801043740248564,0.5918114811427342,0.0,6.025716898907839,0.4842093936622371,2.205842793350191,0.0,0.4842093936622371,23.780061333189863,70.26416312476462,0.10760208748049713,1.1298219185452198,1.1836229622854684,0.860816699843977,11.836229622854683,0.2535211267605634,0.28169014084507044,0.2605633802816901,17.911614170037325,2.31818426869373,0.5930238826890937,4.798102323575395,0.6469351447517386,3.2885869858213383,2.5877405790069545,9.164914550649632,1.7251603860046363,0.23679417122040072,37.44303601134381,0.09154929577464789,0.0,0.007042253521126761,0.176056338028169,0.0,0.1056338028169014,0.176056338028169,0.2605633802816901,0.028169014084507043,0.0,0.007042253521126761,0.0,0.04929577464788732,0.07746478873239436,0.11971830985915492,0.04225352112676056,0.176056338028169
1805,1808,0,True,168,12,0.2619047619047619,0.0,0.02976190476190476,0.0,0.0,0.09523809523809523,0.0,0.0,0.07142857142857142,0.10714285714285714,0.22023809523809523,0.5059523809523809,0.0,0.14146272457207526,7.356061677747913,0.8959305889564767,2.027632385533079,0.4243881737162258,0.47154241524025087,0.0,4.621115669354459,0.09430848304805017,2.3105578346772293,0.0,0.47154241524025087,25.981987079737824,67.05333144716367,0.3300796906681756,0.2829254491441505,0.8487763474324516,2.5934832838213797,11.081246758145895,0.4166666666666667,0.19642857142857142,0.19047619047619047,19.36953231980977,1.6056670602125147,1.1334120425029515,3.3530106257378987,0.7083825265643447,3.1641086186540734,1.79456906729634,6.422668240850059,2.5974025974025974,0.31438127090301005,41.13097773402014,0.005952380952380952,0.0,0.005952380952380952,0.07738095238095238,0.0,0.047619047619047616,0.31547619047619047,0.16666666666666666,0.03571428571428571,0.13690476190476192,0.005952380952380952,0.017857142857142856,0.041666666666666664,0.02976190476190476,0.07738095238095238,0.017857142857142856,0.26785714285714285
1809,1812,0,True,130,11,0.45384615384615384,0.007692307692307693,0.06923076923076923,0.0,0.0,0.05384615384615385,0.0,0.0,0.06923076923076923,0.023076923076923078,0.15384615384615385,0.676923076923077,0.023076923076923078,1.591444394932841,5.283595391177032,0.3182888789865682,1.7187599465274683,0.3182888789865682,0.19097332739194095,0.0,3.7558087720415045,0.06365777579731365,3.4375198930549367,0.06365777579731365,0.4456044305811955,31.828887898656824,74.86154433764085,0.06365777579731365,1.2094977401489593,0.7638933095677638,5.983830924947482,6.620408682920619,0.49230769230769234,0.19230769230769232,0.19230769230769232,23.249830983981788,1.976032636409995,1.211116777154513,2.485976542580316,0.4462009178990311,0.25497195308516063,1.5935747067822539,4.716981132075471,3.1871494135645078,0.34627831715210355,48.341647458241184,0.007692307692307693,0.0,0.015384615384615385,0.06153846153846154,0.0,0.1,0.5153846153846153,0.05384615384615385,0.0,0.0,0.0,0.0,0.038461538461538464,0.03076923076923077,0.05384615384615385,0.07692307692307693,0.3
1813,1816,0,True,141,10,0.3829787234042553,0.0,0.24822695035460993,0.0,0.0,0.06382978723404255,0.0,0.0,0.06382978723404255,0.0,0.1347517730496454,0.6595744680851063,0.07801418439716312,2.3451657605798957,6.875599616245602,0.5862914401449739,1.812173542266283,0.47969299648225133,0.799488327470419,0.0,3.78424475002665,0.4263937746508901,2.611661869736702,0.0,0.5329922183136127,33.098816757275344,76.16458799701525,0.053299221831361265,1.439078989446754,1.4923782112781154,3.9441424155207336,6.609103507088796,0.4326241134751773,0.14184397163120568,0.2978723404255319,26.24777949485666,2.295291982491726,0.8006832497064162,2.562186399060532,0.640546599765133,0.5871677164513719,0.640546599765133,5.871677164513718,1.4946087327853101,0.27697841726618705,56.45547257511292,0.014184397163120567,0.0,0.0070921985815602835,0.05673758865248227,0.0070921985815602835,0.1276595744680851,0.18439716312056736,0.06382978723404255,0.02127659574468085,0.0070921985815602835,0.10638297872340426,0.0,0.028368794326241134,0.03546099290780142,0.15602836879432624,0.06382978723404255,0.5886524822695035
1817,1820,0,True,171,6,0.14619883040935672,0.0,0.023391812865497075,0.0,0.0,0.13450292397660818,0.0,0.0,0.0,0.0,0.0,0.8304093567251462,0.03508771929824561,0.28429282160625446,6.775645581615731,0.9950248756218905,1.4214641080312722,0.14214641080312723,0.5212035062781332,0.0,4.45392087183132,0.4738213693437574,4.12224591329069,0.2369106846718787,0.2369106846718787,24.543946932006634,68.60933428097607,0.0,1.0424070125562663,1.089789149490642,4.975124378109452,6.633499170812604,0.47368421052631576,0.17543859649122806,0.2807017543859649,18.206049674904765,1.6606566710950843,0.521920668058455,3.0840766748908712,0.6642626684380337,0.9489466691971912,2.3723666729929778,6.120706016321883,2.4672613399126972,0.2422062350119904,36.949372837288834,0.07017543859649122,0.005847953216374269,0.011695906432748537,0.1286549707602339,0.005847953216374269,0.06432748538011696,0.4327485380116959,0.10526315789473684,0.06432748538011696,0.011695906432748537,0.029239766081871343,0.0,0.017543859649122806,0.04093567251461988,0.13450292397660818,0.09941520467836257,0.17543859649122806
1821,1824,0,True,247,6,0.13360323886639677,0.0,0.012145748987854251,0.0,0.0,0.12550607287449392,0.0,0.0,0.0,0.020242914979757085,0.0,0.854251012145749,0.0,0.4981237339355095,5.778235313651911,1.095872214658121,1.8264536910968685,0.2988742403613058,0.43170723607744166,0.0,4.615946601135722,0.39849898714840765,4.914820841497027,0.16604124464516987,0.13283299571613588,23.312190748181848,64.82250190947433,0.03320824892903397,0.7637897253677813,0.7969979742968153,3.752532128980839,6.9737322750971344,0.4251012145748988,0.1902834008097166,0.3319838056680162,17.26975557374239,1.297750565686144,0.8984426993211767,3.0613603087980836,0.49913483295620925,0.9982696659124185,3.1279116198589114,5.290829229335818,3.0946359643284973,0.22761194029850745,34.92752515316241,0.008097165991902834,0.016194331983805668,0.0,0.10526315789473684,0.0,0.06882591093117409,0.38866396761133604,0.05668016194331984,0.08097165991902834,0.012145748987854251,0.004048582995951417,0.0,0.020242914979757085,0.032388663967611336,0.11336032388663968,0.1214574898785425,0.22267206477732793
1825,1828,0,True,271,7,0.11439114391143912,0.01107011070110701,0.025830258302583026,0.0,0.0,0.07749077490774908,0.0,0.0,0.0,0.0,0.07380073800738007,0.8487084870848709,0.0,0.8884200005552626,5.3860462533662785,0.6385518753990949,1.5547350009717094,0.08328937505205586,0.6385518753990949,0.0,3.914600627446626,0.11105250006940783,5.0806518781754075,0.0,0.5830256253643911,20.072739387545464,71.43452066964657,0.027763125017351956,0.8884200005552626,0.24986812515616758,3.886837502429273,6.607623754129765,0.5350553505535055,0.15129151291512916,0.23247232472324722,20.52844890387746,1.1952080495872364,0.3335464324429497,2.9185312838758093,0.47252411262751204,0.9728437612919365,1.4175723378825362,4.753036662312033,1.584345554104011,0.19622641509433963,42.00632713455814,0.04428044280442804,0.014760147601476014,0.0,0.11808118081180811,0.0036900369003690036,0.04428044280442804,0.2693726937269373,0.07380073800738007,0.12546125461254612,0.02214022140221402,0.0,0.0,0.01107011070110701,0.06642066420664207,0.11439114391143912,0.1881918819188192,0.16605166051660517
1829,1832,0,True,517,14,0.16827852998065765,0.029013539651837523,0.05609284332688588,0.0,0.0,0.017408123791102514,0.0,0.0,0.12959381044487428,0.0,0.05609284332688588,0.6092843326885881,0.18762088974854932,0.6591107735954492,7.006634093221189,0.9600091702368501,1.9773323207863476,0.2865699015632388,0.4441833474230202,0.0,5.4018426444670515,0.4298548523448582,5.559456090326833,0.042985485234485823,0.472840337579344,26.536372884755913,68.79110487025547,0.02865699015632388,0.6591107735954492,0.9026951899242023,2.837042025476064,8.095599719161497,0.3230174081237911,0.19922630560928434,0.37524177949709864,19.391430733486818,2.6670872825821994,0.7456373048079267,4.072326818566369,1.3478828202297137,1.735040651572291,2.2655902723010084,5.405870459857468,2.7387831772752693,0.41439040639573615,39.82771652703017,0.02127659574468085,0.0038684719535783366,0.0,0.3713733075435203,0.0019342359767891683,0.04061895551257253,0.172147001934236,0.12379110251450677,0.11798839458413926,0.02321083172147002,0.11605415860735009,0.005802707930367505,0.009671179883945842,0.030947775628626693,0.07930367504835589,0.13152804642166344,0.05222437137330754
1833,1836,0,True,574,11,0.367595818815331,0.003484320557491289,0.06620209059233449,0.0,0.0,0.0156794425087108,0.0,0.0,0.0,0.0,0.3780487804878049,0.6062717770034843,0.0,0.7173149767816468,5.524583768546368,1.0319268087034217,2.240036243283037,0.2894428853680329,0.4027031448598719,0.0,4.366812227074235,0.3901186715830009,5.222556409901463,0.05033789310748399,0.4278720914136139,26.6413299271359,70.87575349533745,0.08809131293809698,0.5285478776285819,0.6921460302279049,3.901186715830009,5.0715427305790115,0.49477351916376305,0.13240418118466898,0.2857142857142857,21.76815561918866,2.381072364442653,0.8818786534972788,3.0361822213263454,1.0204595847611369,2.053517436000806,2.116508768393469,4.2078210038298725,3.023583954847813,0.47381546134663344,45.79593781588437,0.020905923344947737,0.0,0.0,0.343205574912892,0.003484320557491289,0.02613240418118467,0.24041811846689895,0.02613240418118467,0.04006968641114982,0.0156794425087108,0.25609756097560976,0.0,0.0156794425087108,0.04529616724738676,0.08362369337979095,0.07142857142857142,0.05574912891986063
1837,1840,0,True,517,10,0.16827852998065765,0.013539651837524178,0.06963249516441006,0.0,0.0,0.05222437137330754,0.11411992263056092,0.0,0.007736943907156673,0.0,0.18568665377176016,0.6402321083172147,0.0,0.4021410544415786,5.851845688770558,1.1509554316776216,1.7749674127076573,0.3050725240591286,0.5269434506475857,0.0,3.8966081482097787,0.4160079873533572,2.1355076684139003,0.0,0.5962781152064786,29.800038827412152,69.01572510192196,0.09706853038245,0.5685442493829215,0.8320159747067144,2.5237817899437003,8.55589760656738,0.3849129593810445,0.17794970986460348,0.37524177949709864,20.954064137708357,2.7346298532739213,0.7079498604922334,2.4153583475617375,1.0133399963908438,0.6940684906786602,1.7490525965102237,4.636377517733449,2.387595607934591,0.425513698630137,43.114097969595974,0.061895551257253385,0.0038684719535783366,0.007736943907156673,0.1702127659574468,0.009671179883945842,0.04061895551257253,0.16247582205029013,0.0735009671179884,0.013539651837524178,0.03868471953578337,0.3597678916827853,0.0,0.019342359767891684,0.058027079303675046,0.14313346228239845,0.048355899419729204,0.06382978723404255
1841,1844,0,True,595,19,0.10756302521008404,0.01680672268907563,0.031932773109243695,0.0,0.0,0.11764705882352941,0.0,0.0,0.0,0.0,0.3142857142857143,0.44537815126050423,0.1226890756302521,1.0685823902771878,5.07254773215918,0.70809676464151,2.0599178607753013,0.12874486629845633,0.3218621657461409,0.0,4.5704427535952,0.5536029250833623,4.106961234920758,0.10299589303876508,0.48923049193413415,26.830430136598306,63.54846600491805,0.09012140640891944,0.47635600530428845,0.8368416309399662,3.4246134435389393,4.261455074478905,0.37478991596638656,0.20168067226890757,0.3042016806722689,19.18402851305229,2.5821444709831516,1.0328577883932608,3.2664127557936866,0.6971790071654509,1.4072687366858174,2.5434123039184042,3.9377703182493065,3.3438770899231813,0.6007130124777184,39.34881555637649,0.05378151260504202,0.0033613445378151263,0.0067226890756302525,0.2235294117647059,0.0016806722689075631,0.03697478991596639,0.346218487394958,0.03361344537815126,0.031932773109243695,0.013445378151260505,0.16470588235294117,0.010084033613445379,0.023529411764705882,0.03529411764705882,0.12436974789915967,0.0773109243697479,0.06218487394957983
1845,1848,0,True,678,24,0.29793510324483774,0.032448377581120944,0.11651917404129794,0.0,0.0,0.048672566371681415,0.0,0.0,0.0058997050147492625,0.0,0.19174041297935104,0.724188790560472,0.029498525073746312,1.0424970871404917,4.732119130843605,0.6745569387379653,0.9505120500398602,0.16352895484556737,0.2248523129126551,0.0,4.415281780830318,0.1737495145234153,5.171603196991067,0.0511027983892398,0.6541158193822695,29.220580118967316,64.29754093334151,0.030661679033543873,0.5927924613151817,0.3577195887246785,4.1188855501727275,7.041965618037244,0.3805309734513274,0.19616519174041297,0.2743362831858407,18.438083176050853,1.7635780126936604,0.7895087614965804,3.1375283249084887,1.0971095776640793,1.5277507202985778,3.158035045986322,3.4246224199981543,3.291328732992238,0.291368884002199,37.02062382173937,0.06342182890855458,0.0029498525073746312,0.030973451327433628,0.2079646017699115,0.007374631268436578,0.030973451327433628,0.3112094395280236,0.058997050147492625,0.03982300884955752,0.0058997050147492625,0.0752212389380531,0.0,0.01327433628318584,0.03392330383480826,0.09882005899705015,0.11504424778761062,0.27876106194690264
1849,1852,0,True,485,14,0.09690721649484536,0.008247422680412371,0.05979381443298969,0.0,0.1731958762886598,0.018556701030927835,0.0,0.0,0.012371134020618556,0.0,0.24329896907216494,0.5525773195876289,0.0,1.2568321982872008,4.720427907520532,0.7014877385789028,1.9290912810919825,0.18998626253178616,0.277672229854149,0.0,4.01894016894163,0.4530441644988747,6.0357174173559756,0.014614327887060474,0.833016689562447,25.984274983193522,64.60994358869436,0.11691462309648379,0.5699587875953585,0.833016689562447,4.281998070908719,4.968871481600561,0.41030927835051545,0.1979381443298969,0.29896907216494845,18.64656893130361,1.687602723644048,0.8951631838459732,2.832237614463489,0.9685372153087579,2.7295139704155904,2.553416294904907,3.6246771542615637,1.7756515613993895,0.4948805460750853,37.52093429806086,0.05360824742268041,0.04536082474226804,0.12577319587628866,0.26804123711340205,0.0,0.05154639175257732,0.33814432989690724,0.03505154639175258,0.07628865979381444,0.07010309278350516,0.012371134020618556,0.0,0.0288659793814433,0.06804123711340206,0.0577319587628866,0.0577319587628866,0.15876288659793814
1853,1856,0,True,748,16,0.22058823529411764,0.0481283422459893,0.10026737967914438,0.3689839572192513,0.0,0.029411764705882353,0.0,0.0,0.008021390374331552,0.0,0.0855614973262032,0.4425133689839572,0.06550802139037433,1.1602490391687645,3.7604500108773347,1.1913271384322135,1.460670665382105,0.19682796200184396,0.5283276874786338,0.0,3.1181692927660545,0.22790606126529303,5.179683210574842,0.06215619852689809,0.7976712144285255,29.648506697330394,58.7168888750764,0.13467176347494586,1.1498896727476149,0.4143746568459873,3.366794086873647,7.955993411442956,0.5294117647058824,0.10160427807486631,0.2994652406417112,17.910719655862756,1.7428470651700314,1.1515239537730564,1.939954768969023,0.7573085461750731,1.722098885822769,1.5872357200655642,2.8943710189430876,2.344544266240637,0.48535564853556484,36.224202977502976,0.020053475935828877,0.00267379679144385,0.446524064171123,0.21256684491978609,0.0,0.026737967914438502,0.22593582887700533,0.013368983957219251,0.0962566844919786,0.03609625668449198,0.001336898395721925,0.0,0.008021390374331552,0.02807486631016043,0.03342245989304813,0.020053475935828877,0.06951871657754011
1857,1860,0,True,746,13,0.27479892761394104,0.09517426273458444,0.08981233243967829,0.19436997319034852,0.0,0.02546916890080429,0.0,0.0,0.0,0.0,0.14075067024128687,0.6032171581769437,0.036193029490616625,1.124608774070341,4.753063497957668,1.3261895920640816,1.4747228263752585,0.4137711527239934,0.3925521192509681,0.0,4.286244761551111,0.19097130125722772,5.347196435202376,0.03182855020953796,0.8699803723940375,33.00620656729086,62.2248156596467,0.2546284016763037,0.6047424539812212,0.5198663200891199,2.832740968648878,8.551270489629198,0.5214477211796247,0.13002680965147453,0.2949061662198391,15.692681957129327,2.584996383132633,1.1808008169865112,2.670099144717246,0.8191140802519042,2.4360665503595595,2.233947491596102,3.574315986553764,4.276413769626824,0.4033057851239669,30.24824461092177,0.04423592493297587,0.0,0.33109919571045576,0.3096514745308311,0.00804289544235925,0.0160857908847185,0.22386058981233245,0.013404825737265416,0.02546916890080429,0.06166219839142091,0.036193029490616625,0.0013404825737265416,0.00804289544235925,0.04155495978552279,0.058981233243967826,0.05630026809651475,0.05361930294906166
1861,1864,0,True,372,13,0.1935483870967742,0.0,0.06989247311827956,0.0,0.005376344086021506,0.08870967741935484,0.0,0.0,0.01881720430107527,0.03763440860215054,0.20430107526881722,0.6451612903225806,0.0,0.5789851548206304,5.650895111049352,1.2969267467982122,2.0843465573542694,0.3937099052780286,0.4168693114708539,0.0,4.377127770443966,0.4400287176636791,3.0802010236457535,0.11579703096412608,0.8337386229417078,29.92195280113018,61.742976910072024,0.06947821857847565,0.6947821857847565,0.7642604043632322,2.6401723059820745,7.179415919775817,0.30376344086021506,0.17473118279569894,0.34946236559139787,14.964859489889601,3.7108333140060767,1.0668645777767471,2.481619778741564,0.9509010367140571,2.2728854048287217,1.6466822830901964,4.568963517869982,3.525291648305773,0.4968474148802018,29.068341574212194,0.043010752688172046,0.010752688172043012,0.22849462365591397,0.4032258064516129,0.021505376344086023,0.053763440860215055,0.11559139784946236,0.021505376344086023,0.026881720430107527,0.0967741935483871,0.01881720430107527,0.0,0.010752688172043012,0.056451612903225805,0.08870967741935484,0.010752688172043012,0.1424731182795699
1865,1868,0,True,731,32,0.21477428180574556,0.106703146374829,0.03283173734610123,0.0,0.0,0.008207934336525308,0.0,0.0,0.08755129958960328,0.004103967168262654,0.2024623803009576,0.3953488372093023,0.3023255813953488,0.6132009087436417,4.885502322121474,1.095719656607491,2.08086210016285,0.23120690001809444,0.21110195219043407,0.0,4.2421439916363415,0.42220390438086813,6.594422887472606,0.07036731739681136,1.1158246044351514,32.17796899817045,69.71390659241239,0.0,0.7137256478819437,0.5227286435191701,4.694505317758701,5.750015078710871,0.4829001367989056,0.15047879616963064,0.280437756497948,20.36786652330606,2.392586011952835,0.5855273784525925,2.8569697948635113,1.3628654498465516,2.6853497011791307,2.1099176223550313,3.3011629785172025,2.6449685026651593,0.5336676217765043,42.080300247997634,0.015047879616963064,0.0013679890560875513,0.4049247606019152,0.5088919288645691,0.016415868673050615,0.023255813953488372,0.08344733242134063,0.006839945280437756,0.015047879616963064,0.049247606019151846,0.04514363885088919,0.0,0.004103967168262654,0.04240766073871409,0.06976744186046512,0.015047879616963064,0.036935704514363885
1869,1872,0,True,393,19,0.1450381679389313,0.002544529262086514,0.035623409669211195,0.0,0.0,0.022900763358778626,0.0,0.0,0.06361323155216285,0.0,0.22137404580152673,0.6870229007633588,0.005089058524173028,2.447620912473076,4.386136675151753,0.43078128059526144,1.5273154493831995,0.09790483649892304,0.39161934599569215,0.0,3.7203837869590757,0.43078128059526144,5.208537301742706,0.09790483649892304,0.6070099862933229,23.614646563540237,69.62991971803407,0.05874290189935383,0.6070099862933229,0.6265909535931075,6.892500489524183,5.110632465243783,0.37150127226463103,0.30279898218829515,0.17048346055979643,18.817018774442456,1.5914806664570889,0.39295818924866394,2.731059415278214,0.5108456460232631,1.9058472178560202,1.709368123231688,3.772398616787174,1.5128890286073562,0.4803921568627451,37.56551457089081,0.04580152671755725,0.005089058524173028,0.14249363867684478,0.11450381679389313,0.002544529262086514,0.02544529262086514,0.4071246819338422,0.03816793893129771,0.04580152671755725,0.043256997455470736,0.027989821882951654,0.0,0.007633587786259542,0.10432569974554708,0.07633587786259542,0.11704834605597965,0.0737913486005089
1873,1876,0,True,413,12,0.09200968523002422,0.029055690072639227,0.021791767554479417,0.0,0.0,0.029055690072639227,0.0,0.0,0.012106537530266344,0.0,0.12106537530266344,0.7893462469733656,0.048426150121065374,0.9757811127807811,4.3714993852578985,0.6049842899240843,1.4246404246599402,0.17564060030054057,0.35128120060108114,0.0,4.332468140746668,0.09757811127807811,5.03503054194883,0.07806248902246249,0.5464374231572373,26.931558712749556,64.01124099841924,0.17564060030054057,0.40982806736792804,0.5854686676684686,5.03503054194883,4.800843074881443,0.4406779661016949,0.2542372881355932,0.14527845036319612,18.003752728085338,1.838486964345088,0.5476344149113027,2.4056797512175088,0.7627765064836003,0.919243482172544,2.366563007295273,3.5791820688845863,3.227131373584463,0.684931506849315,36.08979916732865,0.0387409200968523,0.012106537530266344,0.17191283292978207,0.13317191283292978,0.012106537530266344,0.026634382566585957,0.24939467312348668,0.03389830508474576,0.06295399515738499,0.07021791767554479,0.14527845036319612,0.004842615012106538,0.01694915254237288,0.1234866828087167,0.09200968523002422,0.06295399515738499,0.09685230024213075
1877,1880,0,True,500,16,0.08,0.042,0.04,0.0,0.0,0.042,0.002,0.0,0.012,0.0,0.01,0.664,0.27,0.9985989805347721,4.6650967299609505,0.4322294094851999,0.8942677437624825,0.10433123677228963,0.37261155990103434,0.0,3.2938861895251437,0.1639490863564551,9.255671147941694,0.08942677437624824,0.6110829582376963,26.23185381703282,71.1091900915134,0.3428026351089516,0.3875160222970757,0.596178495841655,4.6800011923569915,4.173249470891585,0.396,0.258,0.194,18.51061757311295,1.7307233229887802,0.23872045834328,2.282764382907615,0.5371210312723801,1.775483408928145,2.32752446884698,4.02840773454285,1.8351635235139652,0.5166666666666667,36.252937800325725,0.044,0.002,0.102,0.378,0.006,0.014,0.166,0.076,0.048,0.056,0.084,0.002,0.004,0.102,0.072,0.04,0.072
1881,1884,0,True,514,13,0.054474708171206226,0.0019455252918287938,0.013618677042801557,0.0,0.0,0.06420233463035019,0.0,0.0,0.005836575875486381,0.0,0.048638132295719845,0.7957198443579766,0.08560311284046693,1.6752289479562206,5.155982428709701,0.7259325441143623,1.1912739185466457,0.1861365497729134,0.39088675452311816,0.0,5.155982428709701,0.1489092398183307,7.557143920780284,0.03722730995458268,0.48395502940957486,22.65281810736356,65.25947435038344,0.01861365497729134,0.46534137443228357,0.5025686843868662,3.4062988608443154,3.815799270344725,0.34824902723735407,0.3754863813229572,0.1264591439688716,16.920618229465283,1.9459985405010947,0.39294201298579795,3.218382201597964,0.7110379282600153,1.7963063450779335,2.8067286641842712,4.247516045132198,2.395075126770578,0.5266742338251986,32.220811822867745,0.023346303501945526,0.019455252918287938,0.07976653696498054,0.19649805447470817,0.0038910505836575876,0.013618677042801557,0.24708171206225682,0.05642023346303502,0.08754863813229571,0.05058365758754864,0.06420233463035019,0.0,0.011673151750972763,0.0933852140077821,0.10311284046692606,0.09533073929961089,0.08365758754863813
1885,1888,0,True,651,14,0.06605222734254992,0.009216589861751152,0.027649769585253458,0.0,0.0,0.018433179723502304,0.0,0.0,0.10291858678955453,0.0,0.043010752688172046,0.7557603686635944,0.07987711213517665,1.189862372585571,3.7943388992450986,0.7006967305226139,1.031214056240828,0.1983103954309285,0.18508970240219993,0.0,4.071973452848398,0.1983103954309285,5.208953053319054,0.02644138605745713,0.5949311862927855,28.464152090852604,62.36200901651265,0.26441386057457134,0.33051732571821413,0.4230621769193141,2.5780351406020707,4.085194145877127,0.402457757296467,0.3333333333333333,0.18740399385560677,18.40367323128565,1.3513155454280492,0.384197557033465,2.96759492329297,0.8346360721761479,3.788982803847275,3.577011737897777,2.78212024058716,1.4705492700246416,0.3637295081967213,35.60687393781447,0.06758832565284179,0.010752688172043012,0.06144393241167435,0.20276497695852536,0.03533026113671275,0.016897081413210446,0.17665130568356374,0.0706605222734255,0.02457757296466974,0.03840245775729647,0.053763440860215055,0.0,0.006144393241167435,0.12135176651305683,0.07987711213517665,0.12903225806451613,0.11213517665130568
1889,1892,0,True,593,15,0.18718381112984822,0.05902192242833052,0.07251264755480608,0.09780775716694773,0.003372681281618887,0.048903878583473864,0.0,0.0,0.013490725126475547,0.011804384485666104,0.0893760539629005,0.7352445193929174,0.0,2.228767014248189,5.439252832391414,0.8490541006659768,0.9817188038950357,0.13266470322905885,0.17246411419777652,0.0,2.586961712966648,0.5041258722704237,4.444267558173473,0.05306588129162355,0.5173923425933297,26.99726710711348,64.8863063493327,0.25206293613521186,0.2122635251664942,0.5041258722704237,2.8655575897476715,3.794210512351084,0.44013490725126475,0.21585160202360876,0.1551433389544688,16.911225991970532,1.6882460851301413,0.5583176029564246,1.4622603886953978,0.7975965756520352,1.249567968521522,3.522718209129822,4.519713928694866,2.0737510966952915,0.3813620071684588,33.47167974765868,0.09106239460370995,0.011804384485666104,0.045531197301854974,0.15851602023608768,0.06239460370994941,0.02023608768971332,0.25295109612141653,0.06239460370994941,0.05564924114671164,0.04047217537942664,0.06239460370994941,0.02866779089376054,0.00505902192242833,0.07925801011804384,0.045531197301854974,0.18549747048903878,0.06745362563237774
1893,1896,0,True,688,17,0.1308139534883721,0.0188953488372093,0.02616279069767442,0.0,0.0,0.0188953488372093,0.0,0.0,0.01308139534883721,0.0,0.18604651162790697,0.7456395348837209,0.036337209302325583,1.2761964341570222,3.941194870190804,0.8507976227713481,1.7015952455426961,0.28776978417266186,0.3628401626524867,0.0,3.46574913981858,0.1376290272130122,4.341570222083202,0.025023459493274947,0.7006568658116985,32.155145448858306,63.584610572411634,0.08758210822646231,0.28776978417266186,0.4629340006255865,3.966218329684079,3.803565842977792,0.5479651162790697,0.19912790697674418,0.1569767441860465,19.09346732866641,1.5297038393058655,0.6645434711738597,2.1315545301803045,0.7523133635930486,0.7773904757128168,2.695789552875091,3.1095619028512673,1.981091857461695,0.2978122794636556,37.447055250358346,0.06686046511627906,0.005813953488372093,0.0188953488372093,0.07994186046511628,0.014534883720930232,0.011627906976744186,0.3023255813953488,0.0377906976744186,0.011627906976744186,0.03197674418604651,0.26453488372093026,0.0,0.0029069767441860465,0.08284883720930232,0.08866279069767442,0.07994186046511628,0.10901162790697674
1897,1900,0,True,751,14,0.10386151797603196,0.005326231691078562,0.033288948069241014,0.018641810918774968,0.0,0.03595206391478029,0.0,0.0,0.006657789613848202,0.0,0.07723035952063914,0.844207723035952,0.017310252996005325,2.182603757196468,5.022215788242893,0.4565650716584448,1.1581162793287378,0.24498613601184843,0.40088640438302464,0.0,2.8730192314116767,0.2672576029220165,4.82177258605138,0.0556786672754201,0.601329606574537,30.645538468391223,69.96581329829289,0.08908586764067215,0.31180053674235253,0.6904154742152092,4.37634324784802,2.9175621652320127,0.507323568575233,0.24766977363515313,0.16378162450066577,17.517228430467345,1.2506281056334096,0.5471497962146167,1.8536095137066608,1.1612975266595946,2.021104349282564,2.423091954664731,3.6290547708112335,1.1836301714030484,0.34959941733430444,33.02181132323791,0.03462050599201065,0.013315579227696404,0.010652463382157125,0.1904127829560586,0.009320905459387484,0.023968042609853527,0.3941411451398136,0.019973368841544607,0.041278295605858856,0.023968042609853527,0.06391478029294274,0.0,0.005326231691078562,0.03994673768308921,0.06790945406125166,0.10252996005326231,0.12383488681757657
1901,1904,0,True,634,13,0.06624605678233439,0.015772870662460567,0.014195583596214511,0.0,0.0,0.02365930599369085,0.0,0.0,0.02365930599369085,0.026813880126182965,0.15457413249211358,0.7712933753943217,0.0,2.0504408447816282,5.668865864984501,0.9890361721887854,1.3146944240070437,0.4703952526263735,0.313596835084249,0.0,2.5328975141420114,0.4583338358923639,3.0997841006404614,0.1447370008081149,0.3618425020202873,28.078978156774294,67.48362662678359,0.16885983427613407,0.38596533548830647,0.9166676717847279,3.9561446887551415,5.294961946230204,0.2539432176656151,0.334384858044164,0.2949526813880126,15.880939400167485,2.3647255705658368,0.42443792292207316,1.891780456452669,1.867526860857122,1.9281608498459897,5.699594964953555,3.613785743736509,2.0979360190148193,0.2020497803806735,30.39456261801429,0.11356466876971609,0.026813880126182965,0.028391167192429023,0.14668769716088328,0.07413249211356467,0.04258675078864353,0.3138801261829653,0.02996845425867508,0.06466876971608833,0.04416403785488959,0.014195583596214511,0.0,0.0015772870662460567,0.0583596214511041,0.014195583596214511,0.1829652996845426,0.13722397476340695
1905,1908,0,True,928,11,0.10991379310344827,0.009698275862068966,0.020474137931034482,0.0,0.0,0.007543103448275862,0.0,0.0,0.0,0.0,0.1788793103448276,0.8135775862068966,0.0,1.7462116442093776,5.423330394996432,1.5531209335516099,1.410401712630651,0.5792721319733031,0.5121101456575579,0.0,1.8385593753935272,0.32741468328925827,2.6780842043403434,0.32741468328925827,0.46173865592074886,31.297485623137305,64.28241615245771,0.10074297947361793,0.10074297947361793,1.0242202913151157,1.4775636989463963,6.615455652100911,0.23060344827586207,0.34698275862068967,0.3265086206896552,15.994801593680203,2.8569507932239846,0.7310432912073138,1.142780317289594,1.8906292013982253,0.8402796450658779,6.453347674105943,3.4199381554181234,2.6552836784081744,0.4062322946175637,32.13627672650951,0.11530172413793104,0.005387931034482759,0.05603448275862069,0.1540948275862069,0.13254310344827586,0.03017241379310345,0.125,0.00646551724137931,0.13900862068965517,0.05387931034482758,0.02586206896551724,0.003232758620689655,0.0021551724137931034,0.05387931034482758,0.028017241379310345,0.19181034482758622,0.13038793103448276
1909,1912,0,True,969,12,0.029927760577915376,0.006191950464396285,0.015479876160990712,0.0,0.0,0.03611971104231166,0.0,0.0,0.0,0.06398348813209494,0.13519091847265222,0.7647058823529411,0.0,2.7843380981976384,4.499689247980111,0.8286720530350115,0.9529728609902631,0.21545473378910296,0.4309094675782059,0.0,3.0826600372902426,0.27346177750155376,6.157033354050135,0.12430080795525171,0.3148953801533043,25.94572198052621,68.99523513569505,0.19888129272840271,0.10772736689455148,0.72923140667081,2.7594779366065882,3.7621711207789517,0.4241486068111455,0.3766769865841073,0.10113519091847266,17.964475667837107,1.8678709591724916,0.5479088146905976,1.6105198492420594,0.896578060402796,1.48599511863056,2.606717694134055,3.5448039980740176,2.440684719985389,0.5686630369026013,34.9392048978093,0.07946336429308566,0.005159958720330237,0.018575851393188854,0.14551083591331268,0.02889576883384933,0.005159958720330237,0.21568627450980393,0.0020639834881320948,0.07636738906088751,0.016511867905056758,0.03611971104231166,0.0,0.0010319917440660474,0.1001031991744066,0.0629514963880289,0.3126934984520124,0.10113519091847266
1913,1916,0,True,379,20,0.16094986807387862,0.06068601583113457,0.026385224274406333,0.22955145118733508,0.1424802110817942,0.029023746701846966,0.0,0.0,0.0,0.05804749340369393,0.15567282321899736,0.36939313984168864,0.0158311345646438,2.981669735051629,7.484191147042344,1.6008965020411432,1.0005603137757144,0.4802689506123429,0.6803810133674858,0.0,3.461938685663972,0.44024653806131436,2.1211878652045146,0.3401905066837429,0.8204594572960858,25.134075082045946,64.77627471383974,0.4602577443368286,0.44024653806131436,0.6603698070919716,1.660930120867686,9.165132474185544,0.17678100263852242,0.22955145118733508,0.44327176781002636,14.911093462462155,3.424383210509452,0.8811278436398591,1.8023069528997118,2.9037167574495357,1.9024351169496956,3.304229413649471,4.485741749439282,2.443127202819609,0.2744991878722252,31.04377722158774,0.0633245382585752,0.03430079155672823,0.018469656992084433,0.0870712401055409,0.08179419525065963,0.15303430079155672,0.2532981530343008,0.0,0.09762532981530343,0.0158311345646438,0.055408970976253295,0.047493403693931395,0.052770448548812667,0.026385224274406333,0.04221635883905013,0.18997361477572558,0.16094986807387862
1917,1920,0,True,381,25,0.2572178477690289,0.023622047244094488,0.08923884514435695,0.22572178477690288,0.0,0.031496062992125984,0.0,0.0,0.07086614173228346,0.03412073490813648,0.29658792650918636,0.34120734908136485,0.0,4.870299533872619,9.218034740076504,1.4840826905792102,0.8779080704834765,0.5434669007754855,0.6061746200957338,0.0,3.9296837440688948,0.18812315796074497,1.6722058485399554,0.12541543864049665,0.9197132166969755,34.57285591856357,71.25687172090885,0.37624631592148994,1.2959595326184654,0.7524926318429799,1.902134152714199,7.775757195710792,0.12335958005249344,0.22572178477690288,0.44881889763779526,15.926168196485067,3.3044023841890624,0.5646763567918017,2.5096726968524523,3.5971975321551812,3.492627836452996,2.5933284534142005,5.374882359092335,2.028652096622399,0.3438287153652393,32.1909808538214,0.05511811023622047,0.0026246719160104987,0.015748031496062992,0.07349081364829396,0.10236220472440945,0.16010498687664043,0.30446194225721784,0.0,0.05249343832020997,0.05774278215223097,0.005249343832020997,0.005249343832020997,0.03937007874015748,0.03674540682414698,0.06299212598425197,0.049868766404199474,0.5118110236220472
1921,1924,0,True,247,8,0.05668016194331984,0.0,0.008097165991902834,0.0,0.024291497975708502,0.1214574898785425,0.0,0.0,0.0,0.04048582995951417,0.0,0.8137651821862348,0.0,3.6912640085131856,7.947856739050912,1.49645838182967,0.8313657676831498,0.33254630707325994,0.43231019919523794,0.0,3.4584815935619035,0.39905556848791196,2.5606065644641016,0.266037045658608,1.0308935519271059,30.86029729639852,76.15310431977652,0.39905556848791196,0.6983472448538458,0.8978750290978019,0.532074091317216,4.023810315586445,0.05668016194331984,0.3441295546558704,0.31983805668016196,13.573082461937606,4.02488108305891,0.8981139606825665,2.3284436017696173,3.592455842730266,1.3305392010112098,3.226557562452184,4.09140804310947,3.060240162325783,0.20630081300813008,23.392665833649353,0.1417004048582996,0.024291497975708502,0.048582995951417005,0.06882591093117409,0.145748987854251,0.0931174089068826,0.18218623481781376,0.0,0.13765182186234817,0.044534412955465584,0.012145748987854251,0.008097165991902834,0.012145748987854251,0.04048582995951417,0.12955465587044535,0.1214574898785425,0.13360323886639677
1925,1928,0,True,536,11,0.041044776119402986,0.013059701492537313,0.03171641791044776,0.10074626865671642,0.15111940298507462,0.055970149253731345,0.0,0.0,0.0,0.11567164179104478,0.0,0.5764925373134329,0.0,2.511173226110223,5.3661380248426775,1.6442205647150268,1.2555866130551114,0.44842379037682545,0.8071628226782858,0.0,2.750332580977863,0.7025306049236932,2.436435927714085,0.20926443550918522,0.41852887101837044,26.905427422609527,72.16633533131045,0.20926443550918522,0.7025306049236932,0.8520052017159684,0.6875831452444657,5.709929597464911,0.2332089552238806,0.20149253731343283,0.40111940298507465,12.752425313965071,3.5010548049732932,0.9874769962745186,1.4363301763993,1.481215494411778,0.7929739515537801,3.575863668327423,3.6506725316815536,2.8427368074569475,0.15694164989939638,22.017832158430732,0.1287313432835821,0.08022388059701492,0.03171641791044776,0.16044776119402984,0.09701492537313433,0.13619402985074627,0.15298507462686567,0.011194029850746268,0.14365671641791045,0.027985074626865673,0.014925373134328358,0.014925373134328358,0.027985074626865673,0.033582089552238806,0.11007462686567164,0.048507462686567165,0.12126865671641791
1929,1932,0,True,644,29,0.21583850931677018,0.20496894409937888,0.04192546583850932,0.37422360248447206,0.0,0.05124223602484472,0.0,0.06055900621118013,0.018633540372670808,0.08540372670807453,0.08074534161490683,0.28726708074534163,0.04192546583850932,3.0233314462605847,5.637127955577505,0.9154310355211333,1.517688295732405,1.216559665626769,1.0238373423591622,0.0,2.553570783295793,0.6504378410281736,3.613543561267631,0.18067717806338154,1.047927632767613,28.811987328507247,67.40463256284553,0.5179412437816938,0.48180580816901747,0.4697606629647921,1.8549523614507173,5.576902229556377,0.3307453416149068,0.20341614906832298,0.2422360248447205,14.322056960765883,2.5439770439227885,0.5907813988256713,1.7482306699943333,2.0617065142691793,1.724117143511653,3.243269311920522,3.472347813505986,2.664544676336191,0.3518211920529801,25.513283195217948,0.09316770186335403,0.006211180124223602,0.021739130434782608,0.040372670807453416,0.29347826086956524,0.09161490683229814,0.11801242236024845,0.0,0.09627329192546584,0.04813664596273292,0.13198757763975155,0.09006211180124224,0.017080745341614908,0.05434782608695652,0.14596273291925466,0.11956521739130435,0.08229813664596274
1933,1936,0,True,234,11,0.19658119658119658,0.07264957264957266,0.08547008547008547,0.19230769230769232,0.0,0.07264957264957266,0.0,0.0,0.0,0.7350427350427351,0.0,0.0,0.0,2.4705104561745364,8.525000869898047,1.2178572671282926,1.0090817356205852,0.7307143602769754,1.4962246424719023,0.0,2.1573471589129753,0.5915306726051707,1.7050001739796095,0.10438776575385365,1.287449110964195,27.45398239326351,67.43449667698945,0.2783673753436097,0.8698980479487803,0.7655102821949268,0.8698980479487803,7.829082431539025,0.18376068376068377,0.2222222222222222,0.3333333333333333,12.23103158261117,3.238612620142081,0.9054185819752055,1.3581278729628081,1.4974230394205321,1.1491851232762225,1.0447137484329294,6.755815573199611,1.2188327065050844,0.3777315296566077,24.023196478177304,0.15384615384615385,0.0,0.0,0.07264957264957266,0.6282051282051282,0.1452991452991453,0.029914529914529916,0.0,0.05982905982905983,0.008547008547008548,0.18376068376068377,0.02564102564102564,0.05982905982905983,0.02564102564102564,0.038461538461538464,0.0811965811965812,0.004273504273504274
1937,1940,0,True,301,13,0.26578073089701,0.06976744186046512,0.16611295681063123,0.08970099667774087,0.036544850498338874,0.046511627906976744,0.0,0.0,0.0,0.8272425249169435,0.0,0.0,0.0,3.9760348583878,7.924836601307189,1.906318082788671,0.8169934640522876,1.0076252723311547,1.4705882352941175,0.0,2.314814814814815,0.38126361655773416,2.0424836601307192,0.49019607843137253,1.4161220043572984,34.667755991285404,66.06753812636165,0.4084967320261438,0.7352941176470588,0.6808278867102396,2.0424836601307192,7.625272331154684,0.17940199335548174,0.11627906976744186,0.42524916943521596,12.581539467090966,3.950200234287738,0.8717683275669491,1.389380772059825,2.1249352984444387,0.7627972866210805,0.8717683275669491,5.394066526820497,2.370120140572643,0.4143070044709389,25.01321966944809,0.053156146179401995,0.0,0.0033222591362126247,0.1461794019933555,0.2857142857142857,0.17275747508305647,0.1461794019933555,0.0,0.053156146179401995,0.016611295681063124,0.016611295681063124,0.06976744186046512,0.07308970099667775,0.03322259136212625,0.029900332225913623,0.03322259136212625,0.33222591362126247
1941,1944,0,True,483,22,0.5072463768115942,0.031055900621118012,0.2898550724637681,0.026915113871635612,0.0,0.035196687370600416,0.0,0.0,0.006211180124223602,0.7391304347826086,0.012422360248447204,0.18012422360248448,0.0,6.093035298178994,10.20108742556313,1.6742901527574006,1.1392077328040044,1.2082506257012169,1.4499007508414603,0.0690428928972124,1.9504617243462503,0.7249503754207302,0.9320790541123674,0.6731682057478209,0.7422110986450332,39.95857426426167,60.94761370501424,0.34521446448606197,1.1392077328040044,0.5868645896263054,1.8986795546733408,8.975576076637612,0.30434782608695654,0.10559006211180125,0.3830227743271222,11.097454532527344,3.835521769177609,0.7083621285418107,1.1921216309606082,2.7470628887353143,1.3303386316516932,1.0193503800967518,7.152729785763649,2.1423635107118173,0.23344797936371453,22.02017739366517,0.043478260869565216,0.008281573498964804,0.002070393374741201,0.028985507246376812,0.12008281573498965,0.16149068322981366,0.16149068322981366,0.0,0.004140786749482402,0.004140786749482402,0.002070393374741201,0.055900621118012424,0.010351966873706004,0.014492753623188406,0.06832298136645963,0.006211180124223602,0.7577639751552795
1945,1948,0,True,253,16,0.40711462450592883,0.11067193675889328,0.18181818181818182,0.1383399209486166,0.0,0.019762845849802372,0.05928853754940711,0.0,0.0,0.4189723320158103,0.308300395256917,0.0,0.05533596837944664,2.870110799626218,10.612735282338807,2.302763315979175,1.368308637031104,0.934454678948071,1.4016820184221066,0.0,2.302763315979175,1.5685489253771192,3.9714323855293014,0.7675877719930584,1.301561874249099,30.00266987051128,72.85409157655853,0.433853958083033,1.735415832332132,1.368308637031104,2.6364971298892,9.07755973835269,0.23715415019762845,0.1383399209486166,0.3438735177865613,10.874034471491981,3.7774954870629136,1.0028749080698,1.2034498896837602,3.0754830514140536,1.9723206525372734,1.6380290165140068,7.053553520090928,2.8749080698000933,0.3589519650655022,20.982022582703845,0.015810276679841896,0.03162055335968379,0.011857707509881422,0.05533596837944664,0.09881422924901186,0.11462450592885376,0.5691699604743083,0.0,0.023715415019762844,0.003952569169960474,0.0,0.07509881422924901,0.02766798418972332,0.007905138339920948,0.011857707509881422,0.015810276679841896,0.32806324110671936
1949,1952,0,True,126,6,0.5079365079365079,0.31746031746031744,0.29365079365079366,0.5793650793650794,0.0,0.14285714285714285,0.0,0.0,0.0,0.2777777777777778,0.0,0.0,0.0,2.084738487951438,7.971058924520203,2.1460543258323623,0.18394751364277392,0.12263167576184929,0.5518425409283217,0.061315837880924644,2.575265190998835,1.4715801091421914,0.6744742166901712,0.7357900545710957,1.042369243975719,33.294499969342084,57.88215095959286,2.881844380403458,1.1036850818566435,1.8394751364277393,1.9621068121895886,12.692378441351401,0.42063492063492064,0.07142857142857142,0.373015873015873,8.714068724219128,3.8137417727748044,0.6766316048471428,1.9683828504644154,1.7838469582333762,0.43058374853909087,1.4762871378483116,6.028172479547272,2.89106231161961,0.5436893203883495,18.41403943541959,0.031746031746031744,0.0,0.007936507936507936,0.047619047619047616,0.1111111111111111,0.10317460317460317,0.3888888888888889,0.0,0.0,0.0,0.0,0.373015873015873,0.1984126984126984,0.023809523809523808,0.007936507936507936,0.023809523809523808,0.0873015873015873
1953,1956,0,True,435,9,0.1310344827586207,0.01839080459770115,0.06436781609195402,0.07586206896551724,0.0,0.04367816091954023,0.0,0.0,0.0,0.17471264367816092,0.0,0.7057471264367816,0.0,2.5058210444616917,10.688546402040137,0.9978933362900543,0.9313671138707174,0.5765605943009202,1.9957866725801086,0.02217540747311232,1.2861736334405145,0.6430868167202572,2.1288391174187824,0.1330524448386739,0.6874376316664819,30.29160660827143,83.60128617363344,0.2882802971504601,1.397050670806076,0.8648408914513804,1.5079277081716378,3.1710832686550616,0.1103448275862069,0.35402298850574715,0.36091954022988504,12.380371752846987,3.92896781354051,0.5993340732519422,0.9544950055493896,4.1065482796892345,2.3751387347391786,1.9089900110987792,6.215316315205327,1.5538290788013318,0.28109028960817717,21.14133284759137,0.09425287356321839,0.009195402298850575,0.04367816091954023,0.08045977011494253,0.167816091954023,0.08735632183908046,0.3701149425287356,0.006896551724137931,0.06436781609195402,0.02528735632183908,0.006896551724137931,0.013793103448275862,0.04597701149425287,0.05517241379310345,0.09655172413793103,0.03218390804597701,0.15172413793103448
1957,1960,0,True,680,12,0.38676470588235295,0.20294117647058824,0.1323529411764706,0.6014705882352941,0.0,0.027941176470588237,0.0,0.0,0.0,0.0,0.03823529411764706,0.3323529411764706,0.0,4.068179937667209,8.136359875334419,1.7100146178668947,0.8412168684667788,0.4137132140000552,1.172187439666823,0.0,2.2754226770003037,0.6619411424000883,1.7651763797335687,1.282510963400171,1.0204925945334693,24.2573847808699,65.64249662134209,0.7446837852000993,0.42750365446672367,0.8136359875334418,3.0063160217337344,4.992139448933999,0.2323529411764706,0.17352941176470588,0.34852941176470587,10.33285849463616,3.8539919315708486,1.1090624263513233,1.2338319493158472,2.7865193462076996,0.7070272967989686,2.7587927855489167,5.226456684180611,4.9630543579221715,0.38071487946799665,18.971257573477693,0.041176470588235294,0.0014705882352941176,0.060294117647058824,0.054411764705882354,0.16911764705882354,0.08676470588235294,0.5044117647058823,0.0,0.04852941176470588,0.0058823529411764705,0.01764705882352941,0.10294117647058823,0.01764705882352941,0.007352941176470588,0.10441176470588236,0.016176470588235296,0.09852941176470588
1961,1964,0,True,1743,60,0.18760757314974183,0.022948938611589215,0.1078600114744693,0.07860011474469306,0.010327022375215147,0.005737234652897304,0.0,0.19162363740676994,0.0,0.5628227194492255,0.03270223752151463,0.11302352266207688,0.0051635111876075735,3.590733804352036,10.069546261819267,1.316786818853289,1.0235527793607497,0.6473279739740958,1.300188665674466,0.0,2.0249746878164023,0.7745804816784052,1.9751802282799336,0.4536828535544945,0.4038883940180256,28.277720298988065,70.53661829227134,0.45921557128076884,0.6583934094266445,0.9516274489191835,1.7981332610391552,5.316941734949625,0.23694779116465864,0.168100975329891,0.43717728055077454,11.777245388629444,4.610803724196165,1.0054885229873565,1.2276959313823523,2.8442548274559476,0.7277292624936116,1.2110303757527277,7.038419660911495,2.7275959380485744,0.309287854344319,23.318621734305502,0.025243832472748137,0.0378657487091222,0.06942053930005737,0.026391279403327597,0.1095811818703385,0.12736660929432014,0.4859437751004016,0.0005737234652897303,0.045324153757888695,0.013769363166953529,0.009753298909925417,0.05622489959839357,0.05393000573723465,0.02983362019506598,0.06827309236947791,0.03499713138267355,0.15834767641996558
1965,1968,0,True,1883,50,0.1821561338289963,0.019118428040361127,0.07010090281465746,0.0,0.0,0.006372809346787042,0.0,0.48539564524694634,0.0,0.2830589484864578,0.022304832713754646,0.18481147105682422,0.018056293149229952,4.87771247350006,11.007888220525459,1.373113405378698,0.8388056785995393,0.488345771787403,0.9594558104528976,0.01723573312190834,1.826987710922284,0.4021671061778612,2.3383144602055648,0.4653647942915252,0.7526270129899975,27.387579930712352,68.29946511774878,0.7756079904858753,0.6319768811366392,0.9249843442090809,1.0973416754281642,8.29613287601188,0.37174721189591076,0.13382899628252787,0.34997344662772173,9.908659178891444,4.418585821197644,1.45165581298509,0.7923380333823002,2.4579829502735593,0.7402866297294484,1.3533364949741478,8.374492498814385,3.828669913131991,0.37247051184936697,19.4023040232829,0.029208709506107277,0.008497079129049389,0.08762612851832183,0.05204460966542751,0.10993096123207648,0.06744556558682953,0.26818906001062137,0.0010621348911311736,0.038236856080722255,0.043016463090812536,0.011152416356877323,0.06532129580456718,0.03929899097185342,0.038236856080722255,0.05363781200212427,0.0053106744556558685,0.42963356346255976
1969,1972,0,True,371,14,0.2210242587601078,0.01078167115902965,0.1105121293800539,0.013477088948787063,0.0,0.0431266846361186,0.0,0.0,0.0,0.3450134770889488,0.07277628032345014,0.5256064690026954,0.0,9.762021532497256,9.458417992012892,0.6539153179663233,0.7239776734627151,0.7706859104603097,1.7749130059085918,0.02335411849879726,1.1910600434386602,0.8874565029542959,1.5647259394194166,0.4904364884747425,0.7473317919615123,30.22022933744366,67.77365188350966,0.5838529624699316,0.7006235549639178,1.2144141619374575,1.9851000723977674,5.8618837431981135,0.1967654986522911,0.22371967654986524,0.3450134770889488,11.130786514537684,4.75454375117107,0.9602773093498219,0.6323777403035413,1.5458122540753232,1.7331834363874836,1.8971332209106238,7.775904065954656,3.0213603147835864,0.34414180717682663,21.969457357724067,0.05660377358490566,0.029649595687331536,0.04043126684636118,0.05390835579514825,0.1320754716981132,0.1347708894878706,0.22371967654986524,0.0,0.04582210242587601,0.03504043126684636,0.0026954177897574125,0.026954177897574125,0.05929919137466307,0.03504043126684636,0.07816711590296496,0.01078167115902965,0.41778975741239893
1973,1976,0,True,975,26,0.19076923076923077,0.16102564102564101,0.03076923076923077,0.4328205128205128,0.0,0.014358974358974359,0.0,0.04,0.0071794871794871795,0.24102564102564103,0.11487179487179487,0.14974358974358976,0.0,5.884793115756775,8.51847921510366,1.5628466963157337,0.7910705499869762,0.7235401371832101,1.7654379347270324,0.0289416054873284,1.9294403658218933,0.8971897701071805,1.427785870708201,0.9550729810818372,1.0611922012020414,22.97963475693875,70.3184541323789,0.3955352749934881,0.7042457335249911,1.2251946322969023,2.2285036225242867,4.659598483459873,0.3353846153846154,0.21025641025641026,0.26153846153846155,10.828839667798563,4.029641110088633,0.8330508064125539,0.7361844335738847,1.9954472804765826,0.43589867777401076,1.2980093960381653,6.441613793771492,4.0780742965079675,0.48359177785791563,20.307789499565587,0.04205128205128205,0.012307692307692308,0.019487179487179488,0.13538461538461538,0.13538461538461538,0.1076923076923077,0.2676923076923077,0.0,0.09538461538461539,0.06256410256410257,0.009230769230769232,0.1076923076923077,0.06871794871794872,0.027692307692307693,0.13128205128205128,0.015384615384615385,0.14358974358974358
1977,1980,0,True,744,21,0.20967741935483872,0.12903225806451613,0.06854838709677419,0.3736559139784946,0.0,0.01881720430107527,0.0,0.07123655913978495,0.0,0.28763440860215056,0.010752688172043012,0.23790322580645162,0.0,5.759912645874564,13.157715143656588,1.6242407698082304,0.6688050228622126,0.9827339111444756,2.0064150685866373,0.027298164198457656,1.897222411792807,0.7643485975568144,1.6515389340066882,0.6824541049614413,1.187470142632908,29.33187743124275,69.89694943015081,0.4777178734730089,0.7779976796560432,1.2147683068313657,1.5286971951136288,5.1184057872108095,0.23118279569892472,0.23655913978494625,0.34408602150537637,10.465716537506085,4.610375396738536,0.7661157929298457,0.7250738754514611,3.3654372332275364,0.16416766991353834,0.9986866586406916,9.535405494144687,3.228630841632921,0.3272112131464476,19.41198704708471,0.036290322580645164,0.009408602150537635,0.06317204301075269,0.05241935483870968,0.1881720430107527,0.10349462365591398,0.31048387096774194,0.0,0.1532258064516129,0.025537634408602152,0.006720430107526882,0.05913978494623656,0.05241935483870968,0.024193548387096774,0.13709677419354838,0.021505376344086023,0.11693548387096774
1981,1984,0,True,1375,35,0.3301818181818182,0.12509090909090909,0.09672727272727273,0.24581818181818182,0.03636363636363636,0.014545454545454545,0.0,0.03418181818181818,0.0,0.504,0.04872727272727273,0.11636363636363636,0.0,5.354848952845575,8.292077421589712,1.5804742866215378,0.7794119769640461,0.5845589827230345,1.4144884026384539,0.22372010449893914,1.544390398799128,0.5845589827230345,1.2701528513488158,0.9381810833826479,1.6021246193149836,29.660955790020637,61.595196512853086,0.548475094900625,1.9196628321521874,0.9381810833826479,1.190768298139515,8.053923761961808,0.29672727272727273,0.14327272727272727,0.35345454545454547,9.859180255058826,3.429947136755546,1.5808213019296171,0.5293575919305599,2.509009956273613,0.13052652951712435,1.218247608826494,5.67790403399491,3.139888182273047,0.3459771818047118,18.652771071032966,0.022545454545454546,0.03272727272727273,0.04872727272727273,0.03927272727272727,0.12945454545454546,0.16218181818181818,0.38181818181818183,0.0,0.012363636363636363,0.028363636363636365,0.009454545454545455,0.06036363636363636,0.05527272727272727,0.020363636363636365,0.17236363636363636,0.008727272727272728,0.16727272727272727
1985,1988,0,True,733,23,0.24147339699863574,0.12824010914051842,0.06548431105047749,0.3083219645293315,0.021828103683492497,0.027285129604365622,0.013642564802182811,0.0,0.0,0.3806275579809004,0.02592087312414734,0.20600272851296045,0.01637107776261937,6.097928391520746,6.941515323154051,1.7956350401908916,0.891791899155208,0.614613335904265,1.6510201376251823,0.26512732137046724,1.3617903324937635,0.7833307222309259,1.614866411983755,1.048458043601393,1.5787126863423275,26.886320635341473,66.14926668193158,0.5302546427409345,1.8076862820713675,1.1087142530037721,1.0243555598404417,6.326901987249786,0.20463847203274216,0.15143246930422918,0.39154160982264663,9.796506097142668,3.7760511219228814,1.1013482438941737,0.5325200300147653,1.984847384600489,0.2057463752329775,1.0408346041197685,4.744269358313364,2.0090528405102512,0.40289532293986635,19.201091255887977,0.02455661664392906,0.04911323328785812,0.03137789904502047,0.06412005457025921,0.1432469304229195,0.17735334242837653,0.3683492496589359,0.004092769440654843,0.01637107776261937,0.04911323328785812,0.002728512960436562,0.06548431105047749,0.06957708049113233,0.002728512960436562,0.10914051841746249,0.020463847203274217,0.11186903137789904
1989,1992,0,True,742,21,0.2371967654986523,0.11185983827493262,0.05390835579514825,0.29110512129380056,0.0,0.02425876010781671,0.0,0.15498652291105122,0.0,0.2223719676549865,0.0646900269541779,0.22371967654986524,0.018867924528301886,7.0330880512589475,10.424488161385593,1.4641838113830905,0.46303248736046454,0.7258347099164039,2.1024177804475146,0.32537418030735343,1.3890974620813936,0.7258347099164039,1.4641838113830905,1.9147019071932723,1.501726986033939,25.829704159783752,64.68688992341193,0.7758922761175351,1.2389247634779998,0.9886369324723433,1.6018421184362017,6.294738949792261,0.18463611859838275,0.215633423180593,0.3692722371967655,8.772866797673442,4.018543246579829,1.0707717114711144,0.5416845128618578,3.388677533949762,0.03779194275780404,1.3731072535335467,6.802549696404726,2.506865536267668,0.3982417582417582,16.62803787892602,0.022911051212938006,0.01078167115902965,0.026954177897574125,0.03908355795148248,0.16576819407008087,0.1105121293800539,0.4110512129380054,0.0,0.029649595687331536,0.03234501347708895,0.009433962264150943,0.09838274932614555,0.04716981132075472,0.005390835579514825,0.12129380053908356,0.02021563342318059,0.22506738544474394
1993,1996,0,True,913,27,0.18729463307776562,0.11938663745892661,0.024096385542168676,0.2661555312157722,0.028477546549835708,0.013143483023001095,0.0,0.019715224534501644,0.0,0.312157721796276,0.05914567360350493,0.2661555312157722,0.03504928806133625,8.20667872472532,8.7105975937874,1.736720388017529,0.25195943453104047,0.3509434980968064,1.8087087978835408,0.1889695758982804,1.0618290455236705,0.7378812011266186,1.8896957589828038,2.2676349107793645,1.4667638510199859,25.780849283265397,59.09348594876225,0.665892791260607,1.0708275967569223,1.547750812119249,0.8188681622258817,8.296664237057835,0.1741511500547645,0.1927710843373494,0.32858707557502737,9.582813772442895,4.489560419746853,1.081821787890808,0.49583498611662036,2.8307670116476142,0.018030363131513467,2.1906891204788863,5.82380729147885,1.938264036637698,0.3621799905764096,19.636766658771574,0.02190580503833516,0.03723986856516977,0.10952902519167579,0.04271631982475356,0.34063526834611174,0.13910186199342825,0.14348302300109528,0.0,0.012048192771084338,0.09967141292442497,0.002190580503833516,0.05805038335158817,0.050383351588170866,0.04271631982475356,0.10405257393209201,0.02628696604600219,0.1248630887185104
1997,2000,0,True,397,12,0.11083123425692695,0.017632241813602016,0.027707808564231738,0.0,0.0,0.042821158690176324,0.0,0.0,0.0,0.22418136020151133,0.0,0.7329974811083123,0.0,9.721216086743159,13.132989040263594,1.0749421634379455,0.4206295422148482,0.5141027738181478,1.7292547846610427,0.2804196948098988,0.8879957002313462,1.4020984740494942,1.6825181688593929,1.7759914004626924,1.5890449372560933,25.51819222770079,64.30958334307013,0.2570513869090739,1.0983104713387704,1.5423083214544433,0.5374710817189727,6.987124062346645,0.10327455919395466,0.345088161209068,0.30982367758186397,9.921800767489657,4.68559647643145,0.562271577171774,0.6091275419360884,5.8569955955393125,0.07028394714647175,2.905069815387499,7.23924655608659,1.0074032424327617,0.2706296441141963,19.19240164209302,0.05793450881612091,0.037783375314861464,0.06801007556675064,0.022670025188916875,0.32997481108312343,0.14105793450881612,0.22670025188916876,0.010075566750629723,0.042821158690176324,0.07304785894206549,0.0,0.010075566750629723,0.0327455919395466,0.012594458438287154,0.07556675062972293,0.04030226700251889,0.07808564231738035
2001,2004,0,True,540,22,0.30925925925925923,0.024074074074074074,0.11851851851851852,0.09444444444444444,0.0,0.022222222222222223,0.0,0.0,0.0,0.4444444444444444,0.06111111111111111,0.26851851851851855,0.10925925925925926,10.03117030320204,15.131765372626806,1.5301785208274299,1.5301785208274299,0.8312080853877397,1.265703220931331,0.321148578445263,1.0201190138849532,0.8500991782374611,1.7757627278738075,0.5856238783413621,0.6989704354396902,39.31236422027015,74.46868801360158,0.5478416926419194,2.1913667705676776,1.322376499480495,1.4923963351279872,6.7252290545008035,0.1685185185185185,0.19074074074074074,0.40185185185185185,9.957914772871467,3.6166707693472953,0.7006116150044498,0.6248698187877526,2.7835110109636254,0.0,1.1550623923046335,12.137622843725739,1.1171914941962848,0.25972927241962773,17.591417049872337,0.011111111111111112,0.027777777777777776,0.05925925925925926,0.003703703703703704,0.19074074074074074,0.16111111111111112,0.26481481481481484,0.0,0.009259259259259259,0.011111111111111112,0.0,0.020370370370370372,0.03888888888888889,0.03148148148148148,0.06296296296296296,0.009259259259259259,0.4166666666666667
2005,2008,0,True,484,17,0.2892561983471074,0.05578512396694215,0.13636363636363635,0.1012396694214876,0.0,0.04132231404958678,0.0,0.0,0.0,0.4049586776859504,0.0,0.4194214876033058,0.03305785123966942,9.280303030303031,12.178030303030303,1.1363636363636362,1.0416666666666667,1.3636363636363638,1.7803030303030303,0.28409090909090906,0.9090909090909091,0.7196969696969697,1.4772727272727273,1.1742424242424243,0.6439393939393939,36.534090909090914,69.20454545454545,0.625,1.231060606060606,0.7765151515151515,1.1363636363636362,7.329545454545455,0.1921487603305785,0.2644628099173554,0.3347107438016529,10.554730740126018,3.9432027147434074,1.061631500123225,0.5118580447022693,2.8246980985421524,0.05687311607802992,1.364954785872718,9.213444804640847,2.104305294887107,0.24636510500807754,19.591378901381887,0.014462809917355372,0.010330578512396695,0.12190082644628099,0.05785123966942149,0.18388429752066116,0.14256198347107438,0.1384297520661157,0.0,0.05785123966942149,0.01859504132231405,0.03305785123966942,0.03925619834710744,0.0371900826446281,0.01652892561983471,0.06611570247933884,0.026859504132231406,0.34917355371900827
2009,2012,0,True,1175,32,0.20340425531914894,0.04936170212765958,0.05276595744680851,0.05702127659574468,0.03659574468085106,0.016170212765957447,0.0,0.15914893617021278,0.0,0.44170212765957445,0.07234042553191489,0.21106382978723404,0.005957446808510639,6.456794595190475,9.98440920329454,1.8425487015543554,0.6063087607678861,0.9842674687790358,2.291374667317595,0.3070914502590592,1.3937227357911148,0.6929242980204413,1.259862360037166,1.7559331643018001,0.9685191892785713,26.189388809272586,56.512700987417126,1.4330934345422761,1.4173451550418117,1.2992330587883274,1.0315123072804298,7.173341312461614,0.18808510638297873,0.19489361702127658,0.38127659574468087,9.606540039977315,4.801438066179427,0.8278341493412805,0.7726452060518618,2.0025702279303355,0.04730480853378746,1.5768269511262487,7.947207833676292,1.9710336889078106,0.3034074074074074,19.19410697417628,0.04851063829787234,0.03148936170212766,0.04425531914893617,0.026382978723404255,0.2765957446808511,0.13617021276595745,0.20170212765957446,0.0,0.08425531914893616,0.006808510638297872,0.05191489361702128,0.07914893617021276,0.06042553191489362,0.011063829787234043,0.09872340425531916,0.03404255319148936,0.1778723404255319
2013,2016,0,True,699,18,0.14878397711015737,0.058655221745350504,0.03719599427753934,0.0,0.10014306151645208,0.024320457796852647,0.0,0.08011444921316166,0.0,0.46924177396280403,0.0,0.3261802575107296,0.0,8.092914857925807,5.326981931799265,1.2293035227229072,0.4481835759927266,0.6146517613614536,1.8311500390559974,0.3457416157658177,1.536629403403634,0.768314701701817,1.1780825426094528,2.6250752308145415,0.8323409268436351,26.34038902334396,58.30228061413955,1.0628353373541801,1.741513323857452,1.1524720525527254,0.9988091122123622,8.10572010295417,0.1402002861230329,0.16022889842632332,0.4492131616595136,9.20460185631065,4.397661418534283,1.218011180060516,0.8077337299348685,1.0256936253141187,0.038463510949279446,1.8462485255654137,4.269449715370019,1.6026462895533105,0.29904306220095694,18.308827355538458,0.032904148783977114,0.0357653791130186,0.20314735336194564,0.055793991416309016,0.2832618025751073,0.1402002861230329,0.1630901287553648,0.0,0.04291845493562232,0.06151645207439199,0.001430615164520744,0.07296137339055794,0.0357653791130186,0.0,0.10300429184549356,0.015736766809728183,0.09298998569384835
2017,2020,0,True,2328,40,0.3079896907216495,0.15807560137457044,0.15206185567010308,0.040807560137457045,0.0,0.00816151202749141,0.0,0.3947594501718213,0.04209621993127148,0.40420962199312716,0.0,0.10996563573883161,0.0,5.6937961150429155,5.778497214274958,4.390340310194248,0.3670380966721879,0.748193043216383,0.955240174672489,0.23057521457611807,0.884655925312453,2.98806655624153,0.8799503086884506,1.81636801686493,1.2375771721126336,23.170456256587865,56.787381418461074,1.5669703357928022,1.1858153892486072,1.3693344375847012,1.472858003312754,14.996800180695677,0.5240549828178694,0.11426116838487972,0.19974226804123713,6.825872500273616,2.8904737165257637,1.2327020261653994,0.3258867425494734,0.727341425400274,0.004722996268832947,1.1571340858640722,5.01582203750059,2.276484201577481,0.3825712233660522,13.094716474694215,0.015463917525773196,0.02147766323024055,0.11683848797250859,0.07646048109965636,0.18041237113402062,0.09063573883161512,0.13702749140893472,0.0,0.03994845360824742,0.05670103092783505,0.000859106529209622,0.1559278350515464,0.06529209621993128,0.00902061855670103,0.05627147766323024,0.04639175257731959,0.11812714776632302
2021,2024,0,True,1230,31,0.34796747967479674,0.10650406504065041,0.14065040650406505,0.041463414634146344,0.1024390243902439,0.028455284552845527,0.0,0.06260162601626017,0.0,0.44634146341463415,0.0,0.2975609756097561,0.02113821138211382,10.262497146770144,6.701666286236019,2.3830175758959142,0.28304040173476375,0.931294225062771,1.7073727459484136,0.301301072814426,1.040858251540744,1.34215932435517,1.3604199954348324,1.5704177128509473,1.5338963706916229,29.198813056379823,59.69413375941566,0.8765122118237845,1.9904131476831772,1.250855968956859,1.8169367724263867,7.760785208856425,0.1943089430894309,0.21138211382113822,0.34146341463414637,8.12775715301233,3.4225207369889157,0.9542685164794832,0.6239447992365852,1.0735520810394186,0.08258092931072451,0.9726198341040886,5.386111722821698,1.6791455626513982,0.41276948590381424,15.023429587497564,0.041463414634146344,0.027642276422764227,0.13577235772357724,0.1,0.23170731707317074,0.13821138211382114,0.27235772357723576,0.0008130081300813008,0.07235772357723577,0.06991869918699187,0.0008130081300813008,0.05121951219512195,0.036585365853658534,0.005691056910569106,0.04552845528455285,0.024390243902439025,0.12439024390243902
2025,2026,0,False,562,11,0.43416370106761565,0.22241992882562278,0.24377224199288255,0.0,0.05516014234875445,0.06405693950177936,0.0,0.0,0.0,0.4483985765124555,0.0,0.43238434163701067,0.0,6.729018669903259,6.764716381679935,5.55099418127298,0.48191910898511403,1.3565130475136544,0.8031985149751901,0.3748259736550887,0.9102916503052154,3.355584907007461,0.5354656766501267,2.0704672830471567,1.981223003605469,33.39520936707957,52.67197372648413,0.7496519473101774,1.3565130475136544,2.016920715382144,1.9098275800521187,19.026880376967835,0.3683274021352313,0.1583629893238434,0.2402135231316726,7.131531998788819,2.20252484555466,1.36090966066792,0.3581341212284,0.75208165457964,0.0,1.1102157758080402,6.01665323663712,2.20252484555466,0.37218164496665607,13.68543218167324,0.051601423487544484,0.042704626334519574,0.15302491103202848,0.0711743772241993,0.13167259786476868,0.09608540925266904,0.23843416370106763,0.0,0.07651245551601424,0.11565836298932385,0.0035587188612099642,0.10320284697508897,0.05516014234875445,0.0071174377224199285,0.06761565836298933,0.08185053380782918,0.24377224199288255
