era_key,story_section_key,editorial_start,grid_start,driver_rank,axis,axis_group,z_delta_equal_cycle,direction,left_equal_cycle_value,right_equal_cycle_value,left_story_pooled_value,right_story_pooled_value,n_left_paragraphs,n_right_paragraphs,n_left_speeches,n_right_speeches
expansion,expansion_conflict,1809,1809,1,topic__Indian & Tribal Affairs,topic,-1.9567389101850379,decrease,0.19158616511825868,0.06694549682649568,0.18328445747800587,0.062231216797369086,682,3953,54,121
expansion,expansion_conflict,1809,1809,2,"topic__Law, Crime & Justice",topic,-1.9037707184422925,decrease,0.08123245404947296,0.014999415233635105,0.08944281524926687,0.017202124968378446,682,3953,54,121
expansion,expansion_conflict,1809,1809,3,genre__other,genre,-1.6978696447236818,decrease,0.08676056338028168,0.011411992263056092,0.09824046920821114,0.014925373134328358,682,3953,54,121
expansion,expansion_conflict,1809,1809,4,stat_modal_shall_per_1k,stat,-1.4463217151924346,decrease,2.538622153165978,1.117984580117423,2.633807882859364,1.3779398393340896,682,3953,54,121
expansion,expansion_conflict,1809,1809,5,topic__Personal Narrative & Reflection,topic,-1.4311519519347666,decrease,0.06458709337970724,0.019718394832620653,0.06744868035190615,0.016443207690361752,682,3953,54,121
civil-war-reconstruction,union_crisis,1850,1849,1,topic__Civil Rights & Immigration,topic,3.2294709500224696,increase,0.007960580470914474,0.3073631680031393,0.008601062484189223,0.3447927199191102,3953,2967,121,84
civil-war-reconstruction,union_crisis,1850,1849,2,topic__Constitutional Order & Governance,topic,1.518719294412537,increase,0.17865610216061992,0.3404754583760402,0.22135087275486973,0.3417593528816987,3953,2967,121,84
civil-war-reconstruction,union_crisis,1850,1849,3,"topic__Law, Crime & Justice",topic,1.373286493844462,increase,0.014999415233635105,0.06277666948539139,0.017202124968378446,0.05931917762049208,3953,2967,121,84
civil-war-reconstruction,union_crisis,1850,1849,4,topic__Public Finance & Taxation,topic,-1.310635805999601,decrease,0.1101379552021922,0.061722554235944506,0.10726030862635973,0.057971014492753624,3953,2967,121,84
civil-war-reconstruction,union_crisis,1850,1849,5,stat_modal_shall_per_1k,stat,1.2738191203978604,increase,1.117984580117423,2.369182902521154,1.3779398393340896,2.3450621103479117,3953,2967,121,84
gilded-age,procedural_presidency,1869,1869,1,topic__Civil Rights & Immigration,topic,-2.5939264178666255,decrease,0.3073631680031393,0.06688158653170378,0.3447927199191102,0.05615581461472846,2967,7034,84,156
gilded-age,procedural_presidency,1869,1869,2,register_proposal_share,register,1.9996182357260237,increase,0.15095584220431346,0.2949590791695132,0.14256825075834176,0.3003980665339778,2967,7034,84,156
gilded-age,procedural_presidency,1869,1869,3,"topic__Trade, Commerce & Tariffs",topic,1.7115213412638077,increase,0.03197725411684725,0.1363457975044591,0.032355915065722954,0.15126528291157237,2967,7034,84,156
gilded-age,procedural_presidency,1869,1869,4,stat_modal_could_per_1k,stat,-1.6734360257205338,decrease,0.975975982166976,0.49362304833521775,0.972342826241817,0.5159427465506451,2967,7034,84,156
gilded-age,procedural_presidency,1869,1869,5,topic__Constitutional Order & Governance,topic,-1.5742752968627924,decrease,0.3404754583760402,0.17273661685252015,0.3417593528816987,0.16932044355985215,2967,7034,84,156
progressives-depression,progressive_transform,1913,1913,1,register_values_share,register,2.144621254727315,increase,0.1838293863077084,0.37105682999155576,0.1879442706852431,0.3607681755829904,7034,2187,156,93
progressives-depression,progressive_transform,1913,1913,2,topic__Faith & National Values,topic,1.9979368379405238,increase,0.02094059947471376,0.12681312665162484,0.020471993176002276,0.12528577960676726,7034,2187,156,93
progressives-depression,progressive_transform,1913,1913,3,register_neither_share,register,-1.6499244464540948,decrease,0.3966368079780306,0.1841550082946246,0.3940858686380438,0.21307727480566988,7034,2187,156,93
progressives-depression,progressive_transform,1913,1913,4,marker_united_states,marker,-1.6288663423651972,decrease,3.81756106516948,1.3275347743188566,3.5369288840729727,1.403857368091402,7034,2187,156,93
progressives-depression,progressive_transform,1913,1913,5,topic__Procedural & Administrative,topic,-1.587005664508875,decrease,0.08717682536871603,0.03830927533945256,0.08359397213534261,0.039780521262002745,7034,2187,156,93
war-new-deal,recovery_mobilization,1933,1933,1,combat_zero_sum,combat,2.4767989513431643,increase,0.03947262383192464,0.2033814180426921,0.0411522633744856,0.21093202522775054,2187,1427,93,69
war-new-deal,recovery_mobilization,1933,1933,2,genre__public_remarks_or_address,genre,2.4308092244782253,increase,0.06674588535409279,0.5996331609071751,0.07407407407407407,0.665031534688157,2187,1427,93,69
war-new-deal,recovery_mobilization,1933,1933,3,topic__Infrastructure & Internal Improvements,topic,-2.0118346476976123,decrease,0.10554011966824757,0.028168281555541415,0.10516689529035209,0.026629292221443588,2187,1427,93,69
war-new-deal,recovery_mobilization,1933,1933,4,combat_enemy_naming,combat,2.001129044270822,increase,0.1463462326444801,0.3769318873464475,0.15272062185642432,0.38332165381920114,2187,1427,93,69
war-new-deal,recovery_mobilization,1933,1933,5,stat_modal_should_per_1k,stat,-1.8749891872955333,decrease,3.18864968195276,1.2100297220917897,3.220553906452636,1.125963564973872,2187,1427,93,69
cold-war,broadcast_presidency,1953,1953,1,combat_zero_sum,combat,-1.8114838293216362,decrease,0.2033814180426921,0.08350163125765861,0.21093202522775054,0.08089097303634232,1427,6824,69,192
cold-war,broadcast_presidency,1953,1953,2,topic__Public Finance & Taxation,topic,1.7416074570897515,increase,0.031295813500060214,0.0956314763705686,0.03854239663629993,0.08675263774912075,1427,6824,69,192
cold-war,broadcast_presidency,1953,1953,3,genre__public_remarks_or_address,genre,-1.5008676730515564,decrease,0.5996331609071751,0.27060969119008355,0.665031534688157,0.31652989449003516,1427,6824,69,192
cold-war,broadcast_presidency,1953,1953,4,marker_us_them,marker,-1.4070190966283416,decrease,9.239973803807082,5.345169334631337,8.748659154084821,5.8153510207273245,1427,6824,69,192
cold-war,broadcast_presidency,1953,1953,5,combat_enemy_naming,combat,-1.400318841112712,decrease,0.3769318873464475,0.21557625778626988,0.38332165381920114,0.20603751465416179,1427,6824,69,192
post-cold-war,always_on,1981,1981,1,marker_god_bless,marker,2.289594960599008,increase,0.017000718397086282,0.2824092700495543,0.01303241015601243,0.2744429847950782,6824,7083,192,207
post-cold-war,always_on,1981,1981,2,stat_modal_would_per_1k,stat,-1.7271232754631078,decrease,3.3430306772612206,1.9329611784073262,3.4308485496338634,2.088597769466292,6824,7083,192,207
post-cold-war,always_on,1981,1981,3,marker_religiosity,marker,1.4499124654373305,increase,0.7568273691401479,1.524077533480533,0.6979579661331101,1.54260369652589,6824,7083,192,207
post-cold-war,always_on,1981,1981,4,marker_need_to,marker,1.389557095714158,increase,0.6375106615146979,1.565093560346611,0.6255556874885966,1.601134190913466,6824,7083,192,207
post-cold-war,always_on,1981,1981,5,marker_nrc_hope,marker,-1.1423879187143604,decrease,70.86698880729071,63.81362638663697,70.13029514064867,62.392206339502884,6824,7083,192,207
present,platform_dominance,2017,2017,1,marker_boosters,marker,3.1212067605251965,increase,1.4878166745688137,4.108117355787714,1.5556104730564626,4.007854967087902,7083,4072,207,81
present,platform_dominance,2017,2017,2,marker_hype,marker,3.02197108314788,increase,0.8071932486336851,2.561936929201387,0.7491903281609719,2.5933179198804073,7083,4072,207,81
present,platform_dominance,2017,2017,3,marker_us_them,marker,2.410785981463701,increase,7.254798769207819,13.928155255506645,7.368338904569281,13.609560984496353,7083,4072,207,81
present,platform_dominance,2017,2017,4,stat_modal_must_per_1k,stat,-1.7488558425258438,decrease,2.800752271640114,0.8509917203397777,2.5660660915304168,0.8338713148267699,7083,4072,207,81
present,platform_dominance,2017,2017,5,combat_zero_sum,combat,1.6734164393263737,increase,0.06808536003175573,0.17882816805568358,0.06692079627276577,0.162573673870334,7083,4072,207,81
