boundary_year,score_4,rank_4,percentile_4,score_8,rank_8,percentile_8,consensus,consensus_rank
1797,16.199187827197946,5,0.9826086956521739,9.28204685283656,26,0.8873873873873874,0.9349980415197807,8
1798,13.289254663357367,14,0.9434782608695652,8.647686969963154,40,0.8243243243243243,0.8839012925969447,18
1799,11.57329118595966,22,0.908695652173913,8.715641076405802,37,0.8378378378378378,0.8732667450058754,20
1800,10.598053993917814,36,0.8478260869565217,8.37762404491017,50,0.7792792792792793,0.8135526831179005,39
1801,14.242962326286523,9,0.9652173913043478,9.286318753185181,25,0.8918918918918919,0.9285546415981198,10
1802,13.10698349811245,15,0.9391304347826087,9.171999244875101,31,0.8648648648648649,0.9019976498237368,15
1803,13.315813441482275,13,0.9478260869565217,10.691831080356796,5,0.9819819819819819,0.9649040344692519,1
1804,9.983162579050166,59,0.7478260869565218,9.747866692879184,20,0.9144144144144144,0.831120250685468,29
1805,10.058238350446848,57,0.7565217391304347,8.525147730790193,45,0.8018018018018018,0.7791617704661182,47
1806,9.908490271958941,64,0.7260869565217392,9.63927883350801,21,0.9099099099099099,0.8179984332158245,35
1807,9.911257126727989,63,0.7304347826086957,10.90145315144147,3,0.990990990990991,0.8607128867998433,23
1808,8.808141522038175,96,0.5869565217391304,9.265817404513976,27,0.8828828828828829,0.7349197023110066,52
1809,8.65542398198379,99,0.5739130434782609,8.850203871324114,33,0.8558558558558559,0.7148844496670583,57
1810,9.633318909678607,73,0.6869565217391305,7.537989672973686,94,0.5810810810810811,0.6340188014101058,82
1811,10.23585897695265,51,0.782608695652174,7.196677432364291,113,0.49549549549549554,0.6390520955738348,79
1812,8.918375784294971,95,0.5913043478260869,5.969301985620282,163,0.2702702702702703,0.4307873090481786,125
1813,8.325758245843613,110,0.5260869565217392,6.6622333399510545,133,0.4054054054054054,0.4657461809635723,115
1814,10.578931536960962,37,0.8434782608695652,7.446242467062389,97,0.5675675675675675,0.7055229142185664,59
1815,12.245606455935867,17,0.9304347826086956,9.249283879608582,28,0.8783783783783784,0.9044065804935371,14
1816,11.028886367381665,29,0.8782608695652174,8.05772611910137,68,0.6981981981981982,0.7882295338817078,43
1817,9.668747196182073,71,0.6956521739130435,8.19634401031653,57,0.7477477477477478,0.7216999608303956,55
1818,9.748395654402874,69,0.7043478260869565,6.807497843019573,126,0.4369369369369369,0.5706423815119467,97
1819,7.403698675937394,138,0.4043478260869565,6.73998221095825,128,0.4279279279279279,0.4161378770074422,128
1820,5.082506187984654,216,0.06521739130434778,6.130612177992564,156,0.30180180180180183,0.1835095965530748,191
1821,4.170385484271635,230,0.004347826086956497,5.777703064134251,174,0.2207207207207207,0.11253427340383859,210
1822,8.087880286773906,118,0.491304347826087,5.470751118055528,186,0.16666666666666663,0.3289855072463768,148
1823,7.011897841187533,151,0.34782608695652173,5.523797779603265,183,0.18018018018018023,0.264003133568351,165
1824,6.4376080686788555,171,0.26086956521739135,5.290759621853542,192,0.13963963963963966,0.2002546024285155,183
1825,6.2171923213723534,180,0.22173913043478266,6.866122190822811,122,0.45495495495495497,0.3383470426948688,146
1826,5.865259986645644,193,0.16521739130434787,7.499320881232958,96,0.572072072072072,0.36864473168820994,140
1827,5.8377685305634825,194,0.16086956521739126,7.938357204706428,72,0.6801801801801801,0.4205248726987857,127
1828,6.117082185169346,183,0.20869565217391306,7.794431164365985,78,0.6531531531531531,0.4309244026635331,124
1829,10.185799972194184,53,0.7739130434782608,7.926951525201818,73,0.6756756756756757,0.7247943595769683,54
1830,9.27319658608325,82,0.6478260869565218,8.009368524517683,70,0.6891891891891893,0.6685076380728555,69
1831,8.97080474555667,91,0.6086956521739131,8.08702736776999,66,0.7072072072072072,0.6579514296905602,75
1832,8.942994325023433,92,0.6043478260869566,8.126768113374682,62,0.7252252252252251,0.6647865256560909,73
1833,9.49881962465266,77,0.6695652173913044,7.866914861285353,76,0.6621621621621622,0.6658636897767333,72
1834,7.975617363691806,120,0.4826086956521739,6.399401404110683,146,0.34684684684684686,0.4147277712495104,129
1835,8.463952490958123,105,0.5478260869565217,6.431293437835606,143,0.36036036036036034,0.454093223658441,119
1836,8.549438900668514,101,0.5652173913043479,6.432929883041123,142,0.3648648648648649,0.4650411280846064,117
1837,7.350795357363748,139,0.4,5.6328105908741,179,0.19819819819819817,0.2990990990990991,157
1838,6.315534547330059,176,0.23913043478260865,5.2347845704479825,196,0.1216216216216216,0.18037602820211512,192
1839,6.321527335684574,174,0.24782608695652175,5.443876310064389,187,0.16216216216216217,0.20499412455934196,181
1840,7.104273873537201,147,0.3652173913043478,6.088855880365868,157,0.29729729729729726,0.33125734430082254,147
1841,7.829291309616713,125,0.4608695652173913,5.490170793473773,185,0.1711711711711712,0.31602036819428125,152
1842,7.274115840050878,141,0.3913043478260869,6.399465356847329,145,0.3513513513513513,0.3713278495887191,139
1843,6.5486967378432395,167,0.27826086956521734,6.155974486964996,155,0.3063063063063063,0.2922835879357618,158
1844,7.4714772569138725,136,0.4130434782608695,6.551171591938828,135,0.39639639639639634,0.40471993732863293,132
1845,6.776974711283597,161,0.30434782608695654,6.702381360712897,131,0.4144144144144144,0.35938112025068547,143
1846,4.936650507790702,221,0.04347826086956519,5.906523995335602,167,0.25225225225225223,0.1478652565609087,199
1847,4.783232458715097,224,0.0304347826086957,6.837923541317334,124,0.44594594594594594,0.23819036427732082,171
1848,6.602429405724977,165,0.28695652173913044,7.272136923994581,105,0.5315315315315315,0.409244026635331,130
1849,9.591950940227857,75,0.6782608695652175,7.4453079181104,98,0.5630630630630631,0.6206619663141403,85
1850,10.28398325653563,48,0.7956521739130434,7.604719814276126,90,0.5990990990990991,0.6973756365060713,62
1851,9.87130470444159,66,0.7173913043478262,7.324570312978318,103,0.5405405405405406,0.6289659224441834,84
1852,10.194656344263366,52,0.7782608695652173,7.001578913229286,116,0.48198198198198194,0.6301214257735996,83
1853,10.508030962422898,40,0.8304347826086956,7.270732618684563,106,0.527027027027027,0.6787309048178614,66
1854,10.779261479333297,33,0.8608695652173913,7.319766078681202,104,0.5360360360360361,0.6984528006267137,61
1855,7.619426931458227,131,0.4347826086956522,5.256090675046312,194,0.13063063063063063,0.2827066196631414,161
1856,8.184790099291977,117,0.4956521739130435,5.356196255191989,189,0.15315315315315314,0.3244026635330983,149
1857,5.761677813075806,198,0.14347826086956517,5.778697067185082,173,0.22522522522522526,0.1843517430473952,189
1858,6.100426901386768,185,0.19999999999999996,5.546432362610346,181,0.18918918918918914,0.19459459459459455,185
1859,5.026479310510072,218,0.05652173913043479,5.5456428598719825,182,0.18468468468468469,0.12060321190755974,207
1860,4.655438115396303,226,0.021739130434782594,6.232682514531648,152,0.3198198198198198,0.17077947512730118,195
1861,6.009233038217484,190,0.17826086956521736,6.935885508722814,119,0.46846846846846846,0.3233646690168429,150
1862,9.127472864576939,86,0.6304347826086957,7.418816058802535,99,0.5585585585585586,0.5944966705836272,91
1863,10.847490246591539,32,0.8652173913043478,7.22729888090094,109,0.5135135135135135,0.6893654524089307,64
1864,10.173498803682838,54,0.7695652173913043,7.2089973743690665,112,0.5,0.6347826086956522,81
1865,9.91728032777079,62,0.7347826086956522,7.574684130406268,93,0.5855855855855856,0.6601840971406189,74
1866,10.453125200262482,42,0.8217391304347826,6.977507339010031,117,0.4774774774774775,0.64960830395613,77
1867,8.317598939904979,111,0.5217391304347826,5.65131620182947,178,0.20270270270270274,0.36222091656874267,142
1868,10.25976294695915,49,0.7913043478260869,8.132711417594992,61,0.7297297297297297,0.7605170387779083,49
1869,11.184102957366122,27,0.8869565217391304,8.636520901579791,41,0.8198198198198199,0.8533881707794752,25
1870,11.332878779100774,24,0.9,8.134338253988334,60,0.7342342342342343,0.8171171171171172,36
1871,9.049302857074862,88,0.6217391304347826,8.089970497618262,65,0.7117117117117118,0.6667254210732472,71
1872,6.7888320907895565,160,0.30869565217391304,6.857357425245246,123,0.4504504504504504,0.3795730513121817,136
1873,6.081090810375303,186,0.19565217391304346,6.038800947234496,159,0.28828828828828834,0.2419702311006659,168
1874,5.619111070348107,204,0.11739130434782608,5.408352484079008,188,0.1576576576576577,0.1375244810027419,203
1875,4.140028464643366,231,0.0,4.546744781173408,213,0.04504504504504503,0.022522522522522515,221
1876,7.0322685243475025,150,0.3521739130434782,5.039711801447729,200,0.10360360360360366,0.22788875832354094,174
1877,7.593975013879276,133,0.4260869565217391,5.511835679010312,184,0.17567567567567566,0.3008813160987074,155
1878,6.456412777289071,170,0.26521739130434785,4.888625463659254,204,0.0855855855855856,0.17540148844496672,193
1879,6.902358961358245,155,0.33043478260869563,4.274431055101147,220,0.013513513513513487,0.17197414806110456,194
1880,5.465341682898743,209,0.09565217391304348,3.8777814005093676,222,0.0045045045045044585,0.05007833920877397,215
1881,6.50989723161668,168,0.27391304347826084,5.1396584972219275,198,0.11261261261261257,0.1932628280454367,188
1882,5.726398218734841,200,0.13478260869565217,5.0853137522792675,199,0.10810810810810811,0.12144535840188014,205
1883,7.700819807545439,128,0.4478260869565217,6.031773103902599,160,0.28378378378378377,0.36580493537015274,141
1884,4.994947967212672,219,0.05217391304347829,5.796821108689555,172,0.22972972972972971,0.140951821386604,202
1885,6.858687168601244,157,0.32173913043478264,6.02596648230623,161,0.2792792792792793,0.300509204857031,156
1886,6.900614657960105,156,0.32608695652173914,5.666166923776527,176,0.21171171171171166,0.2688993341167254,164
1887,8.234808642873718,115,0.5043478260869565,5.288734869663388,193,0.1351351351351351,0.3197414806110458,151
1888,7.205956766578376,143,0.3826086956521739,5.01853848260138,201,0.09909909909909909,0.2408538973756365,170
1889,6.932654191548516,154,0.33478260869565213,5.976100276889152,162,0.27477477477477474,0.30477869173521344,154
1890,8.593040290068663,100,0.5695652173913044,6.1779735931866435,154,0.31081081081081086,0.4401880141010576,121
1891,9.7745989981855,67,0.7130434782608696,6.5112822614183,139,0.3783783783783784,0.545710928319624,104
1892,9.462294769465618,78,0.6652173913043478,5.9485637821095985,164,0.2657657657657657,0.46549157853505674,116
1893,6.078594780126313,187,0.19130434782608696,5.0013486354576004,202,0.09459459459459463,0.1429494712103408,201
1894,5.204071186163192,213,0.07826086956521738,3.956370387336225,221,0.009009009009009028,0.043634939287113206,217
1895,4.250192420243702,229,0.008695652173912993,4.46457739769059,216,0.03153153153153154,0.020113591852722268,222
1896,4.929205090571861,222,0.03913043478260869,4.309353064331387,219,0.018018018018018056,0.028574226400313374,219
1897,5.495686143540384,208,0.09999999999999998,4.497584806549503,214,0.04054054054054057,0.07027027027027027,212
1898,6.261662860609383,179,0.22608695652173916,5.6656049531204475,177,0.2072072072072072,0.21664708186447318,177
1899,7.420228475486727,137,0.408695652173913,6.538192877109006,137,0.3873873873873874,0.3980415197806502,133
1900,5.5127227883327645,207,0.10434782608695647,7.22600833506354,110,0.509009009009009,0.30667841754798275,153
1901,7.515242898743047,134,0.4217391304347826,8.55478390045392,44,0.8063063063063063,0.6140227183705445,86
1902,5.562517269533719,205,0.11304347826086958,6.450041666513109,141,0.36936936936936937,0.24120642381511948,169
1903,5.7888351351237475,196,0.15217391304347827,5.8790054663571825,169,0.2432432432432432,0.19770857814336074,184
1904,5.732856959244403,199,0.13913043478260867,5.89738455236154,168,0.24774774774774777,0.19343909126517822,187
1905,5.3297485331134835,211,0.08695652173913049,5.318810185072749,191,0.14414414414414412,0.1155503329416373,209
1906,5.125916621805818,215,0.06956521739130439,4.822545896061888,208,0.06756756756756754,0.06856639247943597,213
1907,6.339036803405135,173,0.25217391304347825,4.659069911518638,212,0.0495495495495496,0.15086173129651392,197
1908,6.937010964386251,153,0.33913043478260874,4.8601462609928445,206,0.07657657657657657,0.20785350567959265,180
1909,8.514075241071934,104,0.5521739130434782,6.279051469015802,151,0.32432432432432434,0.43824911868390126,122
1910,6.181265262692797,181,0.21739130434782605,4.833823131407054,207,0.07207207207207211,0.14473168820994908,200
1911,6.758401882305487,162,0.30000000000000004,5.91792091735459,165,0.26126126126126126,0.28063063063063065,162
1912,8.546039486452255,102,0.5608695652173913,7.521204826240772,95,0.5765765765765766,0.5687230708969839,98
1913,11.87858245355142,19,0.9217391304347826,9.778489341815972,19,0.9189189189189189,0.9203290246768507,13
1914,10.913081421469009,31,0.8695652173913043,9.572762822210153,22,0.9054054054054054,0.8874853113983548,17
1915,10.241293695216235,50,0.7869565217391304,9.897640955705397,16,0.9324324324324325,0.8596944770857815,24
1916,9.960229413680254,60,0.7434782608695651,9.53859017261849,23,0.9009009009009009,0.8221895808852331,33
1917,9.439682186951128,79,0.6608695652173913,8.741239985277725,36,0.8423423423423424,0.7516059537798668,50
1918,7.8820160025647095,123,0.4695652173913043,7.789923201728722,80,0.6441441441441442,0.5568546807677243,102
1919,9.521922591142882,76,0.6739130434782609,7.960823819074921,71,0.6846846846846847,0.6792988640814728,65
1920,9.755782932535103,68,0.7086956521739131,7.658826995774135,84,0.6261261261261262,0.6674108891500197,70
1921,10.660012564994947,35,0.8521739130434782,8.407834047302606,48,0.7882882882882882,0.8202311006658832,34
1922,9.05393859256027,87,0.6260869565217391,8.392934852660805,49,0.7837837837837838,0.7049353701527614,60
1923,10.514185774729969,39,0.8347826086956522,8.570703377570041,43,0.8108108108108107,0.8227967097532315,32
1924,10.46759563608499,41,0.8260869565217391,8.195413413802077,58,0.7432432432432432,0.7846650998824911,44
1925,8.541359799373602,103,0.5565217391304348,7.607748216012861,89,0.6036036036036037,0.5800626713670192,94
1926,6.0199080921360535,189,0.18260869565217386,6.53868062937197,136,0.3918918918918919,0.28725029377203287,159
1927,9.290160687886091,81,0.6521739130434783,8.290493305928937,53,0.7657657657657657,0.708969839404622,58
1928,10.411889461819486,46,0.8043478260869565,9.236535317679516,30,0.8693693693693694,0.836858597728163,27
1929,11.586514981315815,21,0.9130434782608696,9.94442642305647,15,0.9369369369369369,0.9249902075989033,12
1930,11.142074200170597,28,0.8826086956521739,10.558405245204922,8,0.9684684684684685,0.9255385820603212,11
1931,10.438650463697423,43,0.817391304347826,10.404968947135611,10,0.9594594594594594,0.8884253819036427,16
1932,10.093295860984645,56,0.7608695652173914,10.564520319380842,7,0.972972972972973,0.8669212690951822,22
1933,9.930708511217922,61,0.7391304347826086,9.050985428944395,32,0.8603603603603603,0.7997453975714846,40
1934,9.1928958475977,84,0.6391304347826087,9.88332625614373,17,0.9279279279279279,0.7835291813552683,45
1935,8.930474567646582,93,0.6,10.126523366883461,14,0.9414414414414415,0.7707207207207207,48
1936,9.043624577554462,89,0.6173913043478261,10.505730105251482,9,0.963963963963964,0.790677634155895,42
1937,8.280030767532095,112,0.5173913043478261,10.57791613984861,6,0.9774774774774775,0.7474343909126517,51
1938,10.029268454669014,58,0.7521739130434782,10.901178192778143,4,0.9864864864864865,0.8693301997649824,21
1939,11.246815365215276,26,0.8913043478260869,11.570107315266165,1,1.0,0.9456521739130435,5
1940,10.992695060636397,30,0.8739130434782609,11.367768944480666,2,0.9954954954954955,0.9347042694868782,9
1941,7.80174207537104,126,0.4565217391304348,8.581937781809,42,0.8153153153153153,0.6359185272228751,80
1942,6.106407150729828,184,0.20434782608695656,5.691276503425743,175,0.21621621621621623,0.2102820211515864,179
1943,7.034366617120312,149,0.35652173913043483,6.298111018022413,150,0.3288288288288288,0.3426752839796318,144
1944,8.697090047777339,98,0.5782608695652174,7.652377387966705,85,0.6216216216216216,0.5999412455934194,90
1945,10.144134909249788,55,0.7652173913043478,9.838475274555476,18,0.9234234234234234,0.8443204073638857,26
1946,14.982352659193964,7,0.9739130434782609,10.39894211849089,11,0.954954954954955,0.964433999216608,2
1947,14.911714359979829,8,0.9695652173913043,10.185930882541003,12,0.9504504504504504,0.9600078339208773,4
1948,16.166065298101888,6,0.9782608695652174,10.133144452021345,13,0.9459459459459459,0.9621034077555817,3
1949,17.18071463614049,3,0.991304347826087,9.477492571301923,24,0.8963963963963963,0.9438503721112417,6
1950,10.763113539117036,34,0.8565217391304347,8.424872442322862,47,0.7927927927927928,0.8246572659616138,31
1951,11.318522407030652,25,0.8956521739130435,7.896071823296894,74,0.6711711711711712,0.7834116725421074,46
1952,14.154735456244156,10,0.9608695652173913,8.44193656675196,46,0.7972972972972973,0.8790834312573443,19
1953,20.660577431932765,1,1.0,9.242406674307555,29,0.8738738738738738,0.9369369369369369,7
1954,12.88756342102422,16,0.9347826086956522,8.023229193159993,69,0.6936936936936937,0.814238151194673,38
1955,9.702980982718962,70,0.7,6.480664559154583,140,0.37387387387387383,0.5369369369369369,106
1956,7.613525086686692,132,0.4304347826086956,7.045071489063722,114,0.49099099099099097,0.4607128867998433,118
1957,12.0006508025903,18,0.9260869565217391,6.729634168353085,129,0.42342342342342343,0.6747551899725812,67
1958,10.412113897234935,45,0.808695652173913,7.042295407514003,115,0.4864864864864865,0.6475910693301998,78
1959,9.297827805349403,80,0.6565217391304348,7.379565754776676,102,0.545045045045045,0.6007833920877399,89
1960,8.207777999499175,116,0.5,8.109717193621849,64,0.7162162162162162,0.6081081081081081,87
1961,9.888053867097197,65,0.7217391304347827,8.116685671704973,63,0.7207207207207207,0.7212299255777517,56
1962,7.786687424024185,127,0.4521739130434783,7.637479883810175,87,0.6126126126126126,0.5323932628280454,107
1963,8.237480586256806,114,0.508695652173913,7.781311095223805,82,0.6351351351351351,0.571915393654524,96
1964,9.621599524838096,74,0.682608695652174,8.37594359311781,51,0.7747747747747747,0.7286917352134743,53
1965,7.200629914186096,144,0.37826086956521743,6.527262215448667,138,0.38288288288288286,0.38057187622405014,135
1966,4.440086860922429,228,0.013043478260869601,4.711451927085515,210,0.058558558558558516,0.03580101840971406,218
1967,4.652858541267027,227,0.017391304347826098,4.485691968988452,215,0.036036036036036,0.02671367019193105,220
1968,9.25250873390496,83,0.6434782608695653,6.662370483123757,132,0.40990990990990994,0.5266940853897376,109
1969,8.768018722130874,97,0.5826086956521739,7.401190731776989,101,0.5495495495495495,0.5660791226008617,99
1970,7.671409567136464,130,0.4391304347826087,7.270561070683847,107,0.5225225225225225,0.4808264786525656,112
1971,6.965292466714166,152,0.34347826086956523,7.6380809868039155,86,0.6171171171171171,0.4802976889933412,113
1972,5.513024286015731,206,0.10869565217391308,8.223832056273343,55,0.7567567567567568,0.43272620446533494,123
1973,8.343683402805599,109,0.5304347826086957,8.818305868620634,34,0.8513513513513513,0.6908930669800235,63
1974,8.251616400698847,113,0.5130434782608695,7.785379999701458,81,0.6396396396396397,0.5763415589502545,95
1975,7.1421680305320185,146,0.3695652173913043,6.957531615793436,118,0.472972972972973,0.4212690951821387,126
1976,7.68272663508781,129,0.4434782608695652,6.382345308102955,148,0.33783783783783783,0.3906580493537015,134
1977,5.659350433761514,202,0.12608695652173918,5.322368142947325,190,0.14864864864864868,0.13736780258519393,204
1978,5.205545651375968,212,0.08260869565217388,6.4248174908989455,144,0.3558558558558559,0.21923227575401488,176
1979,5.135324111697785,214,0.07391304347826089,6.627182123314648,134,0.4009009009009009,0.2374069721895809,172
1980,7.195266165968586,145,0.3739130434782608,6.822069812788186,125,0.4414414414414415,0.40767724245985115,131
1981,8.380071379066818,107,0.5391304347826087,7.253925168737581,108,0.5180180180180181,0.5285742264003134,108
1982,6.737482614849676,164,0.29130434782608694,6.8895732832727425,121,0.45945945945945943,0.3753819036427732,137
1983,6.297716387539938,178,0.23043478260869565,6.215021445748268,153,0.3153153153153153,0.2728750489620055,163
1984,6.412247878034296,172,0.25652173913043474,4.866051141729775,205,0.08108108108108103,0.1688014101057579,196
1985,4.68513414784139,225,0.02608695652173909,3.874315470377065,223,0.0,0.013043478260869545,223
1986,5.42898943484124,210,0.09130434782608698,4.3492817111981115,218,0.022522522522522515,0.05691343517430475,214
1987,6.299815121643487,177,0.23478260869565215,4.752712198622834,209,0.06306306306306309,0.14892283587935762,198
1988,7.084773249032995,148,0.36086956521739133,4.9223050630114455,203,0.09009009009009006,0.2254798276537407,175
1989,5.639087034627776,203,0.12173913043478257,5.226743326693113,197,0.11711711711711714,0.11942812377594986,208
1990,6.026745613246712,188,0.18695652173913047,5.820724940130854,171,0.23423423423423428,0.21059537798668237,178
1991,5.674360103636705,201,0.13043478260869568,5.906684402417822,166,0.2567567567567568,0.19359576968272624,186
1992,5.940302815420609,192,0.16956521739130437,6.078120385226055,158,0.2927927927927928,0.23117900509204858,173
1993,6.475608983575037,169,0.26956521739130435,5.843648563336699,170,0.23873873873873874,0.25415197806502154,167
1994,6.596337747373312,166,0.28260869565217395,5.255652395049769,195,0.12612612612612617,0.20436741088915006,182
1995,5.797568913642475,195,0.15652173913043477,4.692116360274851,211,0.05405405405405406,0.10528789659224441,211
1996,5.058060261534786,217,0.060869565217391286,4.4496797426319015,217,0.027027027027026973,0.04394829612220913,216
1997,7.873963454004168,124,0.4652173913043478,7.210302021745322,111,0.5045045045045045,0.48486094790442613,111
1998,7.321144076162496,140,0.3956521739130435,7.405305029732536,100,0.5540540540540541,0.4748531139835488,114
1999,8.430410210442286,106,0.5434782608695652,8.276072195806147,54,0.7612612612612613,0.6523697610654132,76
2000,10.320096814462591,47,0.8,8.684401246535826,39,0.8288288288288288,0.8144144144144144,37
2001,10.516924223103485,38,0.8391304347826087,8.709763123188214,38,0.8333333333333334,0.836231884057971,28
2002,7.968458807147945,121,0.4782608695652174,7.710049979661281,83,0.6306306306306306,0.5544457500979241,103
2003,4.884463551689861,223,0.034782608695652195,6.315309966140605,149,0.33333333333333337,0.18405797101449278,190
2004,4.98252947955296,220,0.047826086956521685,5.617926391106967,180,0.1936936936936937,0.1207598903251077,206
2005,6.004344816917041,191,0.17391304347826086,6.388084527502269,147,0.3423423423423423,0.2581276929103016,166
2006,6.1785134033040165,182,0.21304347826086956,6.929162880208314,120,0.463963963963964,0.3385037211124168,145
2007,8.369209709913575,108,0.5347826086956522,7.601709677930902,91,0.5945945945945945,0.5646886016451234,100
2008,7.903941046502919,122,0.4739130434782609,8.07264370088489,67,0.7027027027027026,0.5883078730904818,93
2009,7.510038673510895,135,0.4173913043478261,8.338840538999657,52,0.7702702702702703,0.5938307873090483,92
2010,6.756829639847165,163,0.29565217391304344,7.6200386454644615,88,0.6081081081081081,0.4518801410105758,120
2011,5.7772071207743725,197,0.14782608695652177,6.703134868696448,130,0.41891891891891897,0.28337250293772037,160
2012,6.836235019632472,158,0.31739130434782614,6.791577538306069,127,0.43243243243243246,0.3749118683901293,138
2013,6.318388357879528,175,0.24347826086956526,8.753812797536854,35,0.8468468468468469,0.5451625538582061,105
2014,7.269263047198546,142,0.3869565217391304,8.138668135117083,59,0.7387387387387387,0.5628476302389346,101
2015,6.79054616877768,159,0.31304347826086953,7.835140232617421,77,0.6576576576576576,0.48535056795926357,110
2016,9.650423863873698,72,0.691304347826087,7.793803659698955,79,0.6486486486486487,0.6699764982373678,68
2017,11.663081096994407,20,0.9173913043478261,7.872594757631562,75,0.6666666666666667,0.7920289855072464,41
2018,11.426250437028012,23,0.9043478260869565,8.204513128000539,56,0.7522522522522522,0.8283000391696044,30
2019,8.977727561957144,90,0.6130434782608696,7.5757709463709935,92,0.5900900900900901,0.6015667841754798,88
