boundary_year,window_years,left_start,left_end,right_start,right_end,score,n_axes,n_left_paragraphs,n_right_paragraphs,n_left_speeches,n_right_speeches,topic_score,combat_score,register_score,marker_score,stat_score,genre_score,rank
1793,4,1789,1792,1793,1796,14.061046482438334,63,93,160,9,12,7.186895385355994,1.2441280755218402,3.6106586225725055,4.545338190468479,2.973928544693975,10.098143507076161,11
1794,4,1790,1793,1794,1797,13.466748006631295,63,95,199,10,12,7.589902123100659,1.0921301095350529,4.93775960534326,4.159912721223293,3.581666933695378,8.248591253506573,12
1795,4,1791,1794,1795,1798,16.64759731191836,63,97,188,10,11,11.441256717557266,1.4063095776056456,4.9997910977649305,3.4909259508547055,3.1326135249441482,9.86228633950432,4
1796,4,1792,1795,1796,1799,19.331240333428408,63,92,196,11,11,14.210693503294797,1.6185638354781164,4.512532872118458,3.4409958389035165,4.632585805795059,10.745652030533648,2
1797,4,1793,1796,1797,1800,16.199187827197946,63,160,116,12,9,10.575290759531098,0.9759872195373382,1.8333520770628355,4.4587380495681455,3.195535659583284,10.77828314597034,5
1798,4,1794,1797,1798,1801,13.289254663357367,63,199,109,12,9,9.736727156261363,0.9801890218736345,1.7939528874988073,3.628656740512184,3.6357127105174283,7.157921462061359,14
1799,4,1795,1798,1799,1802,11.57329118595966,63,188,113,11,10,8.97127314246059,0.9341630448633381,1.4412771400371667,2.302800853219942,3.597902464529126,5.6797528798126,22
1800,4,1796,1799,1800,1803,10.598053993917814,63,196,142,11,12,6.9526382691612065,0.8977093325503872,3.407252560708947,3.9477037756834563,4.21343223440296,4.269302191639203,36
1801,4,1797,1800,1801,1804,14.242962326286523,63,116,142,9,11,10.0382278942047,0.8834376573869946,1.9899293411370174,6.759167789752304,4.064998929290547,5.92833114709883,9
1802,4,1798,1801,1802,1805,13.10698349811245,63,109,140,9,11,10.021725615340513,0.7000787654830002,1.750008381576086,5.363064191946686,2.803567120478442,5.584169264195401,15
1803,4,1799,1802,1803,1806,13.315813441482275,63,113,160,10,12,9.387741006143582,0.8421359893285569,2.7556148336432504,4.992002727061092,2.0998811074234482,7.179763810997818,13
1804,4,1800,1803,1804,1807,9.983162579050166,63,142,162,12,12,6.670990202923741,1.748224902803034,2.768919083006847,3.3799713603768895,3.1124477272789797,4.829770630289886,59
1805,4,1801,1804,1805,1808,10.058238350446848,63,142,168,11,12,6.64807590028607,1.6381574480943017,2.3282537228730904,3.2836363486443565,3.5123278013794894,5.074269017418599,57
1806,4,1802,1805,1806,1809,9.908490271958941,63,140,149,11,12,6.833588743273099,1.2686538283432383,1.0484354605909385,3.1931854395855046,4.2852852189599,4.495713763876053,64
1807,4,1803,1806,1807,1810,9.911257126727989,63,160,129,12,10,6.262149842980472,1.5298914390764233,1.8256317804676194,4.629831816964158,4.005801403707276,3.982864600215086,63
1808,4,1804,1807,1808,1811,8.808141522038175,63,162,98,12,8,5.806961912605983,0.8093851558975854,1.0330935983592404,4.133306860365289,3.6285379218571236,3.44813727278081,96
1809,4,1805,1808,1809,1812,8.65542398198379,63,168,130,12,11,5.780493563799139,1.9508394312091932,0.7131085077977817,4.396932279317913,3.855755586677722,1.728610894162815,99
1810,4,1806,1809,1810,1813,9.633318909678607,63,149,156,12,12,6.5132229247231805,3.5630061422620356,1.1660185703353418,4.068642315608201,4.332584220410275,0.9995058543911549,73
1811,4,1807,1810,1811,1814,10.23585897695265,63,129,155,10,12,6.194294974424679,5.274945374049024,2.2695227858653473,4.499812783712673,3.452633013355016,1.1219387584637557,51
1812,4,1808,1811,1812,1815,8.918375784294971,63,98,170,8,13,4.871737478186468,3.370984557419347,2.551693408525885,4.034034975322862,3.286674481670194,3.294428190971538,95
1813,4,1809,1812,1813,1816,8.325758245843613,63,130,141,11,10,5.579036378984519,3.1675533147750095,1.8115292069803566,3.136541345311186,3.6675080371214777,1.2605810435343103,110
1814,4,1810,1813,1814,1817,10.578931536960962,63,156,152,12,9,5.778710964577726,3.1603889959133538,2.325523394019886,4.092595561453197,5.360129931402285,4.200457484466579,37
1815,4,1811,1814,1815,1818,12.245606455935867,63,155,164,12,8,6.118115785627774,6.156303266036125,2.0816098369979485,4.769596264378553,4.7308995283616335,5.015965352530918,17
1816,4,1812,1815,1816,1819,11.028886367381665,63,170,164,13,6,5.95368880147998,4.505626545142279,1.6307397198233315,4.1897250132151065,4.530187136933588,5.01533153237649,29
1817,4,1813,1816,1817,1820,9.668747196182073,63,141,171,10,6,5.417105036806978,4.487502157807399,0.729896957596786,3.727738615906624,3.836327707557853,3.8543189684491006,71
1818,4,1814,1817,1818,1821,9.748395654402874,63,152,188,9,6,5.020636910696666,1.676273067631147,3.2014786389396415,4.153346881960276,5.50801604096509,3.0292796080026703,69
1819,4,1815,1818,1819,1822,7.403698675937394,63,164,190,8,6,3.9658128204611716,0.43604537625742895,1.6406562700392238,3.113895725324564,4.558443046058846,2.393625826692965,138
1820,4,1816,1819,1820,1823,5.082506187984654,63,164,206,6,6,3.257589251266839,0.4223417476296266,0.6736470354789218,1.6988502223126278,3.3148852463956686,0.8445426372358767,216
1821,4,1817,1820,1821,1824,4.170385484271635,63,171,247,6,6,2.7804209669650795,0.22812156696926658,0.8934611453529424,1.921790889019032,2.11346144101038,0.8068844914598335,230
1822,4,1818,1821,1822,1825,8.087880286773906,63,188,260,6,6,5.2656331055801235,0.5206328490233548,3.103726694835729,2.234382728906129,4.1138097297248715,2.4221562499709797,118
1823,4,1819,1822,1823,1826,7.011897841187533,63,190,276,6,6,4.512536160760691,0.28615332855860887,0.8148337514213666,2.4999598446783464,3.9427843283883033,2.5025074381484598,151
1824,4,1820,1823,1824,1827,6.4376080686788555,63,206,285,6,7,3.4099070161278133,0.25976920708072243,1.2854118175174423,2.9923617170788295,3.703406484840297,2.3294033502003164,171
1825,4,1821,1824,1825,1828,6.2171923213723534,63,247,271,6,7,2.9135198487639,0.3618699338684392,1.8672123554647062,2.82325693841712,3.991409791105149,1.6264435930894354,180
1826,4,1822,1825,1826,1829,5.865259986645644,63,260,274,6,7,4.585847244110748,0.40012069887806767,2.649419889878754,1.8052497955727358,0.9397535836122052,1.4316751781549866,193
1827,4,1823,1826,1827,1830,5.8377685305634825,63,276,385,6,10,3.473805698349596,0.6719032737686773,0.8779212122029627,1.6961244992764515,3.3077192020983315,2.6404869030991995,194
1828,4,1824,1827,1828,1831,6.117082185169346,63,285,393,7,10,3.057513114945941,0.503550896089307,1.9730811352604565,2.6402361179443123,3.2355403740744837,2.546394916349978,183
1829,4,1825,1828,1829,1832,10.185799972194184,63,271,517,7,14,4.26207668553805,0.803021265917865,2.9497962735042127,3.381204552740894,4.074063872168692,6.943237107391802,53
1830,4,1826,1829,1830,1833,9.27319658608325,63,274,613,7,16,5.35849924870847,1.6664874128153966,2.5060203997377988,2.126912979249252,2.764594443237478,6.004548353363823,82
1831,4,1827,1830,1831,1834,8.97080474555667,63,385,637,10,15,6.14204786544866,3.0201262716932122,1.4293123210858765,1.3537244599694136,1.8906045601259738,5.116593972260412,91
1832,4,1828,1831,1832,1835,8.942994325023433,63,393,648,10,14,6.040111020548142,3.4424166185026754,1.8078626862979257,1.718396898198915,2.0540364272679446,4.604742462366288,92
1833,4,1829,1832,1833,1836,9.49881962465266,63,517,574,14,11,3.800962228936284,1.957977558649441,2.342584846358748,1.9488654913765862,1.7107761437251576,7.728780550378185,77
1834,4,1830,1833,1834,1837,7.975617363691806,63,613,631,16,10,4.078682986315748,0.31212555188806623,0.3146628981139344,1.6002012365529088,2.2626028794274795,6.252868665029742,120
1835,4,1831,1834,1835,1838,8.463952490958123,63,637,530,15,10,4.473034654524641,1.5461350938253378,1.5753412303413716,2.2088774251140757,2.537470991823978,5.953177346150485,105
1836,4,1832,1835,1836,1839,8.549438900668514,63,648,560,14,11,4.687272160538299,2.074913053009938,1.7190229939442354,2.867070867303254,2.1651212482517117,5.563653080510731,101
1837,4,1833,1836,1837,1840,7.350795357363748,63,574,517,11,10,3.8478691094623088,1.9023336127202393,1.8072198188134718,2.8798734103401524,2.2092360349724274,4.378217027156583,139
1838,4,1834,1837,1838,1841,6.315534547330059,63,631,490,10,13,2.3062296172480248,1.2952622921306738,0.8859719181691459,1.2388822065130847,2.9316456317674655,4.687777265823495,176
1839,4,1835,1838,1839,1842,6.321527335684574,63,530,605,10,17,2.287452689609932,1.2510338505985055,1.2445963731161247,2.0416453198935325,2.1568173213380275,4.774409455777705,174
1840,4,1836,1839,1840,1843,7.104273873537201,63,560,552,11,16,3.4563673444183425,1.2806579037362062,0.9071680899080554,2.479406891070871,2.477614642926765,4.875977911206886,147
1841,4,1837,1840,1841,1844,7.829291309616713,63,517,595,10,19,4.017102123277349,0.8717904703218898,1.0877432639740547,2.7655628867822264,3.085649656572543,5.103716001667993,125
1842,4,1838,1841,1842,1845,7.274115840050878,63,490,523,13,15,5.035588369627732,0.2623155128853862,1.5693746280721697,2.384107253643376,3.345701209530925,2.8541515191524742,141
1843,4,1839,1842,1843,1846,6.5486967378432395,63,605,518,17,19,4.399035540752173,2.235356135752978,0.5745784110809188,2.170059845125337,2.6591037842262306,2.53514599275811,167
1844,4,1840,1843,1844,1847,7.4714772569138725,63,552,582,16,20,3.8969011635175543,3.253070490822443,1.1031714725667645,2.827134024760999,3.4127419635197063,3.0328508540121475,136
1845,4,1841,1844,1845,1848,6.776974711283597,63,595,678,19,24,2.720676007007861,2.3420319852226594,0.4364519131558897,3.1186291903501453,3.40800810691897,3.392541366916004,161
1846,4,1842,1845,1846,1849,4.936650507790702,63,523,642,15,25,3.1847785758863445,1.7454421211126165,0.7930494309058594,2.2236039040341193,1.6427656856740378,1.7056126877364202,221
1847,4,1843,1846,1847,1850,4.783232458715097,63,518,546,19,20,2.89087876960298,1.589760209254723,0.95350911333469,1.491497781495253,1.615289110155007,2.500378171363662,224
1848,4,1844,1847,1848,1851,6.602429405724977,63,582,535,20,20,3.851079638830854,2.6715354274226035,1.2449582538589792,1.6811359527790242,3.3223100758832316,2.4920422843718213,165
1849,4,1845,1848,1849,1852,9.591950940227857,63,678,485,24,14,4.834626945835624,2.191471973052047,0.4477779998982066,2.8229969065554563,3.5518742204108094,6.560771949735194,75
1850,4,1846,1849,1850,1853,10.28398325653563,63,642,468,25,12,5.602588096407115,2.0424168444468136,1.2689786287113374,2.6685608776065943,3.6725019263969343,6.926836028030013,48
1851,4,1847,1850,1851,1854,9.87130470444159,63,546,800,20,15,6.224461529955032,0.7546961380734708,1.8662548546613882,3.047681264025684,2.910678722999246,6.073372215751033,66
1852,4,1848,1851,1852,1855,10.194656344263366,63,535,784,20,14,6.093841119718627,0.9937077336680765,1.8828233633052518,3.4129536282859716,3.065584064246981,6.420092007448217,52
1853,4,1849,1852,1853,1856,10.508030962422898,63,485,748,14,16,5.600734450659794,1.5524596836589286,1.980663618045769,2.9636072246056773,2.2871932578421736,7.661795357665241,40
1854,4,1850,1853,1854,1857,10.779261479333297,63,468,781,12,16,5.8647736400731585,1.700885642675604,2.3725034515933086,2.9015314569752615,2.6393256752746304,7.608560887400367,33
1855,4,1851,1854,1855,1858,7.619426931458227,63,800,558,15,10,4.384133802545529,1.9324343279206178,0.24453417842976213,2.190482157847034,1.8588420552827942,5.175657668231945,131
1856,4,1852,1855,1856,1859,8.184790099291977,63,784,592,14,12,5.039140124175065,1.030967911185796,0.8957443695314559,2.3613786500123997,2.7743758896764836,5.143863554080941,117
1857,4,1853,1856,1857,1860,5.761677813075806,63,748,746,16,13,3.2343162863364583,1.0258983280244975,0.49263436805955074,1.9910778715838922,3.659427859703275,2.021180355759556,198
1858,4,1854,1857,1858,1861,6.100426901386768,63,781,785,16,18,4.050312567057242,1.1082557340172718,0.9013805737143048,2.145954051313647,2.768638007061766,2.549310411298208,185
1859,4,1855,1858,1859,1862,5.026479310510072,63,558,646,10,16,2.5978309794449856,0.8907984961835436,0.8181610957454319,2.272840219786597,2.887483015144473,1.8842765440348956,218
1860,4,1856,1859,1860,1863,4.655438115396303,63,592,588,12,17,3.0116373603051643,0.6057135792090306,1.1166911482106046,2.160330925264338,1.4962586873059796,2.0207515012431916,226
1861,4,1857,1860,1861,1864,6.009233038217484,63,746,372,13,13,2.9316941146613797,1.950170085048256,2.3105199788715742,2.32666441556754,2.153461620483835,2.8850686540734927,190
1862,4,1858,1861,1862,1865,9.127472864576939,63,785,314,18,16,3.901087546484992,2.5293144483014003,2.783745166853397,3.6388372563366636,2.9354878757394243,5.6645725760347805,86
1863,4,1859,1862,1863,1866,10.847490246591539,63,646,394,16,21,2.0804705042100275,1.663783925713344,1.3031944935050526,4.3600704108011294,5.175440053756725,7.942153395299896,32
1864,4,1860,1863,1864,1867,10.173498803682838,63,588,593,17,26,1.6415388161830176,1.0887844883874167,0.4489875542519503,3.5639324936295247,3.8189246344591576,8.493090518453634,54
1865,4,1861,1864,1865,1868,9.91728032777079,63,372,731,13,32,3.4292946717626904,2.0818375522012063,1.986369673529039,3.2328773112019724,3.4024084708584965,7.5023193725863475,62
1866,4,1862,1865,1866,1869,10.453125200262482,63,314,699,16,27,4.280160864642435,2.2193577550411616,2.848316915465086,3.3984819509790754,2.834781966921928,7.637010079752657,42
1867,4,1863,1866,1867,1870,8.317598939904979,63,394,698,21,28,3.5229879541374878,1.5933800478944744,1.4635321227052136,2.892362614991952,1.7533763038051458,6.375745586952469,111
1868,4,1864,1867,1868,1871,10.25976294695915,63,593,494,26,25,5.040237727416644,1.1916899898317255,3.487860711591229,3.494900585988781,2.024529663874541,7.068266515754927,49
1869,4,1865,1868,1869,1872,11.184102957366122,63,731,393,32,19,6.879396337074668,2.0350049401009014,3.1945290749355295,3.5999593209893144,2.6532422903476167,6.588808854223866,27
1870,4,1866,1869,1870,1873,11.332878779100774,63,699,413,27,16,6.984957536040838,2.1881212903467184,3.128174589711181,3.349964736881588,2.6044603752511146,6.860443208125285,24
1871,4,1867,1870,1871,1874,9.049302857074862,63,698,352,28,12,4.916267728716826,2.2924443146616893,3.491975678482467,2.2243262254258394,2.3522920526167304,5.458030201985144,88
1872,4,1868,1871,1872,1875,6.7888320907895565,63,494,426,25,10,4.019300306850927,1.29614468520292,0.3807735373575228,1.897070184262946,2.7348895142855025,4.126740933131419,160
1873,4,1869,1872,1873,1876,6.081090810375303,63,393,413,19,12,3.0670291509593053,0.7418153629270909,1.1081706581810513,2.1447772193604284,3.764376722972839,2.650295069934958,186
1874,4,1870,1873,1874,1877,5.619111070348107,63,413,421,16,15,3.4280941955519917,0.7089667277173142,1.4018187405122773,2.1107792865547497,2.937805540297101,2.0660975814130498,204
1875,4,1871,1874,1875,1878,4.140028464643366,63,352,400,12,14,2.0923286997158614,0.38051112886071115,2.2902184083092347,1.6838796275674537,1.4675930416008103,1.5436409192443263,231
1876,4,1872,1875,1876,1879,7.0322685243475025,63,426,457,10,16,3.6601129338031337,0.5047967363172481,1.5165588772429237,3.0006143840235437,2.115279352140608,4.4747636717477475,150
1877,4,1873,1876,1877,1880,7.593975013879276,63,413,500,12,16,3.453246663538291,0.41119790514824106,0.8096053491407548,3.110191454002825,3.223237286917359,4.985624330542986,133
1878,4,1874,1877,1878,1881,6.456412777289071,63,421,568,15,15,3.118968619238036,0.42541977760010413,0.9281124759380545,2.6809144536002236,2.7633316128965237,4.01143640575653,170
1879,4,1875,1878,1879,1882,6.902358961358245,63,400,647,14,18,3.8935328391896458,0.5103573276076896,1.3346788529536782,2.864326713048551,2.0362798068689485,4.253272392909244,155
1880,4,1876,1879,1880,1883,5.465341682898743,63,457,531,16,13,2.7294262170249395,0.6459747914326606,2.699893242651658,2.1969311183192612,1.31050348499545,2.858244139491954,209
1881,4,1877,1880,1881,1884,6.50989723161668,63,500,514,16,13,3.2052038892051575,0.9020243681692716,2.2572556183600163,2.662405511271802,1.5695902049496722,4.079774820933283,168
1882,4,1878,1881,1882,1885,5.726398218734841,63,568,532,15,11,3.2625703427841093,0.6399218594790851,1.2712984671159702,1.852626516485364,1.400452030579866,3.8377181553163298,200
1883,4,1879,1882,1883,1886,7.700819807545439,63,647,560,18,12,3.977101094694361,0.5838343746372051,0.574253218989163,3.0743397384221356,2.1682600464941846,5.3536666685434575,128
1884,4,1880,1883,1884,1887,4.994947967212672,63,531,551,13,14,3.164706678570559,0.15016618607755802,1.43091575574556,1.989042240211492,2.4190727099174367,1.748103326773934,219
1885,4,1881,1884,1885,1888,6.858687168601244,63,514,651,13,14,3.0428046217040237,0.29809549119822665,1.2309946418152737,2.6043576928823877,3.457311520063912,4.176486446952635,157
1886,4,1882,1885,1886,1889,6.900614657960105,63,532,604,11,16,3.165894785774431,0.273096061091196,0.5763230368022572,2.213871953581886,3.295236188915428,4.629152470391667,156
1887,4,1883,1886,1887,1890,8.234808642873718,63,560,532,12,15,3.5142549816479858,0.2925013901462594,0.38706842943221154,1.7178846561794927,4.113740472192901,5.945815159581954,115
1888,4,1884,1887,1888,1891,7.205956766578376,63,551,589,14,14,2.6114467614965493,0.41949270741996075,1.1667855609355442,1.5298981172117598,3.7707144251730758,5.197106938636463,143
1889,4,1885,1888,1889,1892,6.932654191548516,63,651,593,14,15,2.7354255360535085,1.6641062486302796,2.0768549962690654,1.656737806049072,3.543279611962631,4.265788840003817,154
1890,4,1886,1889,1890,1893,8.593040290068663,63,604,671,16,17,3.249846165226292,1.7590670760299256,3.264921964537794,1.7729440873951658,4.207955135546845,5.354866175434168,100
1891,4,1887,1890,1891,1894,9.7745989981855,63,532,738,15,15,3.5281027706590464,1.4186962599019473,3.264754024018794,2.340883886314352,5.179372493962851,6.174003700951686,67
1892,4,1888,1891,1892,1895,9.462294769465618,63,589,767,14,19,4.39612392498292,1.3747149412954507,3.13786028601755,2.4502295937668235,4.530038162165192,5.652277203324195,78
1893,4,1889,1892,1893,1896,6.078594780126313,63,593,688,15,17,4.571914887289865,1.2151863958663687,1.0504404951470105,2.5684917398419285,1.8186605438910313,1.8873604749147768,187
1894,4,1890,1893,1894,1897,5.204071186163192,63,671,621,17,18,3.4599000186665165,1.7572617558927932,1.1311227120979912,1.8317475614674414,1.2647097834254988,2.406086311357924,213
1895,4,1891,1894,1895,1898,4.250192420243702,63,738,656,15,19,3.270520175591948,1.1916484413767001,0.7300490438083017,1.3755094625879405,1.3372255038089111,1.3170563565148365,229
1896,4,1892,1895,1896,1899,4.929205090571861,63,767,685,19,14,3.389855258230912,1.4302692945093283,0.9090899073858059,1.6451122063066923,1.554773777065443,2.1931971569941506,222
1897,4,1893,1896,1897,1900,5.495686143540384,63,688,751,17,14,4.220293509831198,0.37872738003776246,0.9132019857380002,2.008939950726714,2.2207108857299738,1.5642634114518204,208
1898,4,1894,1897,1898,1901,6.261662860609383,63,621,771,18,11,5.122098294300334,0.4866152490699151,1.0798321527517538,2.456761022491043,1.7345708773555704,1.589115513269982,179
1899,4,1895,1898,1899,1902,7.420228475486727,63,656,654,19,9,5.051288801612244,0.3860189867945539,2.4976359558721333,3.0075577268928284,3.2637823446631082,1.859945529033645,137
1900,4,1896,1899,1900,1903,5.5127227883327645,63,685,675,14,13,2.9237652416669917,0.3913736166652312,2.6905903407402127,2.1270474634500975,2.971053018570409,1.047746492330721,207
1901,4,1897,1900,1901,1904,7.515242898743047,63,751,634,14,13,4.223044507930272,0.5230134475669409,3.3558096325143474,2.187686983026839,4.532367229054397,1.3347069043144018,134
1902,4,1898,1901,1902,1905,5.562517269533719,63,771,661,11,11,3.2468870897497224,0.8447155219377052,2.7217996364221593,1.4881626709743947,2.9075434618961995,1.2685219384583644,205
1903,4,1899,1902,1903,1906,5.7888351351237475,63,654,904,9,15,3.7165430010039286,0.3415239583110403,0.8052815267928413,2.0548460717108243,2.1010106882802777,3.2087637964088707,196
1904,4,1900,1903,1904,1907,5.732856959244403,63,675,915,13,11,3.708215138180265,0.36616833775848673,1.2004712611412034,2.5461203332728535,3.277797358298868,0.5593698509469608,199
1905,4,1901,1904,1905,1908,5.3297485331134835,63,634,928,13,11,3.395857449348671,0.442975923440604,0.5415611428670005,2.422759057251992,3.039002109029176,1.1311764679026255,211
1906,4,1902,1905,1906,1909,5.125916621805818,63,661,947,11,14,3.162970579434935,0.5819784515039123,1.1822638522881008,2.1633674601546575,2.861525741216163,1.2906212680695603,215
1907,4,1903,1906,1907,1910,6.339036803405135,63,904,917,15,11,4.695295007240345,0.3502536162082868,2.382406393236,2.185342264598414,1.8003624886254088,2.0789489334325477,173
1908,4,1904,1907,1908,1911,6.937010964386251,63,915,935,11,13,4.241356985242932,0.4490223687754012,2.8147559404065867,3.2376707827724784,3.22295725893208,1.067039999957672,153
1909,4,1905,1908,1909,1912,8.514075241071934,63,928,969,11,12,4.212989574810646,0.7670113117544699,3.7054592746516217,3.713519333514309,5.055134607022972,1.0377136065427788,104
1910,4,1906,1909,1910,1913,6.181265262692797,63,947,828,14,13,2.962063303801502,0.7625240837508489,2.526128514156433,3.1686466298244516,3.262449687820004,1.336994223419172,181
1911,4,1907,1910,1911,1914,6.758401882305487,63,917,628,11,17,4.054042559774288,0.3060861393273477,2.0423581106831947,1.9530555597402919,3.2565269826673573,3.2490653334542703,162
1912,4,1908,1911,1912,1915,8.546039486452255,63,935,449,13,16,5.164758488668935,0.2970771005991652,3.2951345851321987,2.446504289984625,2.9866366958201236,4.528632456510026,102
1913,4,1909,1912,1913,1916,11.87858245355142,63,969,379,12,20,5.646335115773002,1.611136608053979,5.923595100921372,4.17796219708672,4.3246049677529035,5.947882356716397,19
1914,4,1910,1913,1914,1917,10.913081421469009,63,828,466,13,24,5.819848517725475,2.3893188059526422,5.519342755698702,3.836937217659158,4.054674085965505,4.229686912209897,31
1915,4,1911,1914,1915,1918,10.241293695216235,63,628,418,17,19,5.796795080617898,2.617922986212749,3.2708089969681624,3.4624518028753433,3.7082009531541433,5.290578823947621,50
1916,4,1912,1915,1916,1919,9.960229413680254,63,449,401,16,19,4.917074983419281,2.6975600298552287,1.6632192582096914,3.2061566891940547,3.6611895533255465,6.426637184716245,60
1917,4,1913,1916,1917,1920,9.439682186951128,63,379,381,20,25,5.225707857607914,1.5756771074490317,0.5111417532964163,3.4978076333683283,2.762327635089792,6.260226891658558,79
1918,4,1914,1917,1918,1921,7.8820160025647095,63,466,298,24,20,3.829105971757498,1.3452932507284878,1.0975505753503179,3.9497877153498253,2.4440128918130206,4.782851713586065,123
1919,4,1915,1918,1919,1922,9.521922591142882,63,418,294,19,19,4.906393628064402,1.7313433636471771,1.7607702237251912,4.6851329995581334,3.4177038115558926,5.183172697058391,76
1920,4,1916,1919,1920,1923,9.755782932535103,63,401,307,19,18,5.321554331215685,2.108172201923636,1.4921595496067028,4.522671522361152,3.4144090092980557,5.2983661057220734,68
1921,4,1917,1920,1921,1924,10.660012564994947,63,381,247,25,8,6.332529685565511,2.4041274028882436,2.7872912950112694,2.7885812737523623,3.8601980141895176,6.108093000736226,35
1922,4,1918,1921,1922,1925,9.05393859256027,63,298,341,20,7,4.053052738386933,1.1612777656920839,2.65299671408176,4.021378609823854,3.6203879258620573,5.28023818273479,87
1923,4,1919,1922,1923,1926,10.514185774729969,63,294,409,19,8,3.6469251892670504,1.3017198103387564,2.3173182599909965,4.675087932513838,4.0919712295559,7.18212538643386,39
1924,4,1920,1923,1924,1927,10.46759563608499,63,307,463,18,10,5.0681771385745344,0.9991653341751398,1.8340395032694852,4.780376488945584,3.977760296573315,6.391207262715466,41
1925,4,1921,1924,1925,1928,8.541359799373602,63,247,536,8,11,4.502564304497268,0.4966667024364624,3.15128155374547,2.8470358209846918,2.6467065966047825,5.233910573123663,103
1926,4,1922,1925,1926,1929,6.0199080921360535,63,341,510,7,16,3.5674321987565567,0.41100237560910685,1.0022481241484122,2.3403666769523057,2.6699032926747446,3.1198712978423533,189
1927,4,1923,1926,1927,1930,9.290160687886091,63,409,489,8,21,3.323222892426822,0.4399748984035977,1.552207865493647,2.686532218744563,2.831727348608667,7.577876543323863,81
1928,4,1924,1927,1928,1931,10.411889461819486,63,463,479,10,25,6.4425782136819745,0.47793411721089624,1.5515716094734615,3.1530195918135457,2.5843930093289136,6.902478748463599,46
1929,4,1925,1928,1929,1932,11.586514981315815,63,536,644,11,29,6.930489447221193,3.9175708862867826,2.428655428157721,3.7045479303447357,3.0097305905104315,6.495210774157686,21
1930,4,1926,1929,1930,1933,11.142074200170597,63,510,585,16,25,7.421292069523603,4.465981670905209,2.061455768382872,3.6747501190205982,3.138890848354657,4.638881884241775,28
1931,4,1927,1930,1931,1934,10.438650463697423,63,489,530,21,20,6.567518132697264,4.7229057501702645,1.1718648333074926,3.9737152496280417,3.3574432012392963,3.8847374985621,43
1932,4,1928,1931,1932,1935,10.093295860984645,63,479,454,25,14,4.501304012889447,5.543965258314163,0.6731548696429367,4.039722939443119,3.213845408161956,4.87606721877068,56
1933,4,1929,1932,1933,1936,9.930708511217922,63,644,234,29,11,6.459048680074676,2.5634565480454645,1.9143916207331624,3.2111593967946597,4.253156713784872,4.273472853349505,61
1934,4,1930,1933,1934,1937,9.1928958475977,63,585,240,25,11,6.205810101414421,2.317867489820993,2.931871921253218,2.767507341244687,2.9995146292555264,3.920801894000575,84
1935,4,1931,1934,1935,1938,8.930474567646582,63,530,265,20,12,5.357801562855853,2.69439069462651,2.9347497610292907,3.016013925958681,3.0159442102747707,4.120992788179055,93
1936,4,1932,1935,1936,1939,9.043624577554462,63,454,251,14,12,4.993177428934667,3.4123190946166546,3.197347457775818,3.377547013485594,2.3983036677208487,4.222403105197898,89
1937,4,1933,1936,1937,1940,8.280030767532095,63,234,301,11,13,6.721553715780967,1.5411080711119893,2.2208042964353063,2.6910333228736367,2.3129442519530214,1.8658156098013399,112
1938,4,1934,1937,1938,1941,10.029268454669014,63,240,379,11,16,8.111671890800364,3.6105216080948326,1.4158376274749263,3.314419205939682,2.483994838219133,1.6096388951946898,58
1939,4,1935,1938,1939,1942,11.246815365215276,63,265,421,12,17,8.728262444417894,4.438173107338974,1.0523953226451928,4.378149833823523,2.5735351541562457,1.926679775595128,26
1940,4,1936,1939,1940,1943,10.992695060636397,63,251,534,12,22,8.457837693593305,4.508443564155399,1.1187338926282033,4.25193176362838,2.173352683461779,2.219079030142997,30
1941,4,1937,1940,1941,1944,7.80174207537104,63,301,483,13,22,5.424489480608659,3.2149182046420615,1.3276863270472459,3.2436796880144527,2.3814136170436124,1.7751209834643384,126
1942,4,1938,1941,1942,1945,6.106407150729828,63,379,478,16,23,3.723699457623498,1.25549577401208,1.7263133029077102,2.53414473688917,2.6454560042839077,2.3335630189295644,184
1943,4,1939,1942,1943,1946,7.034366617120312,63,421,367,17,19,3.73082946479439,2.118051081103538,0.7105223002138489,4.064273676802082,2.5483429846597514,2.749521849340851,149
1944,4,1940,1943,1944,1947,8.697090047777339,63,534,284,22,16,5.3102711914331335,3.135832365276984,1.1545321941654563,4.196456527757052,1.3258443375805677,4.111677925768335,98
1945,4,1941,1944,1945,1948,10.144134909249788,63,483,253,22,16,6.20438567656281,2.5590505901045004,1.0066997632497992,5.389761916884579,2.3354160356130977,4.726857890542396,55
1946,4,1942,1945,1946,1949,14.982352659193964,63,478,96,23,8,7.416818366876222,5.191060544892224,1.1980896960322884,6.792122783913347,6.443974620096423,7.308996319642447,7
1947,4,1943,1946,1947,1950,14.911714359979829,63,367,96,19,8,7.303388374900301,5.263628253357187,1.1701146205717754,6.7430777370450175,6.655958572623449,7.083354494578974,8
1948,4,1944,1947,1948,1951,16.166065298101888,63,284,76,16,6,7.573521066196113,7.878914363698696,1.7914776191186497,7.845983160501637,2.9045007773076725,8.288617843272842,6
1949,4,1945,1948,1949,1952,17.18071463614049,63,253,126,16,6,11.366898185961924,4.385656397274637,2.102526417599591,9.119037471452115,3.306442584795388,6.944535599628757,3
1950,4,1946,1949,1950,1953,10.763113539117036,63,96,282,8,10,4.559104728735712,3.954821616963465,1.873435808882567,5.64274099317424,3.7380035371059215,5.485946136891405,34
1951,4,1947,1950,1951,1954,11.318522407030652,63,96,347,8,11,4.312256431923903,4.781454464676348,2.3142300510143348,5.40012413126949,4.186590123096383,5.882733116933613,25
1952,4,1948,1951,1952,1955,14.154735456244156,63,76,402,6,11,4.6937102753278275,7.691153751953276,3.7939083703542544,7.562460530407317,2.6062409461410323,6.387075370261239,10
1953,4,1949,1952,1953,1956,20.660577431932765,63,126,435,6,9,12.414665818334221,7.681139431601258,5.614344928206535,10.905434392249017,4.904114859808186,6.26385812878581,1
1954,4,1950,1953,1954,1957,12.88756342102422,63,282,351,10,7,7.429077252680444,3.913549171198266,3.6298426307244727,6.883287440526637,4.819272785366419,3.4353225899078192,16
1955,4,1951,1954,1955,1958,9.702980982718962,63,347,344,11,7,5.394440634148993,2.8636686793285904,2.0895892027362217,5.532474627385545,3.86458120903303,2.6339334521989515,70
1956,4,1952,1955,1956,1959,7.613525086686692,63,402,328,11,7,4.704820799831943,2.3007192157044623,1.7661883155084273,3.894165349389075,2.9148191110369273,1.9382985304842553,132
1957,4,1953,1956,1957,1960,12.0006508025903,63,435,680,9,12,4.08806879815307,4.346412224649692,3.276185323438577,5.240797848523003,6.525727772064648,5.256190506726402,18
1958,4,1954,1957,1958,1961,10.412113897234935,63,351,1132,7,31,4.446601642453475,3.256059672361591,2.937421108205577,4.754755550178477,5.386555758728709,4.217439863420146,45
1959,4,1955,1958,1959,1962,9.297827805349403,63,344,1267,7,37,3.6817277110488837,2.8792232669652846,2.6414211344515057,4.52640693452942,4.427481791236927,4.1876599647501624,80
1960,4,1956,1959,1960,1963,8.207777999499175,63,328,1526,7,50,3.594331290586034,2.595988902366716,2.2475094376411744,3.8185617460107553,3.0812151015742693,4.310759202137541,116
1961,4,1957,1960,1961,1964,9.888053867097197,63,680,1743,12,60,3.7457122229949285,3.8476936580286862,1.2593067395794977,3.091917198185816,4.318721058744144,6.256304478448947,65
1962,4,1958,1961,1962,1965,7.786687424024185,63,1132,1915,31,59,3.289870906754367,2.7680483614284848,1.5938823239781499,1.9656860577170703,1.9227714052947045,5.660894479490714,127
1963,4,1959,1962,1963,1966,8.237480586256806,63,1267,2105,37,64,3.4172500254043805,2.576745731436748,1.6749923758718226,1.9751793501279502,2.0729006045402922,6.207658195136868,114
1964,4,1960,1963,1964,1967,9.621599524838096,63,1526,2360,50,60,4.1855960711938645,1.8708502008316776,2.35188707230088,2.4346622813339414,2.748549032883562,7.2486141751405055,74
1965,4,1961,1964,1965,1968,7.200629914186096,63,1743,1883,60,50,4.195821546009692,0.6581209018296881,1.8602679967521443,2.259690630897164,2.8024218678574857,4.170211325716826,144
1966,4,1962,1965,1966,1969,4.440086860922429,63,1915,1318,59,32,3.2861291976587896,0.39905216442585123,1.2257086805518576,1.7532419521578888,1.4906743226549333,1.3993407556017632,228
1967,4,1963,1966,1967,1970,4.652858541267027,63,2105,999,64,22,2.9612270693470926,0.37324073186121337,1.3718565739997586,1.6030688107197497,1.7719010024740616,2.2692432595008163,227
1968,4,1964,1967,1968,1971,9.25250873390496,63,2360,507,60,16,2.7651097367056896,0.49780293153424315,2.3713564613283458,2.613964117475722,3.90168943347955,7.073609965700584,83
1969,4,1965,1968,1969,1972,8.768018722130874,63,1883,371,50,14,2.8089008803088658,0.8044753787052622,2.2419811063233035,3.3306926658724083,2.9249634212630364,6.60799845565667,97
1970,4,1966,1969,1970,1973,7.671409567136464,63,1318,294,32,15,2.8998991030200427,0.44188520312823965,1.6097545941154459,3.454738746920727,2.370968898692495,5.486148396187843,130
1971,4,1967,1970,1971,1974,6.965292466714166,63,999,471,22,23,3.5630044659865794,0.965695051031669,0.8434216017544058,3.137839066326926,2.7207851932751375,4.114324406050051,152
1972,4,1968,1971,1972,1975,5.513024286015731,63,507,571,16,25,3.340416104890877,0.5783342237498523,0.4367394376656511,2.643566593384539,2.123545426592552,2.6855084623123386,206
1973,4,1969,1972,1973,1976,8.343683402805599,63,371,975,14,26,4.3764822420401,3.111218315762598,1.771547630754753,3.0461915084886892,3.000138330372657,4.400600275784205,109
1974,4,1970,1973,1974,1977,8.251616400698847,63,294,1125,15,30,4.989544149046986,2.54492555900546,1.874058471158127,3.279505798943604,2.655374770905607,3.924118715779079,113
1975,4,1971,1974,1975,1978,7.1421680305320185,63,471,989,23,24,3.897956983729055,2.666513294318416,1.3486353802835402,1.8201904494577652,2.2261535524210725,4.31491970729096,146
1976,4,1972,1975,1976,1979,7.68272663508781,63,571,921,25,21,3.1661197090936684,2.678258484631702,1.58789052025392,2.5923926380785596,2.2024167507918793,5.266343189370566,129
1977,4,1973,1976,1977,1980,5.659350433761514,63,975,744,26,21,2.906216610176078,0.8984746072592625,1.5874804915505272,2.852555577849308,3.1191463489961198,1.5455271413776888,202
1978,4,1974,1977,1978,1981,5.205545651375968,63,1125,831,30,23,3.3831460055518465,1.1558946883693553,1.4758889516572444,2.6487228739368978,1.9287555201480557,1.1840005008593923,212
1979,4,1975,1978,1979,1982,5.135324111697785,63,989,951,24,26,2.43409509703499,1.4287735707144893,1.868369450139095,2.7980528815143604,1.891051826697594,1.8733284637730905,214
1980,4,1976,1979,1980,1983,7.195266165968586,63,921,1201,21,32,3.6467403499552575,2.0432217193601585,2.04686879750995,3.3683621928253102,2.8235525818551737,3.2848744429429284,145
1981,4,1977,1980,1981,1984,8.380071379066818,63,744,1375,21,35,4.8828285404523095,1.2454460072529592,1.704295876348131,4.439717152678543,4.134969517541255,2.262467737868587,107
1982,4,1978,1981,1982,1985,6.737482614849676,63,831,1161,23,29,3.8870497121633005,0.6468630490783313,0.9519041684448808,3.6091612071871606,3.409851150646441,2.0752912280876723,164
1983,4,1979,1982,1983,1986,6.297716387539938,63,951,1037,26,28,3.4112601362025425,0.3681099959519916,1.2478913540683747,3.477620550569029,2.807245657834073,2.5213736936832345,178
1984,4,1980,1983,1984,1987,6.412247878034296,63,1201,777,32,24,3.632488880896869,1.3224286673429326,0.9319712772665878,2.4719868078732543,2.4078889495817064,3.660042536069563,172
1985,4,1981,1984,1985,1988,4.68513414784139,63,1375,733,35,23,2.6577542002722647,1.001974482245337,1.0273719013444553,1.7199581738072773,2.8301079991015152,1.36367565837219,225
1986,4,1982,1985,1986,1989,5.42898943484124,63,1161,749,29,24,2.8658021694673597,0.8147053612795315,1.1108783803791082,2.376661495160978,3.2534815967142716,1.7690806213011863,210
1987,4,1983,1986,1987,1990,6.299815121643487,63,1037,780,28,24,2.672781143617555,0.970252256349868,1.4631923951661556,2.9455579616511933,3.9318450195519277,2.3077853313868406,177
1988,4,1984,1987,1988,1991,7.084773249032995,63,777,871,24,24,4.178062700412757,1.1462737226998587,1.214528926068078,2.5192779315336264,3.3426675079149684,3.5254209305049113,148
1989,4,1985,1988,1989,1992,5.639087034627776,63,733,742,23,21,3.4955524523062294,0.36490496687837937,1.150275195185736,2.8093644380220897,2.111262894312591,2.402949733816034,203
1990,4,1986,1989,1990,1993,6.026745613246712,63,749,942,24,29,3.622367513942566,0.968419534053046,1.38990070766083,2.8782617945605806,2.196368048150077,2.687383922826951,188
1991,4,1987,1990,1991,1994,5.674360103636705,63,780,883,24,26,3.2589475076850825,0.845462353943057,1.1799662251185934,2.9425488547784986,2.135775364363522,2.500073333676671,201
1992,4,1988,1991,1992,1995,5.940302815420609,63,871,911,24,27,4.124734474457883,0.5767095814541433,0.9976133000598958,3.2601616532934607,1.6887247540801529,1.861583067087536,192
1993,4,1989,1992,1993,1996,6.475608983575037,63,742,913,21,27,4.915490891537962,0.7134315684248473,0.7016004426911573,3.042445413806625,1.6754655258063549,2.1694640801813136,169
1994,4,1990,1993,1994,1997,6.596337747373312,63,942,694,29,17,4.391317250817394,1.0855422394925895,0.7908255406343011,2.7606809280533144,2.4896122137505423,2.933371665725342,166
1995,4,1991,1994,1995,1998,5.797568913642475,63,883,723,26,19,3.7070850200033654,0.7541569369539975,0.315148480056477,2.200553467975997,2.7424246187478785,2.6149428976417166,195
1996,4,1992,1995,1996,1999,5.058060261534786,63,911,612,27,16,2.584239214329512,1.1467783223922723,1.406456520011514,2.1143669418672797,2.3331042160961157,2.3871610714446017,217
1997,4,1993,1996,1997,2000,7.873963454004168,63,913,397,27,12,2.9453525331910644,2.015588886492884,2.6836892256230667,3.1163579744661325,4.359579836919098,3.652641391055117,124
1998,4,1994,1997,1998,2001,7.321144076162496,63,694,403,17,16,3.4097654146543657,2.483563723012642,1.8926317784719653,3.5897032524017187,2.4072508195094717,3.679902259228808,140
1999,4,1995,1998,1999,2002,8.430410210442286,63,723,454,19,17,3.933493178904514,2.4822430426618634,1.1980660473034261,4.8727912423156745,3.2484960824667475,3.7021255600406904,106
2000,4,1996,1999,2000,2003,10.320096814462591,63,612,483,16,19,4.248426598286819,3.0205746097422383,1.9354041971784786,6.157851184509177,3.904418580950981,4.735186760154041,47
2001,4,1997,2000,2001,2004,10.516924223103485,63,397,540,12,22,4.539459696950942,2.454364048302595,2.990266044137542,6.287390301462329,4.806240219357618,3.5216736119128456,38
2002,4,1998,2001,2002,2005,7.968458807147945,63,403,569,16,20,3.8562586662118914,2.2029357005291543,1.6980211777264789,5.1571920434095615,2.9662774787916715,2.343922222688345,121
2003,4,1999,2002,2003,2006,4.884463551689861,63,454,484,17,16,2.259412374502201,1.5888606372021918,1.057408777562657,3.2685920160220876,1.5508698194351316,1.4218148607951226,223
2004,4,2000,2003,2004,2007,4.98252947955296,63,483,458,19,14,2.6090039977057833,1.027484729182262,1.4901061191716418,2.5029196745859412,1.7049798941500733,2.3602952575024667,220
2005,4,2001,2004,2005,2008,6.004344816917041,63,540,484,22,17,2.7137714839894764,0.6885450381238819,1.5874692892013222,3.7961840569314327,2.701127494659708,1.9965832972692867,191
2006,4,2002,2005,2006,2009,6.1785134033040165,63,569,739,20,23,2.9906735190345257,1.2005726479811925,0.269611919155031,3.815539041293944,2.9795060138711813,2.0688258131097337,182
2007,4,2003,2006,2007,2010,8.369209709913575,63,484,1046,16,30,3.85494020980564,1.5574120379025578,0.8087125461321467,5.8462510086925406,2.7516503154578045,3.2176588685039915,108
2008,4,2004,2007,2008,2011,7.903941046502919,63,458,1193,14,35,3.749338240574082,1.3841481872453656,1.4043442366259509,5.5386114399174575,2.333947645737464,2.8988221038441386,122
2009,4,2005,2008,2009,2012,7.510038673510895,63,484,1175,17,32,3.471212561197202,1.6624668820760036,1.3534356100112979,5.262095141031069,1.8243620286801987,2.955983434191903,135
2010,4,2006,2009,2010,2013,6.756829639847165,63,739,1145,23,31,4.027677564339993,0.6196529008871783,0.3935187777702286,4.6010800957054805,2.1453522895034935,1.7667085159750375,163
2011,4,2007,2010,2011,2014,5.7772071207743725,63,1046,855,30,24,3.7676771731688157,0.44161174237042783,1.2031368858989078,2.7468143892326666,2.0400518494436906,2.4148231199374712,197
2012,4,2008,2011,2012,2015,6.836235019632472,63,1193,717,35,19,3.621197576699994,0.7452311265752728,0.8129059797801321,3.125116178756421,2.692545136815635,3.922843528061992,158
2013,4,2009,2012,2013,2016,6.318388357879528,63,1175,699,32,18,3.408085098741576,0.60885868498243,1.2138277628785863,3.244241284375841,2.824402393556343,2.821444713712182,175
2014,4,2010,2013,2014,2017,7.269263047198546,63,1145,637,31,15,4.024448002476192,0.7705616589567452,2.345221458904129,4.0117197868718915,1.6547823869107785,3.423444780738183,142
2015,4,2011,2014,2015,2018,6.79054616877768,63,855,986,24,21,3.3553855737369376,1.8606148937848288,0.6929834773333907,4.792610453211387,2.1749392048626075,1.792014379950342,159
2016,4,2012,2015,2016,2019,9.650423863873698,63,717,1163,19,24,3.5722560405833135,2.4146844566285255,1.5697986816113139,5.686035083333857,2.369377288046593,5.842067690899556,72
2017,4,2013,2016,2017,2020,11.663081096994407,63,699,2328,18,40,3.6838000924737293,3.0973025223068564,5.10283809547242,6.817106515727027,2.3809532848549044,5.889223906342545,20
2018,4,2014,2017,2018,2021,11.426250437028012,63,637,2567,15,48,3.6052987108375354,1.9492477265949197,5.704320879083847,5.893868169268977,3.0149448668646226,6.115112616883953,23
2019,4,2015,2018,2019,2022,8.977727561957144,63,986,2430,21,47,3.42313237610501,1.1603543539335013,4.028625907002779,3.1860801549609,2.4472624107096026,5.9300343950446335,90
2020,4,2016,2019,2020,2023,8.07205357117602,63,1163,2286,24,44,2.4297801855820214,0.5511622395122007,2.793178055926327,2.877524791981439,2.213799234291656,6.161780397019836,119
2021,4,2017,2020,2021,2024,10.438169740880122,63,2328,1230,40,31,3.85164367787953,1.0440819132024683,4.037916151579441,6.055594753049292,1.7093543893199281,6.093704488073569,44
2022,4,2018,2021,2022,2025,9.127711669159126,63,2567,1077,48,23,3.637680033000917,1.3349325093499123,3.405018272977065,4.844574577384133,1.543034880466121,5.554759272084741,85
2023,4,2019,2022,2023,2026,8.929165784229626,63,2430,966,47,20,3.314856039352112,1.4188933925362526,2.398881179668527,5.009784637704556,1.1199810513638788,5.88400730756534,94
1797,8,1789,1796,1797,1804,9.28204685283656,63,253,258,21,20,6.28569395386022,0.7210469007261158,1.2539701906839682,1.9757874985297181,3.5948848493266357,5.265658753206757,26
1798,8,1790,1797,1798,1805,8.647686969963154,63,294,249,22,20,5.7274343379328085,0.7764269386040079,1.1344824321858524,3.1073442419702304,3.6593792130603924,4.128250500166665,40
1799,8,1791,1798,1799,1806,8.715641076405802,63,285,273,21,22,5.293380614093886,1.0306879276254999,1.101330161964729,3.3576421473512705,3.8949875802657594,4.384356997002726,37
1800,8,1792,1799,1800,1807,8.37762404491017,63,288,304,22,24,4.321481268412895,0.5208801672967156,2.1471742713251487,3.8713703589918897,3.846750621545609,4.103987327422841,50
1801,8,1793,1800,1801,1808,9.286318753185181,63,276,310,21,23,5.064270967611243,0.39559389845028814,2.828781259242062,4.179275567026051,3.932617357594057,4.415716709759296,25
1802,8,1794,1801,1802,1809,9.171999244875101,63,308,289,21,23,5.0098956377842,0.7059536028786318,3.0798136325443157,3.5744628314361258,3.20586372577321,5.097896290072042,31
1803,8,1795,1802,1803,1810,10.691831080356796,63,301,289,21,22,5.060982170173374,0.8759553418309151,3.8959721906654363,3.3883084403101016,2.8025245895790665,7.308969564232582,5
1804,8,1796,1803,1804,1811,9.747866692879184,63,338,260,23,20,4.951419043959927,1.2958751754968179,3.2829113695816097,2.5242249040439697,2.5729371490882866,6.712364564213036,20
1805,8,1797,1804,1805,1812,8.525147730790193,63,258,298,20,23,5.36945710801024,2.047625720204347,2.2981967182491374,2.7194858170232266,3.7392011118946256,3.6049087210410082,45
1806,8,1798,1805,1806,1813,9.63927883350801,63,249,305,20,24,5.805457687420697,2.6670420867157962,1.8971572620260926,3.435278794336115,4.295442549353831,4.271776119004487,21
1807,8,1799,1806,1807,1814,10.90145315144147,63,273,284,22,22,6.087873666808551,3.9536896040936242,2.451140711872332,4.391571879033277,4.5150131116819034,4.524209962828957,3
1808,8,1800,1807,1808,1815,9.265817404513976,63,304,268,24,21,5.009310618075406,3.2412327377108334,1.7895670354389652,4.442466668201433,4.369443943168962,2.8681856635364724,27
1809,8,1801,1808,1809,1816,8.850203871324114,63,310,271,23,21,4.453446316797648,3.137358820334334,1.66236721771673,4.363495678528145,4.29629353449531,2.8962400905748287,33
1810,8,1802,1809,1810,1817,7.537989672973686,63,289,308,23,21,4.086597534343537,2.5411659108663818,1.0362354342973707,4.012093915622155,3.2110313877277594,2.4863790297473285,94
1811,8,1803,1810,1811,1818,7.196677432364291,63,289,319,22,20,3.854302273791386,2.539032918261672,1.8255565959994098,3.774046237693268,2.8067898462523257,2.244032254060275,113
1812,8,1804,1811,1812,1819,5.969301985620282,63,260,334,20,19,3.8655311067319817,1.597418055766375,1.4900076733722574,2.953642524722571,2.2070301694071444,1.5242643518426127,163
1813,8,1805,1812,1813,1820,6.6622333399510545,63,298,312,23,16,4.221359747382881,1.6094493359581317,1.4956491676891683,2.4198133164040407,2.8897055370936937,2.7445011903712624,133
1814,8,1806,1813,1814,1821,7.446242467062389,63,305,340,24,15,4.217751702816421,2.107902513480266,0.8657568578609066,2.0083870944873885,2.619866205295086,4.644027546586278,97
1815,8,1807,1814,1815,1822,9.249283879608582,63,284,354,22,14,4.602078594697342,4.022209483543734,1.1989786900129515,2.9980101408096727,2.8607246856925896,5.438988447631857,28
1816,8,1808,1815,1816,1823,8.05772611910137,63,268,370,21,12,3.664260809199532,3.5001918169868986,1.186734317048344,3.177485179378543,3.1772805215126367,4.201063943823835,68
1817,8,1809,1816,1817,1824,8.19634401031653,63,271,418,21,12,3.5397515955056815,3.6481245789531704,0.9662980944788271,3.539254340064771,3.508418021131973,3.946181766206423,57
1818,8,1810,1817,1818,1825,6.807497843019573,63,308,448,21,12,3.1151276872059084,3.044634461051045,0.6739904071029766,3.4086495055085027,2.2242410185482577,3.216800389336729,126
1819,8,1811,1818,1819,1826,6.73998221095825,63,319,466,20,12,3.146490914845038,3.2014411628818817,0.34616282575832047,3.6993086838517804,2.118058250188113,2.6432641593092243,128
1820,8,1812,1819,1820,1827,6.130612177992564,63,334,491,19,13,3.1436054766401944,2.798586272167193,0.19496703323527892,3.396164797701846,1.7979647861346408,2.2506533078303894,156
1821,8,1813,1820,1821,1828,5.777703064134251,63,312,518,16,13,3.3020127781204565,2.204572853021666,0.32834635529495154,3.430734010342196,1.6507129615821718,1.73661233033338,174
1822,8,1814,1821,1822,1829,5.470751118055528,63,340,534,15,13,2.950148381746543,0.9777510107697531,0.6192937531469569,2.488189543945991,1.855705765931344,3.2017947206719777,186
1823,8,1815,1822,1823,1830,5.523797779603265,63,354,661,14,16,3.8054225908315678,0.415983436796713,0.5514710836524324,1.9495706602781637,1.504035565478477,3.0807449582370694,183
1824,8,1816,1823,1824,1831,5.290759621853542,63,370,678,12,17,3.312259507997691,0.6748773248503477,0.1841186299022408,1.8998190738072445,1.805421051953004,3.1085137230521567,192
1825,8,1817,1824,1825,1832,6.866122190822811,63,418,788,12,21,3.6489852007792973,0.6623912384831209,0.5078783491479418,1.7077441879611088,2.2647691804728005,5.008619442632498,122
1826,8,1818,1825,1826,1833,7.499320881232958,63,448,887,12,23,4.219562019205084,1.0592109677591115,0.18430799147567334,1.6048280454415857,2.683374680726221,5.2443531539396915,96
1827,8,1819,1826,1827,1834,7.938357204706428,63,466,1022,12,25,4.642049544199772,1.4777970589702372,0.6637666336338166,1.633155059014143,2.9791050922957383,5.22514672038562,72
1828,8,1820,1827,1828,1835,7.794431164365985,63,491,1041,13,24,4.620656818601248,1.633802817325581,0.7336319553556284,1.917754087292981,3.028912053827756,4.831466783470785,78
1829,8,1821,1828,1829,1836,7.926951525201818,63,518,1091,13,25,4.75928302078281,1.6058585039835336,0.9472674516745857,2.0758636623774613,3.2521353520054856,4.671626500334392,73
1830,8,1822,1829,1830,1837,8.009368524517683,63,534,1244,13,26,5.101474700254603,1.697562425527377,1.502360207703507,1.7279539012016276,3.277707675456098,4.3882733929783475,70
1831,8,1823,1830,1831,1838,8.08702736776999,63,661,1167,16,25,6.10938988151929,2.1327569548384875,0.8067302366964701,1.7595233557670211,2.0154750587006234,3.9645729741933504,66
1832,8,1824,1831,1832,1839,8.126768113374682,63,678,1208,17,25,6.3049309760789765,2.305123386248936,0.8206797754804387,1.826229391505435,2.1269213356551315,3.5279155428192417,62
1833,8,1825,1832,1833,1840,7.866914861285353,63,788,1091,21,21,5.044585764552231,1.2615247205728444,0.6569089400449233,1.723099144345377,1.7229753651117703,5.3366483070028305,76
1834,8,1826,1833,1834,1841,6.399401404110683,63,887,1121,23,23,4.061032662759275,0.14329701051299246,0.9265928763374813,1.7780814221415184,1.6384385682748213,4.211316797090848,146
1835,8,1827,1834,1835,1842,6.431293437835606,63,1022,1135,25,27,4.497821962312404,1.037063781419279,0.6824880012041933,1.8405218124052196,1.6744209072137985,3.660414703816237,143
1836,8,1828,1835,1836,1843,6.432929883041123,63,1041,1112,24,27,4.420841663251492,1.3908619875833448,0.7847334240880487,1.9359599825776368,1.4440791899101015,3.6681243834314805,142
1837,8,1829,1836,1837,1844,5.6328105908741,63,1091,1112,25,29,3.4609621304291314,1.3202775372158178,0.5667409167422748,1.7249336681368674,1.418993908611263,3.5632889821433738,179
1838,8,1830,1837,1838,1845,5.2347845704479825,63,1244,1013,26,28,3.1956569395768164,1.1690806078680342,1.2622601077808686,1.4600019721356978,1.1733991022663022,3.27448086943675,196
1839,8,1831,1838,1839,1846,5.443876310064389,63,1167,1123,25,36,3.449715599313136,1.0155017612165493,1.1266338992923852,1.696359588080979,1.3374454383759102,3.2815099634711458,187
1840,8,1832,1839,1840,1847,6.088855880365868,63,1208,1134,25,36,4.302139487328461,0.7637696039096967,1.2366761421728347,1.8920084925813576,1.6322096918065547,3.19519095844554,157
1841,8,1833,1840,1841,1848,5.490170793473773,63,1091,1273,21,43,3.6745367465245766,0.702621237761019,1.1250544019564377,2.0031236903757095,1.8898801780695658,2.7011440950889654,185
1842,8,1834,1841,1842,1849,6.399465356847329,63,1121,1165,23,40,4.543891315659236,0.5015723977407368,1.5952782561935632,2.6023637156202226,2.3300497953029424,2.3039730951420276,145
1843,8,1835,1842,1843,1850,6.155974486964996,63,1135,1064,27,39,4.435919712461741,1.2820788360988884,0.7314969906862663,2.483654119594394,2.229390185122494,2.213844126424178,155
1844,8,1836,1843,1844,1851,6.551171591938828,63,1112,1117,27,40,4.761290353206697,1.3931523890348771,0.9313335241169706,2.5967370909481455,2.3109408556055873,2.3143501311721453,135
1845,8,1837,1844,1845,1852,6.702381360712897,63,1112,1163,29,38,4.372077960346608,1.0639177356053038,0.7631151605649468,2.3042516922536604,2.298040066400629,3.674509560285162,131
1846,8,1838,1845,1846,1853,5.906523995335602,63,1013,1110,28,37,3.839337017395674,0.9177290937849283,0.4830421882410461,1.6631760334228125,1.6659997671622333,3.678212988231362,167
1847,8,1839,1846,1847,1854,6.837923541317334,63,1123,1346,36,35,4.9646182967194985,0.8768988602656098,0.9106633419038993,1.6488259168775057,1.76179167549239,3.832618866957142,124
1848,8,1840,1847,1848,1855,7.272136923994581,63,1134,1319,36,34,5.316238545680451,0.6877670722358344,1.3589011271380793,1.485525435847297,2.2692507019181187,3.865962076773722,105
1849,8,1841,1848,1849,1856,7.4453079181104,63,1273,1233,43,30,5.311330950349129,0.3973468423515176,1.4142867313680585,1.5550506850856636,2.682812143208301,3.9304730543229853,98
1850,8,1842,1849,1850,1857,7.604719814276126,63,1165,1249,40,28,5.511438708944599,0.44726469202591584,1.4032851090015905,1.6900723834475988,2.7185612944332243,3.8780964191765097,90
1851,8,1843,1850,1851,1858,7.324570312978318,63,1064,1358,39,25,5.171929014170848,0.4516629665566502,1.6997388619317972,2.1353565360469906,2.470619579581276,3.6254186330646205,103
1852,8,1844,1851,1852,1859,7.001578913229286,63,1117,1376,40,26,4.592311884029173,0.43798720860700846,1.7782923560678658,2.314797543740573,2.2928742600366405,3.736718118694892,116
1853,8,1845,1852,1853,1860,7.270732618684563,63,1163,1494,38,29,4.738685929938449,0.9647458370867145,1.86323320363131,2.02918129339084,2.3432448703442925,4.049402761479098,106
1854,8,1846,1853,1854,1861,7.319766078681202,63,1110,1566,37,34,4.747956865270162,1.0451284153524747,1.6595638599088383,2.2582437407102147,2.552685839115537,3.9463357252995306,104
1855,8,1847,1854,1855,1862,5.256090675046312,63,1346,1204,35,26,3.3381549085859765,1.4807956773514854,0.5033243430070142,1.5079235913827636,2.2470757991707435,2.5911265028165507,194
1856,8,1848,1855,1856,1863,5.356196255191989,63,1319,1180,34,29,3.1310376719224844,1.316757178512861,0.19556270777669066,1.659907662917843,2.78164290862359,2.5730364281889866,189
1857,8,1849,1856,1857,1864,5.778697067185082,63,1233,1118,30,26,2.9163302423617052,0.9207683190028741,0.38140352752382206,1.8746405147876177,3.572714483763042,2.7598023337767494,173
1858,8,1850,1857,1858,1865,5.546432362610346,63,1249,1099,28,34,2.999378979738803,0.9300638387308648,0.632553221266584,1.7896236865288853,3.029665321623324,2.849538641013782,181
1859,8,1851,1858,1859,1866,5.5456428598719825,63,1358,1040,25,37,3.036140562974337,0.7592789061547329,1.019691994564661,1.474610792643444,2.0129233816477132,3.7004582770024035,182
1860,8,1852,1859,1860,1867,6.232682514531648,63,1376,1181,26,43,3.557165835864422,1.2697634306420167,0.7636570681390004,1.7103324639758206,1.7385907658847257,4.2484698736184825,152
1861,8,1853,1860,1861,1868,6.935885508722814,63,1494,1103,29,45,3.237608001073989,0.9393281716334443,1.2124305837583806,2.3028497244038624,2.3342885304243928,4.95177312591945,119
1862,8,1854,1861,1862,1869,7.418816058802535,63,1566,1013,34,43,2.765823536387517,1.4009218533571643,1.3554155818962292,2.673401357924175,2.8210199247239407,5.337048829157381,99
1863,8,1855,1862,1863,1870,7.22729888090094,63,1204,1092,26,49,1.8780028249273966,1.2118075532182808,1.1336742994685556,2.516848651825059,3.472079332041805,5.250085477012618,109
1864,8,1856,1863,1864,1871,7.2089973743690665,63,1180,1087,29,51,1.6247838927092129,1.0603183837653454,1.153351942549961,2.6650889219550953,3.6300612279438096,5.15705159822641,112
1865,8,1857,1864,1865,1872,7.574684130406268,63,1118,1124,26,51,1.3925643819699933,1.0197378563129387,1.4187844113415409,2.9775380756801213,4.212326034114811,5.076846068793826,93
1866,8,1858,1865,1866,1873,6.977507339010031,63,1099,1112,34,43,1.7652258386558985,0.9936207110368617,1.76842402289787,2.9178433719696053,3.953331203718919,4.1608104033555895,117
1867,8,1859,1866,1867,1874,5.65131620182947,63,1040,1050,37,40,2.777497927768508,0.4548276371460047,2.1808392262507965,2.3999721657664557,2.91197401258955,2.24064569211317,178
1868,8,1860,1867,1868,1875,8.132711417594992,63,1181,920,43,35,4.925302563964169,1.4838869232304586,3.578146934032033,3.176147491994528,2.634358225123086,3.138403674426533,61
1869,8,1861,1868,1869,1876,8.636520901579791,63,1103,806,45,31,5.773334365555972,1.351519440539387,2.8990654838805754,2.995899526349734,2.3530031591702616,4.063850424152399,41
1870,8,1862,1869,1870,1877,8.134338253988334,63,1013,834,43,31,5.240582063049783,1.4016849217234575,2.1159638998114403,2.709703139856086,2.224414913148677,4.4689172976977956,60
1871,8,1863,1870,1871,1878,8.089970497618262,63,1092,752,49,26,4.8651066285222555,1.589113891693335,2.2899364919626515,2.5833358957824952,2.355621549919853,4.667621536774654,65
1872,8,1864,1871,1872,1879,6.857357425245246,63,1087,883,51,26,3.9687294608913293,1.360536721349775,1.5005514566321134,2.666660501234583,2.261995720299993,3.865503797977337,123
1873,8,1865,1872,1873,1880,6.038800947234496,63,1124,913,51,28,3.3448699395772565,1.1797392692800228,1.3592518002907361,2.455990196123785,1.8567511945620823,3.5440370942745307,159
1874,8,1866,1873,1874,1881,5.408352484079008,63,1112,989,43,30,2.9916330650701273,1.2108880685488637,1.1359960192366416,2.4407812964581637,1.5792689584807054,3.0153221296217216,188
1875,8,1867,1874,1875,1882,4.546744781173408,63,1050,1047,40,32,2.5102099494992687,1.2067775179596651,0.8824061553385352,2.1490060015942776,1.2252472333772513,2.453023427516225,213
1876,8,1868,1875,1876,1883,5.039711801447729,63,920,988,35,29,1.7742272460322732,0.6930796437009286,0.48959018260668075,2.2468041085722756,1.3653051398410219,3.823423590775318,200
1877,8,1869,1876,1877,1884,5.511835679010312,63,806,1014,31,29,2.4602820397892975,0.4942799023776148,0.7501097909649644,2.6003031018059284,1.280912386793908,3.888194279199761,184
1878,8,1870,1877,1878,1885,4.888625463659254,63,834,1100,31,26,2.0628522756697825,0.4195639047214681,0.757797817670932,2.4410988820220747,1.4942862256868314,3.271261673116794,204
1879,8,1871,1878,1879,1886,4.274431055101147,63,752,1207,26,30,2.382426113970133,0.31475797066102373,0.5082709706012731,1.5389294809975722,2.3022273757260265,2.1374844700277618,220
1880,8,1872,1879,1880,1887,3.8777814005093676,63,883,1082,26,27,1.9099981936020776,0.4843297184643521,1.3898702960362852,1.5666323773778732,2.2697408402692774,1.2715031603368168,222
1881,8,1873,1880,1881,1888,5.1396584972219275,63,913,1165,28,27,2.020574064241192,0.6288985897031716,1.6698015020406909,1.9046140602724875,2.8402484732694098,2.730394352128744,198
1882,8,1874,1881,1882,1889,5.0853137522792675,63,989,1136,30,27,2.358472661761201,0.4661292252583709,1.4867016734469394,1.6590807432073091,2.588728112285534,2.901103615963593,199
1883,8,1875,1882,1883,1890,6.031773103902599,63,1047,1092,32,27,2.5972411946820935,0.3972722175844,1.138147544616859,1.998073002462791,2.9864078267580982,3.908003643106619,160
1884,8,1876,1883,1884,1891,5.796821108689555,63,988,1140,29,28,2.598115403629405,0.1939859080223173,0.4772060056187509,2.2943708803946263,2.565812475332807,3.8392764703634303,172
1885,8,1877,1884,1885,1892,6.02596648230623,63,1014,1244,29,29,2.9553393397751058,0.6951334445197285,0.8393464679447545,2.7829393846463004,2.274007214923318,3.6707857471630954,161
1886,8,1878,1885,1886,1893,5.666166923776527,63,1100,1275,26,33,2.744530680274817,0.8903533082338966,1.1261652175082875,2.5861302267882005,1.6670245007216444,3.6117837153693224,176
1887,8,1879,1886,1887,1894,5.288734869663388,63,1207,1270,30,30,2.8354262689607546,0.8676762522136975,1.2546896848717206,2.228252457553257,1.6063843930038657,3.1714959054400627,193
1888,8,1880,1887,1888,1895,5.01853848260138,63,1082,1356,27,33,2.63920498533077,1.1273428270401133,1.4463418731313693,1.6852432893032008,1.7158857330407793,3.0121769685909645,201
1889,8,1881,1888,1889,1896,5.976100276889152,63,1165,1281,27,32,2.8611074971433865,1.1712920033487035,2.7068767644695306,1.920337493214809,2.839426552040318,2.660581215037938,162
1890,8,1882,1889,1890,1897,6.1779735931866435,63,1136,1292,27,35,3.048197113374847,1.019045123194196,2.736414258704618,2.1430033757460296,2.8214856798868744,2.7921660422530996,154
1891,8,1883,1890,1891,1898,6.5112822614183,63,1092,1394,27,34,3.109432271849714,0.9958880779682964,2.7822933716192164,2.2378661070564183,3.1149720314177296,3.0469956835246714,139
1892,8,1884,1891,1892,1899,5.9485637821095985,63,1140,1452,28,33,3.1651413092016476,0.9229790086902843,2.3003494682112713,2.0330859966997683,2.60839376267707,2.8786519319082697,164
1893,8,1885,1892,1893,1900,5.0013486354576004,63,1244,1439,29,31,3.2221181533244168,0.5161830994322079,1.3514829083332534,1.938159278932585,1.8966609947803146,2.2769952604520225,202
1894,8,1886,1893,1894,1901,3.956370387336225,63,1275,1392,33,29,2.228588404416275,0.7615805162303542,0.5547044901252516,1.5424433274364466,1.5515497252565509,2.2387765505133843,221
1895,8,1887,1894,1895,1902,4.46457739769059,63,1270,1310,30,28,2.148126688487711,0.7653971138846726,0.9596261947472542,1.8152006162015306,1.9823575340703086,2.5664358991887344,216
1896,8,1888,1895,1896,1903,4.309353064331387,63,1356,1360,33,27,2.6069351080389223,0.8498381430348126,0.9692169303764465,1.6494883203427082,1.538264575230212,2.241815609209646,219
1897,8,1889,1896,1897,1904,4.497584806549503,63,1281,1385,32,27,2.930145489880379,0.9269467633635958,1.9463458262859226,1.5634643425698245,2.042201488602822,0.6164547445586375,214
1898,8,1890,1897,1898,1905,5.6656049531204475,63,1292,1432,35,22,3.6462477424913926,0.8593976323432243,2.8557920942422172,1.5650716907476678,2.4460854242264776,1.2153439058113953,177
1899,8,1891,1898,1899,1906,6.538192877109006,63,1394,1558,34,24,4.170748423132296,0.9618419928026711,3.2517237086678357,2.016303365486445,3.0096735916823754,0.8546123111944071,137
1900,8,1892,1899,1900,1907,7.22600833506354,63,1452,1590,33,24,4.144034467157438,0.9352765773536434,3.688381451974794,2.4796201529066932,3.7121762324229794,0.7965590365652827,110
1901,8,1893,1900,1901,1908,8.55478390045392,63,1439,1562,31,24,5.166872047631228,0.3115431193299189,3.98785921311936,2.785693090874939,4.691581994804313,0.8465535998916403,44
1902,8,1894,1901,1902,1909,6.450041666513109,63,1392,1608,29,25,4.403734186823486,0.3154336818800769,2.5660390270443765,1.875942203771311,3.1393480628746837,1.4667796711887675,141
1903,8,1895,1902,1903,1910,5.8790054663571825,63,1310,1821,28,26,4.2630440736936395,0.3467042075902124,2.157174732977192,1.510086359883312,2.6780285029708573,1.4708352681443402,169
1904,8,1896,1903,1904,1911,5.89738455236154,63,1360,1850,27,24,4.071516463621587,0.29399754452554516,1.904906997572829,1.949433141749079,3.1960154140750916,0.6870144963147695,168
1905,8,1897,1904,1905,1912,5.318810185072749,63,1385,1897,27,23,3.705430353636737,0.20646773363735987,1.40721979955374,1.8007401874897428,2.921549531488291,0.8709272656839233,191
1906,8,1898,1905,1906,1913,4.822545896061888,63,1432,1775,22,27,3.458193519349759,0.1843523955165938,0.6979053088233788,1.510783277637889,2.581576782522925,1.3526951173425665,208
1907,8,1899,1906,1907,1914,4.659069911518638,63,1558,1545,24,28,3.3938560387898757,0.34451456102481776,1.5443180242491508,1.5967030768405208,1.7020120813975839,1.4962484234890734,212
1908,8,1900,1907,1908,1915,4.8601462609928445,63,1590,1384,24,29,2.9030387307715717,0.3346488483017653,1.496142890926454,2.1091690906041207,2.382696106273474,1.648368713769117,206
1909,8,1901,1908,1909,1916,6.279051469015802,63,1562,1348,24,32,3.1507265921114183,0.29697274791078637,1.9698535324686282,2.4301161088913315,4.003934681215756,1.8957679989374192,151
1910,8,1902,1909,1910,1917,4.833823131407054,63,1608,1294,25,37,2.31582107905072,0.3491401651236685,0.6939725299189358,2.072380234046857,3.054963797585034,1.9421015496987557,207
1911,8,1903,1910,1911,1918,5.91792091735459,63,1821,1046,26,36,3.5458611960858013,0.7161695807418745,1.5685023409909666,2.3076411956123617,2.9583546764757016,2.323464572695037,165
1912,8,1904,1911,1912,1919,7.521204826240772,63,1850,850,24,35,4.537339242720791,1.220414133107489,2.7515382931544985,2.431988210767351,3.4616012564866723,3.003905971152863,95
1913,8,1905,1912,1913,1920,9.778489341815972,63,1897,760,23,45,5.326344788244937,1.6267256401505068,4.369163137037599,3.47608690375587,3.9543720002252236,4.218156481182854,19
1914,8,1906,1913,1914,1921,9.572762822210153,63,1775,764,27,44,5.278626981575999,1.5689506724681206,4.482506507606203,3.728799905258871,3.9442307186678374,3.429068348801908,22
1915,8,1907,1914,1915,1922,9.897640955705397,63,1545,712,28,38,5.532348550719814,1.8240891187885138,4.400692421053484,4.153457070788832,3.9562813375878654,3.429235110396079,16
1916,8,1908,1915,1916,1923,9.53859017261849,63,1384,708,29,37,5.195062900882391,1.8297212396078955,3.963975546305424,4.322019620000212,3.859353157280695,3.370546187547437,23
1917,8,1909,1916,1917,1924,8.741239985277725,63,1348,628,32,33,5.194009446453016,1.2603551138858347,3.879782039407433,3.9872462900203027,3.26870561591287,2.49153954076336,36
1918,8,1910,1917,1918,1925,7.789923201728722,63,1294,639,37,27,4.410379471878686,0.2952371962450164,2.993316068497389,3.463736378518793,2.6386491444502043,3.6365383687662347,80
1919,8,1911,1918,1919,1926,7.960823819074921,63,1046,703,36,27,5.039079009572361,0.6523003035769482,2.302829912512071,3.0318075868067482,2.302020076814132,4.214584634831364,71
1920,8,1912,1919,1920,1927,7.658826995774135,63,850,770,35,28,5.409866351851337,1.1894624112636079,0.8666329699344759,2.8508114570366443,2.38687533929221,3.6607108087127256,84
1921,8,1913,1920,1921,1928,8.407834047302606,63,760,783,45,19,5.649787717902122,1.7647498030145958,1.080582904523622,2.4751483773746084,3.289204335126162,4.188597161413544,48
1922,8,1914,1921,1922,1929,8.392934852660805,63,764,851,44,23,5.499039110892704,1.7179541270279333,1.8569844182036956,3.0229224261304366,3.305826947776971,3.706159060645734,49
1923,8,1915,1922,1923,1930,8.570703377570041,63,712,898,38,29,4.93107650561792,1.869257849767934,1.7378239309707757,3.466966409752699,3.6723341557609572,4.1378001063533345,43
1924,8,1916,1923,1924,1931,8.195413413802077,63,708,942,37,35,4.34514977394278,1.89675593915225,1.6522367439853187,3.5071176521763827,3.619873130727509,4.0686053391152734,58
1925,8,1917,1924,1925,1932,7.607748216012861,63,628,1180,33,40,4.2187936231021865,1.9823088474386488,2.4407182665337306,3.2317499679666897,2.9049723487959156,3.3630175524330332,89
1926,8,1918,1925,1926,1933,6.53868062937197,63,639,1095,27,41,3.3210098773565155,2.102966412113153,1.997138099494317,3.24222881702288,1.9205299465216135,3.0188949089156685,136
1927,8,1919,1926,1927,1934,8.290493305928937,63,703,1019,27,41,3.564373980125333,2.4506084130572297,2.590539170788744,3.2771425920571033,2.162882665687889,5.281421929907931,53
1928,8,1920,1927,1928,1935,9.236535317679516,63,770,933,28,39,5.585849473930148,2.8155265671470024,2.2290193803091563,3.4589115610079544,2.0074185509580342,5.022186242626413,30
1929,8,1921,1928,1929,1936,9.94442642305647,63,783,878,19,40,6.013702177258573,3.393692855169132,1.9853194749646255,3.253459750713809,2.8141804923457228,5.363184334041241,15
1930,8,1922,1929,1930,1937,10.558405245204922,63,851,825,23,36,6.372488796114621,3.9762051049781184,1.7433752986239248,3.6315120559481464,3.1871643534716774,5.354983377016315,8
1931,8,1923,1930,1931,1938,10.404968947135611,63,898,795,29,32,6.151919773026639,4.150220324782612,1.5884055205547745,3.878816613464946,3.454587591334036,4.867289523753631,10
1932,8,1924,1931,1932,1939,10.564520319380842,63,942,705,35,26,5.824021413316886,4.692550355697773,1.1498478538806522,3.9256537111558427,3.559286575015363,5.125271431349522,7
1933,8,1925,1932,1933,1940,9.050985428944395,63,1180,535,40,24,5.702482963238089,2.0597172905849535,1.5593818373831545,2.9229944328115494,3.729227890742248,4.502985802965721,32
1934,8,1926,1933,1934,1941,9.88332625614373,63,1095,619,41,27,6.348992492947455,3.697800633520899,2.678281891470257,3.5572671643330587,3.101240280330568,3.7751381219294315,17
1935,8,1927,1934,1935,1942,10.126523366883461,63,1019,686,41,29,6.24448546338519,4.0987520767825405,2.6648223078100286,3.8626711560943825,3.291736855963153,3.7277433239759086,14
1936,8,1928,1935,1936,1943,10.505730105251482,63,933,785,39,34,6.446489210106944,4.45836368075749,2.8027642025558226,4.140261940986778,3.124924931210877,3.764800560142505,9
1937,8,1929,1936,1937,1944,10.57791613984861,63,878,784,40,35,6.959497545216575,4.428310619000486,2.53995582365998,3.7732992851926612,2.8335585410962847,3.889672448142943,6
1938,8,1930,1937,1938,1945,10.901178192778143,63,825,857,36,39,8.034901899230633,4.528177036789494,1.968574187935295,3.5870006530550382,2.2142449560403827,3.4823715252915437,4
1939,8,1931,1938,1939,1946,11.570107315266165,63,795,788,32,36,8.778305950222155,4.733617116347292,1.7222685779174738,3.8322737734113246,2.2150322305494163,3.4413221028643997,1
1940,8,1932,1939,1940,1947,11.367768944480666,63,705,818,26,38,8.472161243128747,4.951749794035302,1.3058373683256186,3.527447641827208,2.17099124611646,3.7506702779283803,2
1941,8,1933,1940,1941,1948,8.581937781809,63,535,736,24,38,6.675662352188823,3.0923654557024083,1.236982300013613,2.885395988987317,2.1523551534511958,2.2437014525976933,42
1942,8,1934,1941,1942,1949,5.691276503425743,63,619,574,27,31,4.098945630127076,1.0832084221402987,1.5566386626944597,2.1920550553178337,1.515089797645459,2.211833196071395,175
1943,8,1935,1942,1943,1950,6.298111018022413,63,686,463,29,27,4.139438033256882,0.8031688794414159,0.7998779477551814,3.3576356411901545,1.3192264623214425,2.8691975578676905,150
1944,8,1936,1943,1944,1951,7.652377387966705,63,785,360,34,22,5.008321985260825,1.215583866767467,1.0065929936476565,4.043422880338568,1.4437458104695635,3.542745606633004,85
1945,8,1937,1944,1945,1952,9.838475274555476,63,784,379,35,22,6.360542655522156,2.5106351361349484,0.7638304124594405,5.277872825074509,1.9988616165019015,4.195351933979403,18
1946,8,1938,1945,1946,1953,10.39894211849089,63,857,378,39,18,6.794881918463645,2.968876475681364,0.7289252554556844,5.269247576860799,3.2391422107557566,3.790119398410979,11
1947,8,1939,1946,1947,1954,10.185930882541003,63,788,443,36,19,6.760506507210125,2.8990586357904404,1.714551617394812,5.1695868476904945,2.7919460559353113,3.4906905523610257,12
1948,8,1940,1947,1948,1955,10.133144452021345,63,818,478,38,17,6.640478386388825,3.1029446145277313,2.539827785711753,4.944227885774611,2.048726111402212,3.723305622363172,13
1949,8,1941,1948,1949,1956,9.477492571301923,63,736,561,38,15,5.775697624903748,3.4350651353627777,3.099719041779974,4.34284216086058,1.7969737211453536,3.600952537033901,24
1950,8,1942,1949,1950,1957,8.424872442322862,63,574,633,31,17,4.844279197852704,3.0018551618917315,3.025916029974048,3.940453197119861,1.6562280282020643,3.327742449339879,47
1951,8,1943,1950,1951,1958,7.896071823296894,63,463,691,27,18,4.530607595465628,2.764640952517511,2.9132802289616904,3.5704537386582507,1.4713963055938577,3.2829798625276942,74
1952,8,1944,1951,1952,1959,8.44193656675196,63,360,730,22,18,4.5923352350339375,2.9942176035773844,2.7768986096625192,3.904858708725311,1.5526348439878817,3.9801568620266887,46
1953,8,1945,1952,1953,1960,9.242406674307555,63,379,1115,22,21,5.433110562712101,2.5982283026258846,2.4174113460848874,4.872036861270607,2.0634086336511475,3.913352073463269,29
1954,8,1946,1953,1954,1961,8.023229193159993,63,378,1483,18,38,5.039224621344969,2.4216776804577367,1.5265277083283546,4.595143354308202,1.939951115205026,2.429991665264715,69
1955,8,1947,1954,1955,1962,6.480664559154583,63,443,1611,19,44,3.974306257778584,1.6408753017207343,0.5999405325299291,3.9922919257692553,1.767467509806817,2.0221687072323498,140
1956,8,1948,1955,1956,1963,7.045071489063722,63,478,1854,17,57,4.38426976974326,1.4345250850099391,1.6612571129020872,3.728126707270885,2.5752553808420133,2.2500454296349592,114
1957,8,1949,1956,1957,1964,6.729634168353085,63,561,2423,15,72,3.3224998427445205,0.34646894155885805,2.2279000232546826,2.9493893598079186,3.304179614227274,3.090128002999482,129
1958,8,1950,1957,1958,1965,7.042295407514003,63,633,3047,17,90,2.80621227254341,0.30851968902600857,2.2771932677042845,2.799274972316001,3.488322411874596,4.053883334693266,115
1959,8,1951,1958,1959,1966,7.379565754776676,63,691,3372,18,101,2.5537301682803655,0.2816453008771569,2.6501375374277183,2.836170738581336,3.5508742729279246,4.492363225894732,102
1960,8,1952,1959,1960,1967,8.109717193621849,63,730,3886,18,110,2.7292718239901603,0.5220595924331719,2.9718597517441943,2.9826977039491003,3.8469050807721223,5.051626210993554,64
1961,8,1953,1960,1961,1968,8.116685671704973,63,1115,3626,21,110,3.068780175511709,2.2715496667738373,2.034404002938191,2.0012761147684466,2.5068371005074943,6.07248702393281,63
1962,8,1954,1961,1962,1969,7.637479883810175,63,1483,3233,38,91,3.225148975381805,1.8653466344867031,2.2259882000604874,1.765850375897123,2.163550394571101,5.629901745918361,87
1963,8,1955,1962,1963,1970,7.781311095223805,63,1611,3104,44,86,3.371787233583916,1.8472236362900138,1.9543056337383298,1.983845754350634,2.346951435964879,5.701270254928379,82
1964,8,1956,1963,1964,1971,8.37594359311781,63,1854,2867,57,76,3.879577925911319,1.4973250783191263,2.30561514077462,2.29515665885887,2.4854984700840252,6.008495310046113,51
1965,8,1957,1964,1965,1972,6.527262215448667,63,2423,2254,72,64,3.8605344120385605,1.3272027206669097,1.3922336766252101,1.8783196417441348,1.8844235439428003,4.113697563152543,138
1966,8,1958,1965,1966,1973,4.711451927085515,63,3047,1612,90,47,3.401945645760925,0.6923183935018348,1.0337283429993127,1.6801099327333842,1.2044193966516736,2.1916319422578394,210
1967,8,1959,1966,1967,1974,4.485691968988452,63,3372,1470,101,45,3.189868441717723,0.8850742538342017,1.0840703728263696,1.4971178188522147,1.4265964206311539,1.9264131556492072,215
1968,8,1960,1967,1968,1975,6.662370483123757,63,3886,1078,110,41,3.1145757312377222,1.380443468150822,1.5394717949066359,2.5199783495631767,2.465579432885049,4.240474981718139,132
1969,8,1961,1968,1969,1976,7.401190731776989,63,3626,1346,110,40,3.1827196662092883,1.927276021133059,1.8674355322685472,2.6924835060983754,2.1733675392437917,5.047099915238675,101
1970,8,1962,1969,1970,1977,7.270561070683847,63,3233,1419,91,45,3.4195439078899406,1.7413316869762183,1.8296585185800494,2.682033045980279,1.772087181191344,4.9451286301170505,107
1971,8,1963,1970,1971,1978,7.6380809868039155,63,3104,1460,86,47,3.7733936558354446,1.668610133468158,2.0419054497005056,2.636790505944376,2.0415884100096098,5.101705247064268,86
1972,8,1964,1971,1972,1979,8.223832056273343,63,2867,1492,76,46,4.234119603998721,1.7321983837153516,1.8479784944941344,2.9363414306081865,2.1325094674275853,5.4880243700615505,55
1973,8,1965,1972,1973,1980,8.818305868620634,63,2254,1719,64,47,4.498657772668241,2.4466464566839385,1.5234626810279002,2.805016466181193,2.413067411889537,5.960416722226815,34
1974,8,1966,1973,1974,1981,7.785379999701458,63,1612,1956,47,53,4.669544895097489,2.179288679018707,1.1509964613345385,2.5301241533480745,1.9527906736191925,4.745364113067333,81
1975,8,1967,1974,1975,1982,6.957531615793436,63,1470,1940,45,50,4.1069838093772715,2.239153084249995,0.635119120934033,2.022503644278999,1.9404946976133277,4.273956794260868,118
1976,8,1968,1975,1976,1983,6.382345308102955,63,1078,2122,41,53,3.147516878570508,2.5893985829839314,0.6726070566886799,2.587693531253102,2.333211573731535,3.3955927019044894,148
1977,8,1969,1976,1977,1984,5.322368142947325,63,1346,2119,40,56,2.637898579076382,1.0358064038638317,1.1518362060113139,3.1146973900779984,2.6145976336232675,1.559490803530568,190
1978,8,1970,1977,1978,1985,6.4248174908989455,63,1419,1992,45,52,3.879092813203103,1.3164221916172183,1.1273542021438956,3.597293769793283,2.8522823039108323,1.4666243714212663,144
1979,8,1971,1978,1979,1986,6.627182123314648,63,1460,1988,47,54,3.29937899714492,1.6897250797393824,1.5889178370963268,3.865515470382532,3.187114971015641,1.5980922064757046,134
1980,8,1972,1979,1980,1987,6.822069812788186,63,1492,1978,46,56,3.7659773527297475,1.7205516016011948,1.6217437294315646,3.7936293541447768,3.171959519994496,1.5214301490527955,125
1981,8,1973,1980,1981,1988,7.253925168737581,63,1719,2108,47,58,4.1798930292645196,1.2273941617216726,1.6337246867152972,3.9700435184692355,3.2869842219568515,2.099252491580301,108
1982,8,1974,1981,1982,1989,6.8895732832727425,63,1956,1910,53,53,4.092905726007283,0.9282345212613645,1.3925477297887443,3.829876725093098,3.1243494037063813,1.866552788310847,121
1983,8,1975,1982,1983,1990,6.215021445748268,63,1940,1817,50,52,3.684220282471175,0.6001713820464529,1.4870923211869684,3.5985159075098694,2.627569705440719,1.6210872673075647,153
1984,8,1976,1983,1984,1991,4.866051141729775,63,2122,1648,53,48,2.818155281395136,0.5479037720973922,1.2515719993652725,2.544152669715934,2.3489560432410412,1.370954488996367,205
1985,8,1977,1984,1985,1992,3.874315470377065,63,2119,1475,56,44,2.154996262142872,0.6686362787917272,0.8661240449624666,2.060239733507217,1.9490995743356687,1.060890771652455,223
1986,8,1978,1985,1986,1993,4.3492817111981115,63,1992,1691,52,53,2.3800066422549904,1.089142141806305,0.8583708488949396,2.311404651938637,1.9981249886385664,1.4119821994869532,218
1987,8,1979,1986,1987,1994,4.752712198622834,63,1988,1663,54,50,2.345636599842223,1.2978548553097433,0.9912897217396864,2.61730196844799,2.398499741154991,1.347630900572856,209
1988,8,1980,1987,1988,1995,4.9223050630114455,63,1978,1782,56,51,2.363492704864642,1.5128864424559485,0.9780384756520148,2.7298404972838215,2.532467699965685,1.2378137694325133,203
1989,8,1981,1988,1989,1996,5.226743326693113,63,2108,1655,58,48,2.823756659936221,1.2079244100225264,1.2888164488976468,3.0679238750490097,2.1246294721326,1.5162148965002438,197
1990,8,1982,1989,1990,1997,5.820724940130854,63,1910,1636,53,46,3.2941514203736126,1.2688873080821785,1.2475529490737312,3.3133494922719713,2.442526582671093,1.7084264461671705,171
1991,8,1983,1990,1991,1998,5.906684402417822,63,1817,1606,52,45,3.3093490980771056,1.2941736356252684,1.4557286694703342,3.4662345501178344,2.3872951336497987,1.5585691537362865,166
1992,8,1984,1991,1992,1999,6.078120385226055,63,1648,1523,48,43,3.659467344323588,0.6701159032705261,1.7032938819088024,3.3242784125556306,2.767299188858804,1.2218056458879967,158
1993,8,1985,1992,1993,2000,5.843648563336699,63,1475,1310,44,39,3.914322492866606,1.0962044888175004,1.301730846422838,2.8490171237878457,2.2587230443667314,1.646636606238177,170
1994,8,1986,1993,1994,2001,5.255652395049769,63,1691,1097,53,33,3.342544043720479,0.5270241046485021,1.0510351357548469,2.2564851399331762,2.610823958853897,1.7772802871366638,195
1995,8,1987,1994,1995,2002,4.692116360274851,63,1663,1177,50,36,2.910343502617155,0.46662241436426666,0.8855069019865545,2.2922245081155186,2.2341735352330043,1.5159726590341578,211
1996,8,1988,1995,1996,2003,4.4496797426319015,63,1782,1095,51,35,2.147709903037277,0.6342027252804223,1.1349445079294729,2.6180940185468597,2.023335199978855,1.5963640656590883,217
1997,8,1989,1996,1997,2004,7.210302021745322,63,1655,937,48,34,2.7430070167813305,1.9025295552580181,0.9959110597300651,4.412489999683792,3.5800313419664374,2.7506758799209083,111
1998,8,1990,1997,1998,2005,7.405305029732536,63,1636,972,46,36,2.9847195795968635,2.0569999872028744,0.7280240219190777,4.818449799046245,3.193478972341055,2.784413273563387,100
1999,8,1991,1998,1999,2006,8.276072195806147,63,1606,938,45,33,3.242058802636387,2.2582696256868915,0.7237982707870985,5.7609516177889715,3.223259846012966,2.9632402018608253,54
2000,8,1992,1999,2000,2007,8.684401246535826,63,1523,941,43,33,3.8891528696632123,2.4245044220657923,0.7529487673150299,5.980054862458716,3.1857408704770758,2.817474112846726,39
2001,8,1993,2000,2001,2008,8.709763123188214,63,1310,1024,39,39,4.31199585151013,2.3632166746477576,0.7499819016934844,6.212543054815638,3.0884480487360313,1.7277722583512958,38
2002,8,1994,2001,2002,2009,7.710049979661281,63,1097,1308,33,43,4.138129941573257,1.845485744708252,0.8311806767917892,4.962340939446989,2.9206898147098648,2.2514030583338105,83
2003,8,1995,2002,2003,2010,6.315309966140605,63,1177,1530,36,46,3.556360769556296,1.148873135998592,0.32924413843912625,3.835089448445197,2.466267617836919,2.2398079871974206,149
2004,8,1996,2003,2004,2011,5.617926391106967,63,1095,1651,35,49,2.8824219173660506,0.8581126414660434,0.5460450465513745,3.338820796806639,2.0325752616955497,2.634223191043537,180
2005,8,1997,2004,2005,2012,6.388084527502269,63,937,1659,34,49,2.8190607431546577,0.5551660870276254,0.8330862713829459,4.235593909199062,2.9639504618338584,2.265616965269404,147
2006,8,1998,2005,2006,2013,6.929162880208314,63,972,1884,36,54,3.1476868322933953,0.8514747062569067,0.65905230310373,4.737898157436382,2.995519518904227,2.3505723929006446,120
2007,8,1999,2006,2007,2014,7.601709677930902,63,938,1901,33,54,3.2535484356392117,1.0965157426234764,0.5643371437770998,5.465558746827115,2.913059295057823,2.705797950196797,91
2008,8,2000,2007,2008,2015,8.07264370088489,63,941,1910,33,54,3.377414799707307,1.291661432141211,1.0301938877225778,5.620149681901604,2.9220159214337538,3.3025289398401116,67
2009,8,2001,2008,2009,2016,8.338840538999657,63,1024,1874,39,50,3.4877630744090653,1.7897575094536864,0.9075665189752491,5.891905985964439,2.825673093241751,3.2628019807104414,52
2010,8,2002,2009,2010,2017,7.6200386454644615,63,1308,1782,43,46,3.601312552375998,1.0374644957440502,0.6919375200011475,5.392900396920881,2.6398574067415526,2.7364584644972276,88
2011,8,2003,2010,2011,2018,6.703134868696448,63,1530,1841,46,45,3.4094746390764707,0.7165950803543355,1.163803717471619,4.299983380651753,2.3229765704018175,2.748358588489255,130
2012,8,2004,2011,2012,2019,6.791577538306069,63,1651,1880,49,43,3.1301373107363917,1.2989091303881364,1.0987986096024558,4.409918140128566,2.719969087760278,2.566638408557595,127
2013,8,2005,2012,2013,2020,8.753812797536854,63,1659,3027,49,58,3.3891999465118205,1.8064929635251097,3.181009025356842,5.6037091973374125,3.200247725072196,3.180752222362374,35
2014,8,2006,2013,2014,2021,8.138668135117083,63,1884,3204,54,63,2.855534047278467,1.8773602779680645,3.037201993330671,5.356436256599722,2.789136319896993,2.9772598097638223,59
2015,8,2007,2014,2015,2022,7.835140232617421,63,1901,3416,54,68,2.801687265795812,2.1850527761395973,2.7934200969755993,5.100849316534298,2.5964028785206277,2.8639741268343584,77
2016,8,2008,2015,2016,2023,7.793803659698955,63,1910,3449,54,68,2.848236258020669,2.2731573675896946,3.0270184298212652,5.039771221663003,2.4321983306969064,2.6430962951774806,79
2017,8,2009,2016,2017,2024,7.872594757631562,63,1874,3558,50,71,2.8019885473757915,2.719596762605403,3.223313238134016,4.884564997551523,2.466621998031259,2.529318943803219,75
2018,8,2010,2017,2018,2025,8.204513128000539,63,1782,3644,46,71,2.847550863386918,2.5331632519513323,3.5630830076004236,5.015167127705658,2.696010750847291,2.769952685582637,56
2019,8,2011,2018,2019,2026,7.5757709463709935,63,1841,3396,45,67,2.6813315767989976,2.082989445146232,3.4708588703377674,3.4566395552830955,2.658631340713711,3.8471265198552533,92
