president_profile_id,issue_id,state,positive_paragraph_count,source_document_paragraph_count,source_document_speech_count,paragraph_share
george-washington,economy-and-jobs,supported,31,253,21,0.1225296442687747
john-adams,economy-and-jobs,supported,19,116,9,0.16379310344827586
thomas-jefferson,economy-and-jobs,supported,35,313,24,0.11182108626198083
james-madison,economy-and-jobs,supported,30,274,21,0.10948905109489052
james-monroe,economy-and-jobs,supported,31,407,10,0.07616707616707617
john-quincy-adams,economy-and-jobs,supported,21,276,8,0.07608695652173914
andrew-jackson,economy-and-jobs,supported,128,1150,26,0.11130434782608696
martin-van-buren,economy-and-jobs,supported,92,465,10,0.1978494623655914
william-harrison,economy-and-jobs,thin_president,3,57,1,0.05263157894736842
john-tyler,economy-and-jobs,supported,59,540,18,0.10925925925925926
james-k-polk,economy-and-jobs,supported,66,722,25,0.09141274238227147
zachary-taylor,economy-and-jobs,thin_president,10,80,4,0.125
millard-fillmore,economy-and-jobs,supported,38,268,7,0.1417910447761194
franklin-pierce,economy-and-jobs,supported,42,472,15,0.08898305084745763
james-buchanan,economy-and-jobs,supported,43,625,14,0.0688
abraham-lincoln,economy-and-jobs,supported,32,859,15,0.037252619324796274
andrew-johnson,economy-and-jobs,supported,60,725,31,0.08275862068965517
ulysses-s-grant,economy-and-jobs,supported,100,813,32,0.12300123001230012
rutherford-b-hayes,economy-and-jobs,supported,65,500,16,0.13
james-a-garfield,economy-and-jobs,thin_president,4,29,1,0.13793103448275862
chester-a-arthur,economy-and-jobs,supported,37,478,11,0.07740585774058577
grover-cleveland,economy-and-jobs,supported,187,1350,32,0.1385185185185185
benjamin-harrison,economy-and-jobs,supported,100,598,16,0.16722408026755853
william-mckinley,economy-and-jobs,supported,84,767,14,0.10951760104302477
theodore-roosevelt,economy-and-jobs,supported,288,1530,22,0.18823529411764706
william-taft,economy-and-jobs,supported,207,969,12,0.21362229102167182
woodrow-wilson,economy-and-jobs,supported,132,661,33,0.19969742813918306
warren-g-harding,economy-and-jobs,supported,36,238,18,0.15126050420168066
calvin-coolidge,economy-and-jobs,supported,137,590,12,0.23220338983050848
herbert-hoover,economy-and-jobs,supported,265,698,30,0.37965616045845274
franklin-d-roosevelt,economy-and-jobs,supported,251,1084,49,0.23154981549815498
harry-s-truman,economy-and-jobs,supported,45,308,19,0.1461038961038961
dwight-d-eisenhower,economy-and-jobs,supported,139,696,15,0.1997126436781609
john-f-kennedy,economy-and-jobs,supported,145,1367,44,0.10607168983174835
lyndon-b-johnson,economy-and-jobs,supported,229,2712,71,0.08443952802359882
richard-m-nixon,economy-and-jobs,supported,54,520,23,0.10384615384615385
gerald-ford,economy-and-jobs,supported,70,410,14,0.17073170731707318
jimmy-carter,economy-and-jobs,supported,209,1034,22,0.20212765957446807
ronald-reagan,economy-and-jobs,supported,314,2044,60,0.15362035225048923
george-h-w-bush,economy-and-jobs,supported,151,934,23,0.16167023554603854
bill-clinton,economy-and-jobs,supported,352,1288,39,0.2732919254658385
george-w-bush,economy-and-jobs,supported,182,1058,38,0.1720226843100189
barack-obama,economy-and-jobs,supported,613,1879,51,0.32623736029803085
donald-trump,economy-and-jobs,supported,411,2853,53,0.1440588853838065
joe-biden,economy-and-jobs,supported,194,1219,28,0.15914684167350288
george-washington,taxes-and-budget,supported,23,253,21,0.09090909090909091
john-adams,taxes-and-budget,supported,8,116,9,0.06896551724137931
thomas-jefferson,taxes-and-budget,supported,34,313,24,0.10862619808306709
james-madison,taxes-and-budget,supported,28,274,21,0.10218978102189781
james-monroe,taxes-and-budget,supported,56,407,10,0.1375921375921376
john-quincy-adams,taxes-and-budget,supported,51,276,8,0.18478260869565216
andrew-jackson,taxes-and-budget,supported,223,1150,26,0.19391304347826088
martin-van-buren,taxes-and-budget,supported,89,465,10,0.1913978494623656
william-harrison,taxes-and-budget,thin_president,1,57,1,0.017543859649122806
john-tyler,taxes-and-budget,supported,73,540,18,0.13518518518518519
james-k-polk,taxes-and-budget,supported,125,722,25,0.1731301939058172
zachary-taylor,taxes-and-budget,thin_president,8,80,4,0.1
millard-fillmore,taxes-and-budget,supported,40,268,7,0.14925373134328357
franklin-pierce,taxes-and-budget,supported,63,472,15,0.13347457627118645
james-buchanan,taxes-and-budget,supported,59,625,14,0.0944
abraham-lincoln,taxes-and-budget,supported,29,859,15,0.033760186263096625
andrew-johnson,taxes-and-budget,supported,53,725,31,0.07310344827586207
ulysses-s-grant,taxes-and-budget,supported,100,813,32,0.12300123001230012
rutherford-b-hayes,taxes-and-budget,supported,85,500,16,0.17
james-a-garfield,taxes-and-budget,thin_president,2,29,1,0.06896551724137931
chester-a-arthur,taxes-and-budget,supported,84,478,11,0.17573221757322174
grover-cleveland,taxes-and-budget,supported,123,1350,32,0.09111111111111111
benjamin-harrison,taxes-and-budget,supported,63,598,16,0.10535117056856187
william-mckinley,taxes-and-budget,supported,78,767,14,0.1016949152542373
theodore-roosevelt,taxes-and-budget,supported,85,1530,22,0.05555555555555555
william-taft,taxes-and-budget,supported,88,969,12,0.09081527347781218
woodrow-wilson,taxes-and-budget,supported,33,661,33,0.049924357034795766
warren-g-harding,taxes-and-budget,supported,10,238,18,0.04201680672268908
calvin-coolidge,taxes-and-budget,supported,86,590,12,0.14576271186440679
herbert-hoover,taxes-and-budget,supported,88,698,30,0.12607449856733524
franklin-d-roosevelt,taxes-and-budget,supported,56,1084,49,0.05166051660516605
harry-s-truman,taxes-and-budget,supported,7,308,19,0.022727272727272728
dwight-d-eisenhower,taxes-and-budget,supported,82,696,15,0.11781609195402298
john-f-kennedy,taxes-and-budget,supported,115,1367,44,0.08412582297000731
lyndon-b-johnson,taxes-and-budget,supported,169,2712,71,0.06231563421828908
richard-m-nixon,taxes-and-budget,supported,39,520,23,0.075
gerald-ford,taxes-and-budget,supported,65,410,14,0.15853658536585366
jimmy-carter,taxes-and-budget,supported,156,1034,22,0.15087040618955513
ronald-reagan,taxes-and-budget,supported,338,2044,60,0.16536203522504891
george-h-w-bush,taxes-and-budget,supported,149,934,23,0.15952890792291222
bill-clinton,taxes-and-budget,supported,253,1288,39,0.19642857142857142
george-w-bush,taxes-and-budget,supported,98,1058,38,0.09262759924385633
barack-obama,taxes-and-budget,supported,265,1879,51,0.1410324640766365
donald-trump,taxes-and-budget,supported,152,2853,53,0.05327725201542236
joe-biden,taxes-and-budget,supported,75,1219,28,0.06152584085315833
george-washington,war-and-military,supported,45,253,21,0.17786561264822134
john-adams,war-and-military,supported,30,116,9,0.25862068965517243
thomas-jefferson,war-and-military,supported,79,313,24,0.2523961661341853
james-madison,war-and-military,supported,127,274,21,0.4635036496350365
james-monroe,war-and-military,supported,120,407,10,0.29484029484029484
john-quincy-adams,war-and-military,supported,81,276,8,0.29347826086956524
andrew-jackson,war-and-military,supported,161,1150,26,0.14
martin-van-buren,war-and-military,supported,61,465,10,0.13118279569892474
william-harrison,war-and-military,thin_president,5,57,1,0.08771929824561403
john-tyler,war-and-military,supported,94,540,18,0.17407407407407408
james-k-polk,war-and-military,supported,288,722,25,0.3988919667590028
zachary-taylor,war-and-military,thin_president,16,80,4,0.2
millard-fillmore,war-and-military,supported,57,268,7,0.2126865671641791
franklin-pierce,war-and-military,supported,108,472,15,0.2288135593220339
james-buchanan,war-and-military,supported,155,625,14,0.248
abraham-lincoln,war-and-military,supported,154,859,15,0.17927823050058206
andrew-johnson,war-and-military,supported,262,725,31,0.36137931034482756
ulysses-s-grant,war-and-military,supported,177,813,32,0.2177121771217712
rutherford-b-hayes,war-and-military,supported,100,500,16,0.2
james-a-garfield,war-and-military,thin_president,5,29,1,0.1724137931034483
chester-a-arthur,war-and-military,supported,64,478,11,0.13389121338912133
grover-cleveland,war-and-military,supported,215,1350,32,0.15925925925925927
benjamin-harrison,war-and-military,supported,86,598,16,0.14381270903010032
william-mckinley,war-and-military,supported,230,767,14,0.29986962190352023
theodore-roosevelt,war-and-military,supported,324,1530,22,0.21176470588235294
william-taft,war-and-military,supported,155,969,12,0.15995872033023736
woodrow-wilson,war-and-military,supported,204,661,33,0.3086232980332829
warren-g-harding,war-and-military,supported,79,238,18,0.3319327731092437
calvin-coolidge,war-and-military,supported,144,590,12,0.2440677966101695
herbert-hoover,war-and-military,supported,109,698,30,0.15616045845272206
franklin-d-roosevelt,war-and-military,supported,475,1084,49,0.4381918819188192
harry-s-truman,war-and-military,supported,105,308,19,0.3409090909090909
dwight-d-eisenhower,war-and-military,supported,204,696,15,0.29310344827586204
john-f-kennedy,war-and-military,supported,383,1367,44,0.2801755669348939
lyndon-b-johnson,war-and-military,supported,646,2712,71,0.23820058997050148
richard-m-nixon,war-and-military,supported,175,520,23,0.33653846153846156
gerald-ford,war-and-military,supported,89,410,14,0.21707317073170732
jimmy-carter,war-and-military,supported,174,1034,22,0.16827852998065765
ronald-reagan,war-and-military,supported,424,2044,60,0.20743639921722112
george-h-w-bush,war-and-military,supported,224,934,23,0.2398286937901499
bill-clinton,war-and-military,supported,211,1288,39,0.1638198757763975
george-w-bush,war-and-military,supported,247,1058,38,0.2334593572778828
barack-obama,war-and-military,supported,316,1879,51,0.16817456093666844
donald-trump,war-and-military,supported,370,2853,53,0.12968804766912023
joe-biden,war-and-military,supported,277,1219,28,0.22723543888433143
george-washington,foreign-policy,supported,47,253,21,0.1857707509881423
john-adams,foreign-policy,supported,40,116,9,0.3448275862068966
thomas-jefferson,foreign-policy,supported,54,313,24,0.17252396166134185
james-madison,foreign-policy,supported,52,274,21,0.1897810218978102
james-monroe,foreign-policy,supported,115,407,10,0.28255528255528256
john-quincy-adams,foreign-policy,supported,76,276,8,0.2753623188405797
andrew-jackson,foreign-policy,supported,227,1150,26,0.1973913043478261
martin-van-buren,foreign-policy,supported,85,465,10,0.1827956989247312
william-harrison,foreign-policy,thin_president,8,57,1,0.14035087719298245
john-tyler,foreign-policy,supported,131,540,18,0.24259259259259258
james-k-polk,foreign-policy,supported,263,722,25,0.36426592797783935
zachary-taylor,foreign-policy,thin_president,38,80,4,0.475
millard-fillmore,foreign-policy,supported,69,268,7,0.2574626865671642
franklin-pierce,foreign-policy,supported,137,472,15,0.2902542372881356
james-buchanan,foreign-policy,supported,134,625,14,0.2144
abraham-lincoln,foreign-policy,supported,75,859,15,0.08731082654249127
andrew-johnson,foreign-policy,supported,94,725,31,0.1296551724137931
ulysses-s-grant,foreign-policy,supported,213,813,32,0.26199261992619927
rutherford-b-hayes,foreign-policy,supported,105,500,16,0.21
james-a-garfield,foreign-policy,thin_president,1,29,1,0.034482758620689655
chester-a-arthur,foreign-policy,supported,136,478,11,0.28451882845188287
grover-cleveland,foreign-policy,supported,272,1350,32,0.20148148148148148
benjamin-harrison,foreign-policy,supported,147,598,16,0.24581939799331104
william-mckinley,foreign-policy,supported,208,767,14,0.2711864406779661
theodore-roosevelt,foreign-policy,supported,216,1530,22,0.1411764705882353
william-taft,foreign-policy,supported,224,969,12,0.23116615067079463
woodrow-wilson,foreign-policy,supported,56,661,33,0.08472012102874432
warren-g-harding,foreign-policy,supported,23,238,18,0.09663865546218488
calvin-coolidge,foreign-policy,supported,79,590,12,0.13389830508474576
herbert-hoover,foreign-policy,supported,115,698,30,0.16475644699140402
franklin-d-roosevelt,foreign-policy,supported,83,1084,49,0.07656826568265683
harry-s-truman,foreign-policy,supported,54,308,19,0.17532467532467533
dwight-d-eisenhower,foreign-policy,supported,91,696,15,0.1307471264367816
john-f-kennedy,foreign-policy,supported,220,1367,44,0.16093635698610095
lyndon-b-johnson,foreign-policy,supported,312,2712,71,0.11504424778761062
richard-m-nixon,foreign-policy,supported,80,520,23,0.15384615384615385
gerald-ford,foreign-policy,supported,105,410,14,0.25609756097560976
jimmy-carter,foreign-policy,supported,183,1034,22,0.1769825918762089
ronald-reagan,foreign-policy,supported,299,2044,60,0.14628180039138944
george-h-w-bush,foreign-policy,supported,121,934,23,0.12955032119914348
bill-clinton,foreign-policy,supported,91,1288,39,0.07065217391304347
george-w-bush,foreign-policy,supported,101,1058,38,0.09546313799621928
barack-obama,foreign-policy,supported,136,1879,51,0.07237892496008515
donald-trump,foreign-policy,supported,136,2853,53,0.04766912022432527
joe-biden,foreign-policy,supported,92,1219,28,0.07547169811320754
george-washington,immigration,supported,3,253,21,0.011857707509881422
john-adams,immigration,supported_zero,0,116,9,0.0
thomas-jefferson,immigration,supported,3,313,24,0.009584664536741214
james-madison,immigration,supported,4,274,21,0.014598540145985401
james-monroe,immigration,supported,2,407,10,0.004914004914004914
john-quincy-adams,immigration,supported,1,276,8,0.0036231884057971015
andrew-jackson,immigration,supported,4,1150,26,0.0034782608695652175
martin-van-buren,immigration,supported,5,465,10,0.010752688172043012
william-harrison,immigration,thin_zero,0,57,1,0.0
john-tyler,immigration,supported,8,540,18,0.014814814814814815
james-k-polk,immigration,supported,5,722,25,0.006925207756232687
zachary-taylor,immigration,thin_president,1,80,4,0.0125
millard-fillmore,immigration,supported,4,268,7,0.014925373134328358
franklin-pierce,immigration,supported,3,472,15,0.006355932203389831
james-buchanan,immigration,supported,7,625,14,0.0112
abraham-lincoln,immigration,supported,11,859,15,0.012805587892898719
andrew-johnson,immigration,supported,14,725,31,0.019310344827586208
ulysses-s-grant,immigration,supported,39,813,32,0.04797047970479705
rutherford-b-hayes,immigration,supported,35,500,16,0.07
james-a-garfield,immigration,thin_president,2,29,1,0.06896551724137931
chester-a-arthur,immigration,supported,30,478,11,0.06276150627615062
grover-cleveland,immigration,supported,69,1350,32,0.051111111111111114
benjamin-harrison,immigration,supported,25,598,16,0.04180602006688963
william-mckinley,immigration,supported,25,767,14,0.03259452411994785
theodore-roosevelt,immigration,supported,65,1530,22,0.042483660130718956
william-taft,immigration,supported,32,969,12,0.033023735810113516
woodrow-wilson,immigration,supported,9,661,33,0.01361573373676248
warren-g-harding,immigration,supported,22,238,18,0.09243697478991597
calvin-coolidge,immigration,supported,17,590,12,0.0288135593220339
herbert-hoover,immigration,supported,21,698,30,0.03008595988538682
franklin-d-roosevelt,immigration,supported,11,1084,49,0.01014760147601476
harry-s-truman,immigration,supported,4,308,19,0.012987012987012988
dwight-d-eisenhower,immigration,supported,12,696,15,0.017241379310344827
john-f-kennedy,immigration,supported,11,1367,44,0.008046817849305048
lyndon-b-johnson,immigration,supported,8,2712,71,0.0029498525073746312
richard-m-nixon,immigration,supported,2,520,23,0.0038461538461538464
gerald-ford,immigration,supported,1,410,14,0.0024390243902439024
jimmy-carter,immigration,supported,9,1034,22,0.008704061895551257
ronald-reagan,immigration,supported,22,2044,60,0.010763209393346379
george-h-w-bush,immigration,supported,12,934,23,0.01284796573875803
bill-clinton,immigration,supported,27,1288,39,0.02096273291925466
george-w-bush,immigration,supported,71,1058,38,0.0671077504725898
barack-obama,immigration,supported,89,1879,51,0.04736562001064396
donald-trump,immigration,supported,180,2853,53,0.06309148264984227
joe-biden,immigration,supported,53,1219,28,0.043478260869565216
george-washington,civil-rights-and-race,supported,2,253,21,0.007905138339920948
john-adams,civil-rights-and-race,supported_zero,0,116,9,0.0
thomas-jefferson,civil-rights-and-race,supported,5,313,24,0.01597444089456869
james-madison,civil-rights-and-race,supported,7,274,21,0.025547445255474453
james-monroe,civil-rights-and-race,supported,6,407,10,0.014742014742014743
john-quincy-adams,civil-rights-and-race,supported,11,276,8,0.03985507246376811
andrew-jackson,civil-rights-and-race,supported,27,1150,26,0.023478260869565216
martin-van-buren,civil-rights-and-race,supported,12,465,10,0.025806451612903226
william-harrison,civil-rights-and-race,thin_president,1,57,1,0.017543859649122806
john-tyler,civil-rights-and-race,supported,15,540,18,0.027777777777777776
james-k-polk,civil-rights-and-race,supported,17,722,25,0.023545706371191136
zachary-taylor,civil-rights-and-race,thin_zero,0,80,4,0.0
millard-fillmore,civil-rights-and-race,supported,6,268,7,0.022388059701492536
franklin-pierce,civil-rights-and-race,supported,17,472,15,0.036016949152542374
james-buchanan,civil-rights-and-race,supported,61,625,14,0.0976
abraham-lincoln,civil-rights-and-race,supported,312,859,15,0.36321303841676367
andrew-johnson,civil-rights-and-race,supported,82,725,31,0.11310344827586206
ulysses-s-grant,civil-rights-and-race,supported,39,813,32,0.04797047970479705
rutherford-b-hayes,civil-rights-and-race,supported,27,500,16,0.054
james-a-garfield,civil-rights-and-race,thin_president,8,29,1,0.27586206896551724
chester-a-arthur,civil-rights-and-race,supported,7,478,11,0.014644351464435146
grover-cleveland,civil-rights-and-race,supported,45,1350,32,0.03333333333333333
benjamin-harrison,civil-rights-and-race,supported,25,598,16,0.04180602006688963
william-mckinley,civil-rights-and-race,supported,19,767,14,0.024771838331160364
theodore-roosevelt,civil-rights-and-race,supported,49,1530,22,0.03202614379084967
william-taft,civil-rights-and-race,supported,41,969,12,0.04231166150670795
woodrow-wilson,civil-rights-and-race,supported,31,661,33,0.046898638426626324
warren-g-harding,civil-rights-and-race,supported,7,238,18,0.029411764705882353
calvin-coolidge,civil-rights-and-race,supported,33,590,12,0.05593220338983051
herbert-hoover,civil-rights-and-race,supported,33,698,30,0.04727793696275072
franklin-d-roosevelt,civil-rights-and-race,supported,41,1084,49,0.03782287822878229
harry-s-truman,civil-rights-and-race,supported,15,308,19,0.048701298701298704
dwight-d-eisenhower,civil-rights-and-race,supported,31,696,15,0.04454022988505747
john-f-kennedy,civil-rights-and-race,supported,80,1367,44,0.058522311631309436
lyndon-b-johnson,civil-rights-and-race,supported,145,2712,71,0.05346607669616519
richard-m-nixon,civil-rights-and-race,supported,5,520,23,0.009615384615384616
gerald-ford,civil-rights-and-race,supported,9,410,14,0.02195121951219512
jimmy-carter,civil-rights-and-race,supported,42,1034,22,0.04061895551257253
ronald-reagan,civil-rights-and-race,supported,58,2044,60,0.02837573385518591
george-h-w-bush,civil-rights-and-race,supported,25,934,23,0.02676659528907923
bill-clinton,civil-rights-and-race,supported,73,1288,39,0.056677018633540376
george-w-bush,civil-rights-and-race,supported,13,1058,38,0.012287334593572778
barack-obama,civil-rights-and-race,supported,85,1879,51,0.04523682810005322
donald-trump,civil-rights-and-race,supported,34,2853,53,0.011917280056081317
joe-biden,civil-rights-and-race,supported,20,1219,28,0.016406890894175553
george-washington,health-care,supported,1,253,21,0.003952569169960474
john-adams,health-care,supported,5,116,9,0.04310344827586207
thomas-jefferson,health-care,supported,7,313,24,0.022364217252396165
james-madison,health-care,supported,4,274,21,0.014598540145985401
james-monroe,health-care,supported,2,407,10,0.004914004914004914
john-quincy-adams,health-care,supported,7,276,8,0.025362318840579712
andrew-jackson,health-care,supported,10,1150,26,0.008695652173913044
martin-van-buren,health-care,supported,6,465,10,0.012903225806451613
william-harrison,health-care,thin_president,2,57,1,0.03508771929824561
john-tyler,health-care,supported,7,540,18,0.012962962962962963
james-k-polk,health-care,supported,3,722,25,0.004155124653739612
zachary-taylor,health-care,thin_president,1,80,4,0.0125
millard-fillmore,health-care,supported,3,268,7,0.011194029850746268
franklin-pierce,health-care,supported,6,472,15,0.012711864406779662
james-buchanan,health-care,supported,5,625,14,0.008
abraham-lincoln,health-care,supported,8,859,15,0.009313154831199068
andrew-johnson,health-care,supported_zero,0,725,31,0.0
ulysses-s-grant,health-care,supported,7,813,32,0.008610086100861008
rutherford-b-hayes,health-care,supported,14,500,16,0.028
james-a-garfield,health-care,thin_zero,0,29,1,0.0
chester-a-arthur,health-care,supported,10,478,11,0.02092050209205021
grover-cleveland,health-care,supported,24,1350,32,0.017777777777777778
benjamin-harrison,health-care,supported,7,598,16,0.011705685618729096
william-mckinley,health-care,supported,17,767,14,0.02216427640156454
theodore-roosevelt,health-care,supported,47,1530,22,0.03071895424836601
william-taft,health-care,supported,17,969,12,0.017543859649122806
woodrow-wilson,health-care,supported,11,661,33,0.01664145234493192
warren-g-harding,health-care,supported,3,238,18,0.012605042016806723
calvin-coolidge,health-care,supported,13,590,12,0.022033898305084745
herbert-hoover,health-care,supported,52,698,30,0.07449856733524356
franklin-d-roosevelt,health-care,supported,32,1084,49,0.02952029520295203
harry-s-truman,health-care,supported,5,308,19,0.016233766233766232
dwight-d-eisenhower,health-care,supported,60,696,15,0.08620689655172414
john-f-kennedy,health-care,supported,46,1367,44,0.033650329188002925
lyndon-b-johnson,health-care,supported,130,2712,71,0.04793510324483776
richard-m-nixon,health-care,supported,20,520,23,0.038461538461538464
gerald-ford,health-care,supported,18,410,14,0.04390243902439024
jimmy-carter,health-care,supported,59,1034,22,0.05705996131528046
ronald-reagan,health-care,supported,52,2044,60,0.025440313111545987
george-h-w-bush,health-care,supported,58,934,23,0.06209850107066381
bill-clinton,health-care,supported,200,1288,39,0.15527950310559005
george-w-bush,health-care,supported,110,1058,38,0.10396975425330812
barack-obama,health-care,supported,256,1879,51,0.13624268227780734
donald-trump,health-care,supported,202,2853,53,0.07080266386260077
joe-biden,health-care,supported,100,1219,28,0.08203445447087777
george-washington,education,supported,4,253,21,0.015810276679841896
john-adams,education,supported,1,116,9,0.008620689655172414
thomas-jefferson,education,supported,8,313,24,0.025559105431309903
james-madison,education,supported,4,274,21,0.014598540145985401
james-monroe,education,supported,4,407,10,0.009828009828009828
john-quincy-adams,education,supported,4,276,8,0.014492753623188406
andrew-jackson,education,supported,7,1150,26,0.00608695652173913
martin-van-buren,education,supported,4,465,10,0.008602150537634409
william-harrison,education,thin_zero,0,57,1,0.0
john-tyler,education,supported,3,540,18,0.005555555555555556
james-k-polk,education,supported,8,722,25,0.0110803324099723
zachary-taylor,education,thin_president,2,80,4,0.025
millard-fillmore,education,supported,2,268,7,0.007462686567164179
franklin-pierce,education,supported,5,472,15,0.01059322033898305
james-buchanan,education,supported,16,625,14,0.0256
abraham-lincoln,education,supported,3,859,15,0.0034924330616996507
andrew-johnson,education,supported,6,725,31,0.008275862068965517
ulysses-s-grant,education,supported,30,813,32,0.03690036900369004
rutherford-b-hayes,education,supported,28,500,16,0.056
james-a-garfield,education,thin_president,1,29,1,0.034482758620689655
chester-a-arthur,education,supported,14,478,11,0.029288702928870293
grover-cleveland,education,supported,20,1350,32,0.014814814814814815
benjamin-harrison,education,supported,19,598,16,0.03177257525083612
william-mckinley,education,supported,23,767,14,0.02998696219035202
theodore-roosevelt,education,supported,58,1530,22,0.03790849673202614
william-taft,education,supported,20,969,12,0.02063983488132095
woodrow-wilson,education,supported,12,661,33,0.018154311649016642
warren-g-harding,education,supported,8,238,18,0.03361344537815126
calvin-coolidge,education,supported,38,590,12,0.06440677966101695
herbert-hoover,education,supported,24,698,30,0.034383954154727794
franklin-d-roosevelt,education,supported,24,1084,49,0.02214022140221402
harry-s-truman,education,supported,9,308,19,0.02922077922077922
dwight-d-eisenhower,education,supported,38,696,15,0.05459770114942529
john-f-kennedy,education,supported,133,1367,44,0.09729334308705194
lyndon-b-johnson,education,supported,138,2712,71,0.05088495575221239
richard-m-nixon,education,supported,18,520,23,0.03461538461538462
gerald-ford,education,supported,11,410,14,0.026829268292682926
jimmy-carter,education,supported,47,1034,22,0.045454545454545456
ronald-reagan,education,supported,96,2044,60,0.046966731898238745
george-h-w-bush,education,supported,61,934,23,0.06531049250535331
bill-clinton,education,supported,204,1288,39,0.15838509316770186
george-w-bush,education,supported,76,1058,38,0.07183364839319471
barack-obama,education,supported,209,1879,51,0.11122937732836616
donald-trump,education,supported,88,2853,53,0.030844724851034
joe-biden,education,supported,56,1219,28,0.04593929450369155
george-washington,crime-and-justice,supported,12,253,21,0.04743083003952569
john-adams,crime-and-justice,supported,6,116,9,0.05172413793103448
thomas-jefferson,crime-and-justice,supported,9,313,24,0.02875399361022364
james-madison,crime-and-justice,supported,8,274,21,0.029197080291970802
james-monroe,crime-and-justice,supported,8,407,10,0.019656019656019656
john-quincy-adams,crime-and-justice,supported,4,276,8,0.014492753623188406
andrew-jackson,crime-and-justice,supported,39,1150,26,0.03391304347826087
martin-van-buren,crime-and-justice,supported,19,465,10,0.04086021505376344
william-harrison,crime-and-justice,thin_president,3,57,1,0.05263157894736842
john-tyler,crime-and-justice,supported,15,540,18,0.027777777777777776
james-k-polk,crime-and-justice,supported,12,722,25,0.01662049861495845
zachary-taylor,crime-and-justice,thin_president,1,80,4,0.0125
millard-fillmore,crime-and-justice,supported,12,268,7,0.04477611940298507
franklin-pierce,crime-and-justice,supported,25,472,15,0.05296610169491525
james-buchanan,crime-and-justice,supported,16,625,14,0.0256
abraham-lincoln,crime-and-justice,supported,24,859,15,0.027939464493597205
andrew-johnson,crime-and-justice,supported,68,725,31,0.09379310344827586
ulysses-s-grant,crime-and-justice,supported,50,813,32,0.06150061500615006
rutherford-b-hayes,crime-and-justice,supported,40,500,16,0.08
james-a-garfield,crime-and-justice,thin_president,1,29,1,0.034482758620689655
chester-a-arthur,crime-and-justice,supported,12,478,11,0.02510460251046025
grover-cleveland,crime-and-justice,supported,65,1350,32,0.04814814814814815
benjamin-harrison,crime-and-justice,supported,53,598,16,0.08862876254180602
william-mckinley,crime-and-justice,supported,36,767,14,0.0469361147327249
theodore-roosevelt,crime-and-justice,supported,140,1530,22,0.0915032679738562
william-taft,crime-and-justice,supported,55,969,12,0.05675954592363261
woodrow-wilson,crime-and-justice,supported,24,661,33,0.036308623298033284
warren-g-harding,crime-and-justice,supported,2,238,18,0.008403361344537815
calvin-coolidge,crime-and-justice,supported,31,590,12,0.05254237288135593
herbert-hoover,crime-and-justice,supported,18,698,30,0.025787965616045846
franklin-d-roosevelt,crime-and-justice,supported,23,1084,49,0.021217712177121772
harry-s-truman,crime-and-justice,supported,5,308,19,0.016233766233766232
dwight-d-eisenhower,crime-and-justice,supported,10,696,15,0.014367816091954023
john-f-kennedy,crime-and-justice,supported,27,1367,44,0.019751280175566936
lyndon-b-johnson,crime-and-justice,supported,139,2712,71,0.05125368731563422
richard-m-nixon,crime-and-justice,supported,22,520,23,0.04230769230769231
gerald-ford,crime-and-justice,supported,15,410,14,0.036585365853658534
jimmy-carter,crime-and-justice,supported,29,1034,22,0.02804642166344294
ronald-reagan,crime-and-justice,supported,85,2044,60,0.041585127201565555
george-h-w-bush,crime-and-justice,supported,57,934,23,0.061027837259100645
bill-clinton,crime-and-justice,supported,186,1288,39,0.14440993788819875
george-w-bush,crime-and-justice,supported,115,1058,38,0.10869565217391304
barack-obama,crime-and-justice,supported,104,1879,51,0.05534858967535923
donald-trump,crime-and-justice,supported,215,2853,53,0.07535927094286715
joe-biden,crime-and-justice,supported,108,1219,28,0.08859721082854799
george-washington,energy-and-environment,supported_zero,0,253,21,0.0
john-adams,energy-and-environment,supported_zero,0,116,9,0.0
thomas-jefferson,energy-and-environment,supported,5,313,24,0.01597444089456869
james-madison,energy-and-environment,supported_zero,0,274,21,0.0
james-monroe,energy-and-environment,supported,4,407,10,0.009828009828009828
john-quincy-adams,energy-and-environment,supported,1,276,8,0.0036231884057971015
andrew-jackson,energy-and-environment,supported,4,1150,26,0.0034782608695652175
martin-van-buren,energy-and-environment,supported,6,465,10,0.012903225806451613
william-harrison,energy-and-environment,thin_president,1,57,1,0.017543859649122806
john-tyler,energy-and-environment,supported,6,540,18,0.011111111111111112
james-k-polk,energy-and-environment,supported,6,722,25,0.008310249307479225
zachary-taylor,energy-and-environment,thin_zero,0,80,4,0.0
millard-fillmore,energy-and-environment,supported,2,268,7,0.007462686567164179
franklin-pierce,energy-and-environment,supported,5,472,15,0.01059322033898305
james-buchanan,energy-and-environment,supported,1,625,14,0.0016
abraham-lincoln,energy-and-environment,supported,9,859,15,0.010477299185098952
andrew-johnson,energy-and-environment,supported,3,725,31,0.004137931034482759
ulysses-s-grant,energy-and-environment,supported,9,813,32,0.01107011070110701
rutherford-b-hayes,energy-and-environment,supported,8,500,16,0.016
james-a-garfield,energy-and-environment,thin_zero,0,29,1,0.0
chester-a-arthur,energy-and-environment,supported,6,478,11,0.012552301255230125
grover-cleveland,energy-and-environment,supported,6,1350,32,0.0044444444444444444
benjamin-harrison,energy-and-environment,supported,7,598,16,0.011705685618729096
william-mckinley,energy-and-environment,supported,8,767,14,0.010430247718383311
theodore-roosevelt,energy-and-environment,supported,50,1530,22,0.032679738562091505
william-taft,energy-and-environment,supported,53,969,12,0.054695562435500514
woodrow-wilson,energy-and-environment,supported,14,661,33,0.02118003025718608
warren-g-harding,energy-and-environment,supported,5,238,18,0.02100840336134454
calvin-coolidge,energy-and-environment,supported,24,590,12,0.04067796610169491
herbert-hoover,energy-and-environment,supported,11,698,30,0.015759312320916905
franklin-d-roosevelt,energy-and-environment,supported,36,1084,49,0.033210332103321034
harry-s-truman,energy-and-environment,supported,7,308,19,0.022727272727272728
dwight-d-eisenhower,energy-and-environment,supported,34,696,15,0.04885057471264368
john-f-kennedy,energy-and-environment,supported,23,1367,44,0.016825164594001463
lyndon-b-johnson,energy-and-environment,supported,33,2712,71,0.012168141592920354
richard-m-nixon,energy-and-environment,supported,36,520,23,0.06923076923076923
gerald-ford,energy-and-environment,supported,57,410,14,0.13902439024390245
jimmy-carter,energy-and-environment,supported,118,1034,22,0.11411992263056092
ronald-reagan,energy-and-environment,supported,33,2044,60,0.01614481409001957
george-h-w-bush,energy-and-environment,supported,39,934,23,0.0417558886509636
bill-clinton,energy-and-environment,supported,64,1288,39,0.049689440993788817
george-w-bush,energy-and-environment,supported,33,1058,38,0.031190926275992438
barack-obama,energy-and-environment,supported,105,1879,51,0.05588078765300692
donald-trump,energy-and-environment,supported,80,2853,53,0.028040658955485454
joe-biden,energy-and-environment,supported,55,1219,28,0.045118949958982774
george-washington,trade-and-tariffs,supported,23,253,21,0.09090909090909091
john-adams,trade-and-tariffs,supported,28,116,9,0.2413793103448276
thomas-jefferson,trade-and-tariffs,supported,40,313,24,0.12779552715654952
james-madison,trade-and-tariffs,supported,50,274,21,0.18248175182481752
james-monroe,trade-and-tariffs,supported,84,407,10,0.20638820638820637
john-quincy-adams,trade-and-tariffs,supported,58,276,8,0.21014492753623187
andrew-jackson,trade-and-tariffs,supported,152,1150,26,0.13217391304347825
martin-van-buren,trade-and-tariffs,supported,75,465,10,0.16129032258064516
william-harrison,trade-and-tariffs,thin_zero,0,57,1,0.0
john-tyler,trade-and-tariffs,supported,99,540,18,0.18333333333333332
james-k-polk,trade-and-tariffs,supported,120,722,25,0.16620498614958448
zachary-taylor,trade-and-tariffs,thin_president,13,80,4,0.1625
millard-fillmore,trade-and-tariffs,supported,41,268,7,0.15298507462686567
franklin-pierce,trade-and-tariffs,supported,47,472,15,0.09957627118644068
james-buchanan,trade-and-tariffs,supported,84,625,14,0.1344
abraham-lincoln,trade-and-tariffs,supported,60,859,15,0.06984866123399301
andrew-johnson,trade-and-tariffs,supported,38,725,31,0.05241379310344828
ulysses-s-grant,trade-and-tariffs,supported,121,813,32,0.14883148831488316
rutherford-b-hayes,trade-and-tariffs,supported,53,500,16,0.106
james-a-garfield,trade-and-tariffs,thin_president,3,29,1,0.10344827586206896
chester-a-arthur,trade-and-tariffs,supported,63,478,11,0.13179916317991633
grover-cleveland,trade-and-tariffs,supported,151,1350,32,0.11185185185185186
benjamin-harrison,trade-and-tariffs,supported,132,598,16,0.22073578595317725
william-mckinley,trade-and-tariffs,supported,122,767,14,0.1590612777053455
theodore-roosevelt,trade-and-tariffs,supported,225,1530,22,0.14705882352941177
william-taft,trade-and-tariffs,supported,280,969,12,0.2889576883384933
woodrow-wilson,trade-and-tariffs,supported,98,661,33,0.14826021180030258
warren-g-harding,trade-and-tariffs,supported,29,238,18,0.12184873949579832
calvin-coolidge,trade-and-tariffs,supported,70,590,12,0.11864406779661017
herbert-hoover,trade-and-tariffs,supported,122,698,30,0.17478510028653296
franklin-d-roosevelt,trade-and-tariffs,supported,44,1084,49,0.04059040590405904
harry-s-truman,trade-and-tariffs,supported,10,308,19,0.032467532467532464
dwight-d-eisenhower,trade-and-tariffs,supported,51,696,15,0.07327586206896551
john-f-kennedy,trade-and-tariffs,supported,80,1367,44,0.058522311631309436
lyndon-b-johnson,trade-and-tariffs,supported,83,2712,71,0.0306047197640118
richard-m-nixon,trade-and-tariffs,supported,11,520,23,0.021153846153846155
gerald-ford,trade-and-tariffs,supported,25,410,14,0.06097560975609756
jimmy-carter,trade-and-tariffs,supported,44,1034,22,0.0425531914893617
ronald-reagan,trade-and-tariffs,supported,69,2044,60,0.0337573385518591
george-h-w-bush,trade-and-tariffs,supported,49,934,23,0.05246252676659529
bill-clinton,trade-and-tariffs,supported,76,1288,39,0.059006211180124224
george-w-bush,trade-and-tariffs,supported,53,1058,38,0.0500945179584121
barack-obama,trade-and-tariffs,supported,78,1879,51,0.041511442256519426
donald-trump,trade-and-tariffs,supported,112,2853,53,0.03925692253767964
joe-biden,trade-and-tariffs,supported,19,1219,28,0.015586546349466776
george-washington,agriculture,supported,10,253,21,0.039525691699604744
john-adams,agriculture,supported,5,116,9,0.04310344827586207
thomas-jefferson,agriculture,supported,15,313,24,0.04792332268370607
james-madison,agriculture,supported,4,274,21,0.014598540145985401
james-monroe,agriculture,supported,4,407,10,0.009828009828009828
john-quincy-adams,agriculture,supported,3,276,8,0.010869565217391304
andrew-jackson,agriculture,supported,12,1150,26,0.010434782608695653
martin-van-buren,agriculture,supported,8,465,10,0.017204301075268817
william-harrison,agriculture,thin_zero,0,57,1,0.0
john-tyler,agriculture,supported,1,540,18,0.001851851851851852
james-k-polk,agriculture,supported,14,722,25,0.019390581717451522
zachary-taylor,agriculture,thin_president,4,80,4,0.05
millard-fillmore,agriculture,supported,5,268,7,0.018656716417910446
franklin-pierce,agriculture,supported,3,472,15,0.006355932203389831
james-buchanan,agriculture,supported,7,625,14,0.0112
abraham-lincoln,agriculture,supported,8,859,15,0.009313154831199068
andrew-johnson,agriculture,supported,3,725,31,0.004137931034482759
ulysses-s-grant,agriculture,supported,16,813,32,0.01968019680196802
rutherford-b-hayes,agriculture,supported,18,500,16,0.036
james-a-garfield,agriculture,thin_president,1,29,1,0.034482758620689655
chester-a-arthur,agriculture,supported,4,478,11,0.008368200836820083
grover-cleveland,agriculture,supported,49,1350,32,0.0362962962962963
benjamin-harrison,agriculture,supported,35,598,16,0.05852842809364549
william-mckinley,agriculture,supported,22,767,14,0.028683181225554105
theodore-roosevelt,agriculture,supported,68,1530,22,0.044444444444444446
william-taft,agriculture,supported,35,969,12,0.03611971104231166
woodrow-wilson,agriculture,supported,22,661,33,0.03328290468986384
warren-g-harding,agriculture,supported,18,238,18,0.07563025210084033
calvin-coolidge,agriculture,supported,68,590,12,0.1152542372881356
herbert-hoover,agriculture,supported,107,698,30,0.15329512893982808
franklin-d-roosevelt,agriculture,supported,104,1084,49,0.0959409594095941
harry-s-truman,agriculture,supported,13,308,19,0.04220779220779221
dwight-d-eisenhower,agriculture,supported,52,696,15,0.07471264367816093
john-f-kennedy,agriculture,supported,34,1367,44,0.02487198244330651
lyndon-b-johnson,agriculture,supported,57,2712,71,0.02101769911504425
richard-m-nixon,agriculture,supported,9,520,23,0.01730769230769231
gerald-ford,agriculture,supported,7,410,14,0.01707317073170732
jimmy-carter,agriculture,supported,20,1034,22,0.019342359767891684
ronald-reagan,agriculture,supported,40,2044,60,0.019569471624266144
george-h-w-bush,agriculture,supported,15,934,23,0.016059957173447537
bill-clinton,agriculture,supported,18,1288,39,0.013975155279503106
george-w-bush,agriculture,supported,10,1058,38,0.00945179584120983
barack-obama,agriculture,supported,15,1879,51,0.007982969664715274
donald-trump,agriculture,supported,29,2853,53,0.010164738871363477
joe-biden,agriculture,supported,8,1219,28,0.006562756357670222
george-washington,religion-and-values,supported,10,253,21,0.039525691699604744
john-adams,religion-and-values,supported,14,116,9,0.1206896551724138
thomas-jefferson,religion-and-values,supported,16,313,24,0.051118210862619806
james-madison,religion-and-values,supported,14,274,21,0.051094890510948905
james-monroe,religion-and-values,supported,8,407,10,0.019656019656019656
john-quincy-adams,religion-and-values,supported,14,276,8,0.050724637681159424
andrew-jackson,religion-and-values,supported,38,1150,26,0.03304347826086956
martin-van-buren,religion-and-values,supported,17,465,10,0.03655913978494624
william-harrison,religion-and-values,thin_president,2,57,1,0.03508771929824561
john-tyler,religion-and-values,supported,20,540,18,0.037037037037037035
james-k-polk,religion-and-values,supported,24,722,25,0.0332409972299169
zachary-taylor,religion-and-values,thin_president,4,80,4,0.05
millard-fillmore,religion-and-values,supported,2,268,7,0.007462686567164179
franklin-pierce,religion-and-values,supported,37,472,15,0.07838983050847458
james-buchanan,religion-and-values,supported,24,625,14,0.0384
abraham-lincoln,religion-and-values,supported,80,859,15,0.09313154831199069
andrew-johnson,religion-and-values,supported,39,725,31,0.05379310344827586
ulysses-s-grant,religion-and-values,supported,33,813,32,0.04059040590405904
rutherford-b-hayes,religion-and-values,supported,21,500,16,0.042
james-a-garfield,religion-and-values,thin_president,6,29,1,0.20689655172413793
chester-a-arthur,religion-and-values,supported,10,478,11,0.02092050209205021
grover-cleveland,religion-and-values,supported,43,1350,32,0.03185185185185185
benjamin-harrison,religion-and-values,supported,16,598,16,0.026755852842809364
william-mckinley,religion-and-values,supported,22,767,14,0.028683181225554105
theodore-roosevelt,religion-and-values,supported,50,1530,22,0.032679738562091505
william-taft,religion-and-values,supported,18,969,12,0.018575851393188854
woodrow-wilson,religion-and-values,supported,52,661,33,0.07866868381240545
warren-g-harding,religion-and-values,supported,34,238,18,0.14285714285714285
calvin-coolidge,religion-and-values,supported,58,590,12,0.09830508474576272
herbert-hoover,religion-and-values,supported,56,698,30,0.08022922636103152
franklin-d-roosevelt,religion-and-values,supported,89,1084,49,0.08210332103321033
harry-s-truman,religion-and-values,supported,41,308,19,0.1331168831168831
dwight-d-eisenhower,religion-and-values,supported,67,696,15,0.09626436781609195
john-f-kennedy,religion-and-values,supported,65,1367,44,0.04754937820043892
lyndon-b-johnson,religion-and-values,supported,105,2712,71,0.03871681415929203
richard-m-nixon,religion-and-values,supported,34,520,23,0.06538461538461539
gerald-ford,religion-and-values,supported,21,410,14,0.05121951219512195
jimmy-carter,religion-and-values,supported,61,1034,22,0.05899419729206963
ronald-reagan,religion-and-values,supported,258,2044,60,0.12622309197651663
george-h-w-bush,religion-and-values,supported,64,934,23,0.06852248394004283
bill-clinton,religion-and-values,supported,99,1288,39,0.07686335403726709
george-w-bush,religion-and-values,supported,112,1058,38,0.10586011342155009
barack-obama,religion-and-values,supported,167,1879,51,0.08887706226716338
donald-trump,religion-and-values,supported,126,2853,53,0.04416403785488959
joe-biden,religion-and-values,supported,87,1219,28,0.07136997538966366
george-washington,money-and-banking,supported,8,253,21,0.03162055335968379
john-adams,money-and-banking,supported_zero,0,116,9,0.0
thomas-jefferson,money-and-banking,supported,6,313,24,0.019169329073482427
james-madison,money-and-banking,supported,16,274,21,0.058394160583941604
james-monroe,money-and-banking,supported,10,407,10,0.02457002457002457
john-quincy-adams,money-and-banking,supported,3,276,8,0.010869565217391304
andrew-jackson,money-and-banking,supported,196,1150,26,0.17043478260869566
martin-van-buren,money-and-banking,supported,116,465,10,0.24946236559139784
william-harrison,money-and-banking,thin_president,5,57,1,0.08771929824561403
john-tyler,money-and-banking,supported,77,540,18,0.1425925925925926
james-k-polk,money-and-banking,supported,52,722,25,0.07202216066481995
zachary-taylor,money-and-banking,thin_zero,0,80,4,0.0
millard-fillmore,money-and-banking,supported,5,268,7,0.018656716417910446
franklin-pierce,money-and-banking,supported,2,472,15,0.00423728813559322
james-buchanan,money-and-banking,supported,25,625,14,0.04
abraham-lincoln,money-and-banking,supported,14,859,15,0.01629802095459837
andrew-johnson,money-and-banking,supported,38,725,31,0.05241379310344828
ulysses-s-grant,money-and-banking,supported,71,813,32,0.08733087330873308
rutherford-b-hayes,money-and-banking,supported,47,500,16,0.094
james-a-garfield,money-and-banking,thin_president,2,29,1,0.06896551724137931
chester-a-arthur,money-and-banking,supported,34,478,11,0.07112970711297072
grover-cleveland,money-and-banking,supported,201,1350,32,0.14888888888888888
benjamin-harrison,money-and-banking,supported,48,598,16,0.0802675585284281
william-mckinley,money-and-banking,supported,56,767,14,0.07301173402868318
theodore-roosevelt,money-and-banking,supported,35,1530,22,0.02287581699346405
william-taft,money-and-banking,supported,57,969,12,0.058823529411764705
woodrow-wilson,money-and-banking,supported,26,661,33,0.039334341906202726
warren-g-harding,money-and-banking,supported,6,238,18,0.025210084033613446
calvin-coolidge,money-and-banking,supported,15,590,12,0.025423728813559324
herbert-hoover,money-and-banking,supported,83,698,30,0.11891117478510028
franklin-d-roosevelt,money-and-banking,supported,73,1084,49,0.06734317343173432
harry-s-truman,money-and-banking,supported,7,308,19,0.022727272727272728
dwight-d-eisenhower,money-and-banking,supported,39,696,15,0.05603448275862069
john-f-kennedy,money-and-banking,supported,69,1367,44,0.05047549378200439
lyndon-b-johnson,money-and-banking,supported,65,2712,71,0.02396755162241888
richard-m-nixon,money-and-banking,supported,26,520,23,0.05
gerald-ford,money-and-banking,supported,43,410,14,0.1048780487804878
jimmy-carter,money-and-banking,supported,128,1034,22,0.12379110251450677
ronald-reagan,money-and-banking,supported,114,2044,60,0.05577299412915851
george-h-w-bush,money-and-banking,supported,38,934,23,0.04068522483940043
bill-clinton,money-and-banking,supported,42,1288,39,0.03260869565217391
george-w-bush,money-and-banking,supported,13,1058,38,0.012287334593572778
barack-obama,money-and-banking,supported,45,1879,51,0.023948908994145823
donald-trump,money-and-banking,supported,44,2853,53,0.015422362425517
joe-biden,money-and-banking,supported,30,1219,28,0.02461033634126333
george-washington,infrastructure,supported,13,253,21,0.05138339920948617
john-adams,infrastructure,supported,18,116,9,0.15517241379310345
thomas-jefferson,infrastructure,supported,81,313,24,0.25878594249201275
james-madison,infrastructure,supported,49,274,21,0.17883211678832117
james-monroe,infrastructure,supported,90,407,10,0.22113022113022113
john-quincy-adams,infrastructure,supported,58,276,8,0.21014492753623187
andrew-jackson,infrastructure,supported,79,1150,26,0.06869565217391305
martin-van-buren,infrastructure,supported,33,465,10,0.07096774193548387
william-harrison,infrastructure,thin_zero,0,57,1,0.0
john-tyler,infrastructure,supported,92,540,18,0.17037037037037037
james-k-polk,infrastructure,supported,101,722,25,0.13988919667590027
zachary-taylor,infrastructure,thin_president,27,80,4,0.3375
millard-fillmore,infrastructure,supported,67,268,7,0.25
franklin-pierce,infrastructure,supported,109,472,15,0.2309322033898305
james-buchanan,infrastructure,supported,75,625,14,0.12
abraham-lincoln,infrastructure,supported,55,859,15,0.0640279394644936
andrew-johnson,infrastructure,supported,48,725,31,0.06620689655172414
ulysses-s-grant,infrastructure,supported,141,813,32,0.17343173431734318
rutherford-b-hayes,infrastructure,supported,49,500,16,0.098
james-a-garfield,infrastructure,thin_president,1,29,1,0.034482758620689655
chester-a-arthur,infrastructure,supported,90,478,11,0.18828451882845187
grover-cleveland,infrastructure,supported,141,1350,32,0.10444444444444445
benjamin-harrison,infrastructure,supported,113,598,16,0.18896321070234115
william-mckinley,infrastructure,supported,117,767,14,0.15254237288135594
theodore-roosevelt,infrastructure,supported,370,1530,22,0.24183006535947713
william-taft,infrastructure,supported,169,969,12,0.17440660474716202
woodrow-wilson,infrastructure,supported,76,661,33,0.11497730711043873
warren-g-harding,infrastructure,supported,20,238,18,0.08403361344537816
calvin-coolidge,infrastructure,supported,96,590,12,0.16271186440677965
herbert-hoover,infrastructure,supported,48,698,30,0.06876790830945559
franklin-d-roosevelt,infrastructure,supported,129,1084,49,0.11900369003690037
harry-s-truman,infrastructure,supported,17,308,19,0.05519480519480519
dwight-d-eisenhower,infrastructure,supported,18,696,15,0.02586206896551724
john-f-kennedy,infrastructure,supported,23,1367,44,0.016825164594001463
lyndon-b-johnson,infrastructure,supported,49,2712,71,0.018067846607669618
richard-m-nixon,infrastructure,supported,4,520,23,0.007692307692307693
gerald-ford,infrastructure,supported,6,410,14,0.014634146341463415
jimmy-carter,infrastructure,supported,15,1034,22,0.014506769825918761
ronald-reagan,infrastructure,supported,47,2044,60,0.02299412915851272
george-h-w-bush,infrastructure,supported,13,934,23,0.013918629550321198
bill-clinton,infrastructure,supported,23,1288,39,0.017857142857142856
george-w-bush,infrastructure,supported,30,1058,38,0.02835538752362949
barack-obama,infrastructure,supported,64,1879,51,0.034060670569451834
donald-trump,infrastructure,supported,71,2853,53,0.02488608482299334
joe-biden,infrastructure,supported,56,1219,28,0.04593929450369155
george-washington,security-and-peace,supported,16,253,21,0.06324110671936758
john-adams,security-and-peace,supported,8,116,9,0.06896551724137931
thomas-jefferson,security-and-peace,supported,19,313,24,0.06070287539936102
james-madison,security-and-peace,supported,22,274,21,0.08029197080291971
james-monroe,security-and-peace,supported,20,407,10,0.04914004914004914
john-quincy-adams,security-and-peace,supported,27,276,8,0.09782608695652174
andrew-jackson,security-and-peace,supported,31,1150,26,0.026956521739130435
martin-van-buren,security-and-peace,supported,14,465,10,0.030107526881720432
william-harrison,security-and-peace,thin_president,2,57,1,0.03508771929824561
john-tyler,security-and-peace,supported,13,540,18,0.024074074074074074
james-k-polk,security-and-peace,supported,48,722,25,0.0664819944598338
zachary-taylor,security-and-peace,thin_president,6,80,4,0.075
millard-fillmore,security-and-peace,supported,15,268,7,0.055970149253731345
franklin-pierce,security-and-peace,supported,38,472,15,0.08050847457627118
james-buchanan,security-and-peace,supported,23,625,14,0.0368
abraham-lincoln,security-and-peace,supported,34,859,15,0.03958090803259604
andrew-johnson,security-and-peace,supported,34,725,31,0.04689655172413793
ulysses-s-grant,security-and-peace,supported,57,813,32,0.07011070110701106
rutherford-b-hayes,security-and-peace,supported,20,500,16,0.04
james-a-garfield,security-and-peace,thin_president,1,29,1,0.034482758620689655
chester-a-arthur,security-and-peace,supported,28,478,11,0.058577405857740586
grover-cleveland,security-and-peace,supported,65,1350,32,0.04814814814814815
benjamin-harrison,security-and-peace,supported,36,598,16,0.06020066889632107
william-mckinley,security-and-peace,supported,85,767,14,0.11082138200782268
theodore-roosevelt,security-and-peace,supported,109,1530,22,0.07124183006535947
william-taft,security-and-peace,supported,48,969,12,0.04953560371517028
woodrow-wilson,security-and-peace,supported,140,661,33,0.2118003025718608
warren-g-harding,security-and-peace,supported,58,238,18,0.24369747899159663
calvin-coolidge,security-and-peace,supported,70,590,12,0.11864406779661017
herbert-hoover,security-and-peace,supported,85,698,30,0.12177650429799428
franklin-d-roosevelt,security-and-peace,supported,466,1084,49,0.42988929889298894
harry-s-truman,security-and-peace,supported,170,308,19,0.551948051948052
dwight-d-eisenhower,security-and-peace,supported,286,696,15,0.4109195402298851
john-f-kennedy,security-and-peace,supported,635,1367,44,0.46452084857351866
lyndon-b-johnson,security-and-peace,supported,909,2712,71,0.33517699115044247
richard-m-nixon,security-and-peace,supported,188,520,23,0.36153846153846153
gerald-ford,security-and-peace,supported,147,410,14,0.35853658536585364
jimmy-carter,security-and-peace,supported,308,1034,22,0.2978723404255319
ronald-reagan,security-and-peace,supported,789,2044,60,0.3860078277886497
george-h-w-bush,security-and-peace,supported,338,934,23,0.3618843683083512
bill-clinton,security-and-peace,supported,267,1288,39,0.20729813664596272
george-w-bush,security-and-peace,supported,469,1058,38,0.44328922495274103
barack-obama,security-and-peace,supported,498,1879,51,0.2650345928685471
donald-trump,security-and-peace,supported,402,2853,53,0.14090431125131442
joe-biden,security-and-peace,supported,346,1219,28,0.2838392124692371
