condition,k,boundary_year,is_primary_k,n_axes
drop_combat,2,1912,False,60
drop_combat,3,1808,False,60
drop_combat,3,1912,False,60
drop_combat,4,1808,False,60
drop_combat,4,1912,False,60
drop_combat,4,2016,False,60
drop_combat,5,1808,False,60
drop_combat,5,1912,False,60
drop_combat,5,1936,False,60
drop_combat,5,2016,False,60
drop_combat,6,1808,False,60
drop_combat,6,1872,False,60
drop_combat,6,1912,False,60
drop_combat,6,1936,False,60
drop_combat,6,2016,False,60
drop_combat,7,1808,False,60
drop_combat,7,1848,False,60
drop_combat,7,1872,False,60
drop_combat,7,1912,False,60
drop_combat,7,1936,False,60
drop_combat,7,2016,False,60
drop_combat,8,1792,False,60
drop_combat,8,1808,False,60
drop_combat,8,1848,False,60
drop_combat,8,1872,False,60
drop_combat,8,1912,False,60
drop_combat,8,1936,False,60
drop_combat,8,2016,False,60
drop_combat,9,1792,True,60
drop_combat,9,1808,True,60
drop_combat,9,1848,True,60
drop_combat,9,1872,True,60
drop_combat,9,1912,True,60
drop_combat,9,1936,True,60
drop_combat,9,1976,True,60
drop_combat,9,2016,True,60
drop_combat,10,1792,False,60
drop_combat,10,1808,False,60
drop_combat,10,1848,False,60
drop_combat,10,1872,False,60
drop_combat,10,1912,False,60
drop_combat,10,1936,False,60
drop_combat,10,1952,False,60
drop_combat,10,1976,False,60
drop_combat,10,2016,False,60
drop_combat,11,1792,False,60
drop_combat,11,1808,False,60
drop_combat,11,1848,False,60
drop_combat,11,1872,False,60
drop_combat,11,1912,False,60
drop_combat,11,1928,False,60
drop_combat,11,1936,False,60
drop_combat,11,1952,False,60
drop_combat,11,1976,False,60
drop_combat,11,2016,False,60
drop_combat,12,1792,False,60
drop_combat,12,1808,False,60
drop_combat,12,1848,False,60
drop_combat,12,1872,False,60
drop_combat,12,1912,False,60
drop_combat,12,1928,False,60
drop_combat,12,1936,False,60
drop_combat,12,1952,False,60
drop_combat,12,1976,False,60
drop_combat,12,2000,False,60
drop_combat,12,2016,False,60
drop_genre,2,1912,False,53
drop_genre,3,1912,False,53
drop_genre,3,2016,False,53
drop_genre,4,1808,False,53
drop_genre,4,1912,False,53
drop_genre,4,2016,False,53
drop_genre,5,1808,False,53
drop_genre,5,1912,False,53
drop_genre,5,1936,False,53
drop_genre,5,2016,False,53
drop_genre,6,1808,False,53
drop_genre,6,1872,False,53
drop_genre,6,1912,False,53
drop_genre,6,1936,False,53
drop_genre,6,2016,False,53
drop_genre,7,1808,False,53
drop_genre,7,1848,False,53
drop_genre,7,1872,False,53
drop_genre,7,1912,False,53
drop_genre,7,1936,False,53
drop_genre,7,2016,False,53
drop_genre,8,1808,False,53
drop_genre,8,1848,False,53
drop_genre,8,1872,False,53
drop_genre,8,1912,False,53
drop_genre,8,1936,False,53
drop_genre,8,1952,False,53
drop_genre,8,2016,False,53
drop_genre,9,1792,True,53
drop_genre,9,1808,True,53
drop_genre,9,1848,True,53
drop_genre,9,1872,True,53
drop_genre,9,1912,True,53
drop_genre,9,1936,True,53
drop_genre,9,1952,True,53
drop_genre,9,2016,True,53
drop_genre,10,1792,False,53
drop_genre,10,1808,False,53
drop_genre,10,1848,False,53
drop_genre,10,1872,False,53
drop_genre,10,1912,False,53
drop_genre,10,1936,False,53
drop_genre,10,1952,False,53
drop_genre,10,1976,False,53
drop_genre,10,2016,False,53
drop_genre,11,1792,False,53
drop_genre,11,1808,False,53
drop_genre,11,1816,False,53
drop_genre,11,1848,False,53
drop_genre,11,1872,False,53
drop_genre,11,1912,False,53
drop_genre,11,1936,False,53
drop_genre,11,1952,False,53
drop_genre,11,1976,False,53
drop_genre,11,2016,False,53
drop_genre,12,1792,False,53
drop_genre,12,1808,False,53
drop_genre,12,1816,False,53
drop_genre,12,1848,False,53
drop_genre,12,1872,False,53
drop_genre,12,1912,False,53
drop_genre,12,1936,False,53
drop_genre,12,1952,False,53
drop_genre,12,1976,False,53
drop_genre,12,2000,False,53
drop_genre,12,2016,False,53
drop_marker,2,1912,False,44
drop_marker,3,1808,False,44
drop_marker,3,1912,False,44
drop_marker,4,1808,False,44
drop_marker,4,1912,False,44
drop_marker,4,1936,False,44
drop_marker,5,1808,False,44
drop_marker,5,1872,False,44
drop_marker,5,1912,False,44
drop_marker,5,1936,False,44
drop_marker,6,1808,False,44
drop_marker,6,1848,False,44
drop_marker,6,1872,False,44
drop_marker,6,1912,False,44
drop_marker,6,1936,False,44
drop_marker,7,1808,False,44
drop_marker,7,1848,False,44
drop_marker,7,1872,False,44
drop_marker,7,1912,False,44
drop_marker,7,1936,False,44
drop_marker,7,2016,False,44
drop_marker,8,1808,False,44
drop_marker,8,1848,False,44
drop_marker,8,1872,False,44
drop_marker,8,1912,False,44
drop_marker,8,1936,False,44
drop_marker,8,1952,False,44
drop_marker,8,2016,False,44
drop_marker,9,1792,True,44
drop_marker,9,1808,True,44
drop_marker,9,1848,True,44
drop_marker,9,1872,True,44
drop_marker,9,1912,True,44
drop_marker,9,1936,True,44
drop_marker,9,1952,True,44
drop_marker,9,2016,True,44
drop_marker,10,1792,False,44
drop_marker,10,1808,False,44
drop_marker,10,1816,False,44
drop_marker,10,1848,False,44
drop_marker,10,1872,False,44
drop_marker,10,1912,False,44
drop_marker,10,1936,False,44
drop_marker,10,1952,False,44
drop_marker,10,2016,False,44
drop_marker,11,1792,False,44
drop_marker,11,1808,False,44
drop_marker,11,1816,False,44
drop_marker,11,1832,False,44
drop_marker,11,1848,False,44
drop_marker,11,1872,False,44
drop_marker,11,1912,False,44
drop_marker,11,1936,False,44
drop_marker,11,1952,False,44
drop_marker,11,2016,False,44
drop_marker,12,1792,False,44
drop_marker,12,1808,False,44
drop_marker,12,1816,False,44
drop_marker,12,1832,False,44
drop_marker,12,1848,False,44
drop_marker,12,1872,False,44
drop_marker,12,1912,False,44
drop_marker,12,1928,False,44
drop_marker,12,1936,False,44
drop_marker,12,1952,False,44
drop_marker,12,2016,False,44
drop_opponents,2,1912,False,62
drop_opponents,3,1808,False,62
drop_opponents,3,1912,False,62
drop_opponents,4,1808,False,62
drop_opponents,4,1912,False,62
drop_opponents,4,2016,False,62
drop_opponents,5,1808,False,62
drop_opponents,5,1912,False,62
drop_opponents,5,1936,False,62
drop_opponents,5,2016,False,62
drop_opponents,6,1808,False,62
drop_opponents,6,1872,False,62
drop_opponents,6,1912,False,62
drop_opponents,6,1936,False,62
drop_opponents,6,2016,False,62
drop_opponents,7,1808,False,62
drop_opponents,7,1848,False,62
drop_opponents,7,1872,False,62
drop_opponents,7,1912,False,62
drop_opponents,7,1936,False,62
drop_opponents,7,2016,False,62
drop_opponents,8,1808,False,62
drop_opponents,8,1848,False,62
drop_opponents,8,1872,False,62
drop_opponents,8,1912,False,62
drop_opponents,8,1936,False,62
drop_opponents,8,1952,False,62
drop_opponents,8,2016,False,62
drop_opponents,9,1792,True,62
drop_opponents,9,1808,True,62
drop_opponents,9,1848,True,62
drop_opponents,9,1872,True,62
drop_opponents,9,1912,True,62
drop_opponents,9,1936,True,62
drop_opponents,9,1952,True,62
drop_opponents,9,2016,True,62
drop_opponents,10,1792,False,62
drop_opponents,10,1808,False,62
drop_opponents,10,1848,False,62
drop_opponents,10,1872,False,62
drop_opponents,10,1912,False,62
drop_opponents,10,1936,False,62
drop_opponents,10,1952,False,62
drop_opponents,10,1976,False,62
drop_opponents,10,2016,False,62
drop_opponents,11,1792,False,62
drop_opponents,11,1808,False,62
drop_opponents,11,1816,False,62
drop_opponents,11,1848,False,62
drop_opponents,11,1872,False,62
drop_opponents,11,1912,False,62
drop_opponents,11,1936,False,62
drop_opponents,11,1952,False,62
drop_opponents,11,1976,False,62
drop_opponents,11,2016,False,62
drop_opponents,12,1792,False,62
drop_opponents,12,1808,False,62
drop_opponents,12,1816,False,62
drop_opponents,12,1848,False,62
drop_opponents,12,1872,False,62
drop_opponents,12,1912,False,62
drop_opponents,12,1928,False,62
drop_opponents,12,1936,False,62
drop_opponents,12,1952,False,62
drop_opponents,12,1976,False,62
drop_opponents,12,2016,False,62
drop_register,2,1920,False,60
drop_register,3,1808,False,60
drop_register,3,1920,False,60
drop_register,4,1808,False,60
drop_register,4,1920,False,60
drop_register,4,2008,False,60
drop_register,5,1808,False,60
drop_register,5,1920,False,60
drop_register,5,1936,False,60
drop_register,5,2008,False,60
drop_register,6,1808,False,60
drop_register,6,1848,False,60
drop_register,6,1920,False,60
drop_register,6,1936,False,60
drop_register,6,2008,False,60
drop_register,7,1808,False,60
drop_register,7,1848,False,60
drop_register,7,1872,False,60
drop_register,7,1920,False,60
drop_register,7,1936,False,60
drop_register,7,2008,False,60
drop_register,8,1792,False,60
drop_register,8,1808,False,60
drop_register,8,1848,False,60
drop_register,8,1872,False,60
drop_register,8,1920,False,60
drop_register,8,1936,False,60
drop_register,8,2008,False,60
drop_register,9,1792,True,60
drop_register,9,1808,True,60
drop_register,9,1848,True,60
drop_register,9,1872,True,60
drop_register,9,1920,True,60
drop_register,9,1936,True,60
drop_register,9,1952,True,60
drop_register,9,2008,True,60
drop_register,10,1792,False,60
drop_register,10,1808,False,60
drop_register,10,1848,False,60
drop_register,10,1872,False,60
drop_register,10,1920,False,60
drop_register,10,1936,False,60
drop_register,10,1952,False,60
drop_register,10,1976,False,60
drop_register,10,2008,False,60
drop_register,11,1792,False,60
drop_register,11,1808,False,60
drop_register,11,1848,False,60
drop_register,11,1872,False,60
drop_register,11,1920,False,60
drop_register,11,1936,False,60
drop_register,11,1952,False,60
drop_register,11,1976,False,60
drop_register,11,2000,False,60
drop_register,11,2008,False,60
drop_register,12,1792,False,60
drop_register,12,1808,False,60
drop_register,12,1848,False,60
drop_register,12,1872,False,60
drop_register,12,1920,False,60
drop_register,12,1936,False,60
drop_register,12,1952,False,60
drop_register,12,1976,False,60
drop_register,12,2000,False,60
drop_register,12,2008,False,60
drop_register,12,2024,False,60
drop_stat,2,1920,False,52
drop_stat,3,1920,False,52
drop_stat,3,2016,False,52
drop_stat,4,1808,False,52
drop_stat,4,1920,False,52
drop_stat,4,2016,False,52
drop_stat,5,1808,False,52
drop_stat,5,1920,False,52
drop_stat,5,1936,False,52
drop_stat,5,2016,False,52
drop_stat,6,1808,False,52
drop_stat,6,1920,False,52
drop_stat,6,1936,False,52
drop_stat,6,1952,False,52
drop_stat,6,2016,False,52
drop_stat,7,1808,False,52
drop_stat,7,1872,False,52
drop_stat,7,1920,False,52
drop_stat,7,1936,False,52
drop_stat,7,1952,False,52
drop_stat,7,2016,False,52
drop_stat,8,1808,False,52
drop_stat,8,1848,False,52
drop_stat,8,1872,False,52
drop_stat,8,1920,False,52
drop_stat,8,1936,False,52
drop_stat,8,1952,False,52
drop_stat,8,2016,False,52
drop_stat,9,1792,True,52
drop_stat,9,1808,True,52
drop_stat,9,1848,True,52
drop_stat,9,1872,True,52
drop_stat,9,1920,True,52
drop_stat,9,1936,True,52
drop_stat,9,1952,True,52
drop_stat,9,2016,True,52
drop_stat,10,1792,False,52
drop_stat,10,1808,False,52
drop_stat,10,1848,False,52
drop_stat,10,1872,False,52
drop_stat,10,1920,False,52
drop_stat,10,1936,False,52
drop_stat,10,1952,False,52
drop_stat,10,1976,False,52
drop_stat,10,2016,False,52
drop_stat,11,1792,False,52
drop_stat,11,1808,False,52
drop_stat,11,1848,False,52
drop_stat,11,1872,False,52
drop_stat,11,1920,False,52
drop_stat,11,1928,False,52
drop_stat,11,1936,False,52
drop_stat,11,1952,False,52
drop_stat,11,1976,False,52
drop_stat,11,2016,False,52
drop_stat,12,1792,False,52
drop_stat,12,1808,False,52
drop_stat,12,1816,False,52
drop_stat,12,1848,False,52
drop_stat,12,1872,False,52
drop_stat,12,1920,False,52
drop_stat,12,1928,False,52
drop_stat,12,1936,False,52
drop_stat,12,1952,False,52
drop_stat,12,1976,False,52
drop_stat,12,2016,False,52
drop_topic,2,1936,False,46
drop_topic,3,1936,False,46
drop_topic,3,2016,False,46
drop_topic,4,1808,False,46
drop_topic,4,1936,False,46
drop_topic,4,2016,False,46
drop_topic,5,1808,False,46
drop_topic,5,1912,False,46
drop_topic,5,1936,False,46
drop_topic,5,2016,False,46
drop_topic,6,1808,False,46
drop_topic,6,1872,False,46
drop_topic,6,1912,False,46
drop_topic,6,1936,False,46
drop_topic,6,2016,False,46
drop_topic,7,1808,False,46
drop_topic,7,1872,False,46
drop_topic,7,1912,False,46
drop_topic,7,1936,False,46
drop_topic,7,1952,False,46
drop_topic,7,2016,False,46
drop_topic,8,1792,False,46
drop_topic,8,1808,False,46
drop_topic,8,1872,False,46
drop_topic,8,1912,False,46
drop_topic,8,1936,False,46
drop_topic,8,1952,False,46
drop_topic,8,2016,False,46
drop_topic,9,1792,True,46
drop_topic,9,1808,True,46
drop_topic,9,1872,True,46
drop_topic,9,1912,True,46
drop_topic,9,1936,True,46
drop_topic,9,1952,True,46
drop_topic,9,1976,True,46
drop_topic,9,2016,True,46
drop_topic,10,1792,False,46
drop_topic,10,1808,False,46
drop_topic,10,1832,False,46
drop_topic,10,1872,False,46
drop_topic,10,1912,False,46
drop_topic,10,1936,False,46
drop_topic,10,1952,False,46
drop_topic,10,1976,False,46
drop_topic,10,2016,False,46
drop_topic,11,1792,False,46
drop_topic,11,1808,False,46
drop_topic,11,1832,False,46
drop_topic,11,1872,False,46
drop_topic,11,1912,False,46
drop_topic,11,1936,False,46
drop_topic,11,1952,False,46
drop_topic,11,1976,False,46
drop_topic,11,2000,False,46
drop_topic,11,2016,False,46
drop_topic,12,1792,False,46
drop_topic,12,1808,False,46
drop_topic,12,1816,False,46
drop_topic,12,1832,False,46
drop_topic,12,1872,False,46
drop_topic,12,1912,False,46
drop_topic,12,1936,False,46
drop_topic,12,1952,False,46
drop_topic,12,1976,False,46
drop_topic,12,2000,False,46
drop_topic,12,2016,False,46
full,2,1912,False,63
full,3,1808,False,63
full,3,1912,False,63
full,4,1808,False,63
full,4,1912,False,63
full,4,2016,False,63
full,5,1808,False,63
full,5,1912,False,63
full,5,1936,False,63
full,5,2016,False,63
full,6,1808,False,63
full,6,1872,False,63
full,6,1912,False,63
full,6,1936,False,63
full,6,2016,False,63
full,7,1808,False,63
full,7,1848,False,63
full,7,1872,False,63
full,7,1912,False,63
full,7,1936,False,63
full,7,2016,False,63
full,8,1808,False,63
full,8,1848,False,63
full,8,1872,False,63
full,8,1912,False,63
full,8,1936,False,63
full,8,1952,False,63
full,8,2016,False,63
full,9,1792,True,63
full,9,1808,True,63
full,9,1848,True,63
full,9,1872,True,63
full,9,1912,True,63
full,9,1936,True,63
full,9,1952,True,63
full,9,2016,True,63
full,10,1792,False,63
full,10,1808,False,63
full,10,1848,False,63
full,10,1872,False,63
full,10,1912,False,63
full,10,1936,False,63
full,10,1952,False,63
full,10,1976,False,63
full,10,2016,False,63
full,11,1792,False,63
full,11,1808,False,63
full,11,1816,False,63
full,11,1848,False,63
full,11,1872,False,63
full,11,1912,False,63
full,11,1936,False,63
full,11,1952,False,63
full,11,1976,False,63
full,11,2016,False,63
full,12,1792,False,63
full,12,1808,False,63
full,12,1816,False,63
full,12,1848,False,63
full,12,1872,False,63
full,12,1912,False,63
full,12,1928,False,63
full,12,1936,False,63
full,12,1952,False,63
full,12,1976,False,63
full,12,2016,False,63
