issue,era,n,n_llm,n_corex,n_both,jaccard,kappa,min_support,low_support,empty_arm
Economy & jobs,,35825,3745,5720,1993,0.2667291220556745,0.337413487827007,3745,False,False
Economy & jobs,The founding,922,1,106,1,0.009433962264150943,0.016578289754373143,1,True,False
Economy & jobs,Expansion,3703,18,418,12,0.02830188679245283,0.04615557750740862,18,True,False
Economy & jobs,Civil War & Reconstruction,3874,41,331,14,0.03910614525139665,0.057518249827084755,41,False,False
Economy & jobs,The Gilded Age,3576,125,450,57,0.11003861003861004,0.15185676801975623,125,False,False
Economy & jobs,Progressives & Depression,4714,901,1074,440,0.28664495114006516,0.3000720561718131,901,False,False
Economy & jobs,War & New Deal,1192,289,263,164,0.422680412371134,0.472284918078147,263,False,False
Economy & jobs,The Cold War,9039,1059,1224,550,0.3173687247547605,0.4073724735162403,1059,False,False
Economy & jobs,Post-Cold War,4909,869,1256,518,0.3223397635345364,0.3519096410014818,869,False,False
Economy & jobs,The present era,3896,442,598,237,0.29514321295143214,0.3741113212731124,442,False,False
Taxes & budget,,35825,2984,3903,2065,0.4282455412691829,0.5579469980601088,2984,False,False
Taxes & budget,The founding,922,87,90,63,0.5526315789473685,0.6812802472650372,87,False,False
Taxes & budget,Expansion,3703,398,629,267,0.3513157894736842,0.4471790393171783,398,False,False
Taxes & budget,Civil War & Reconstruction,3874,254,360,168,0.37668161434977576,0.5095210943292424,254,False,False
Taxes & budget,The Gilded Age,3576,266,416,147,0.27476635514018694,0.3743064324109816,266,False,False
Taxes & budget,Progressives & Depression,4714,321,393,201,0.391812865497076,0.5276143491708661,321,False,False
Taxes & budget,War & New Deal,1192,53,58,28,0.3373493975903614,0.48035889794236075,53,False,False
Taxes & budget,The Cold War,9039,911,990,681,0.5581967213114755,0.683210399081002,911,False,False
Taxes & budget,Post-Cold War,4909,469,737,382,0.46359223300970875,0.5850450224404603,469,False,False
Taxes & budget,The present era,3896,225,230,128,0.39143730886850153,0.5355180387974934,225,False,False
War & military,,35825,6099,8041,3966,0.3898171810497346,0.4555404241165636,6099,False,False
War & military,The founding,922,239,271,165,0.4782608695652174,0.5128594994745834,239,False,False
War & military,Expansion,3703,492,833,401,0.43398268398268397,0.526116379967422,492,False,False
War & military,Civil War & Reconstruction,3874,284,933,240,0.24564994882292732,0.3177220713291279,284,False,False
War & military,The Gilded Age,3576,353,673,276,0.368,0.4692830381503382,353,False,False
War & military,Progressives & Depression,4714,713,1025,521,0.42810188989317993,0.512582595707623,713,False,False
War & military,War & New Deal,1192,546,536,396,0.577259475218659,0.5092783973470825,536,False,False
War & military,The Cold War,9039,1927,2151,1049,0.3463189171343678,0.3735898331908116,1927,False,False
War & military,Post-Cold War,4909,980,973,598,0.44132841328413286,0.5161435312141082,973,False,False
War & military,The present era,3896,565,646,320,0.35914702581369246,0.442183147964081,565,False,False
Foreign policy,,35825,9456,5525,3307,0.28327908172006167,0.30646935853029644,5525,False,False
Foreign policy,The founding,922,272,186,115,0.33527696793002915,0.3453091325850536,186,False,False
Foreign policy,Expansion,3703,1029,938,537,0.37552447552447554,0.38230267622595526,938,False,False
Foreign policy,Civil War & Reconstruction,3874,829,755,427,0.3690579083837511,0.42103653381036743,755,False,False
Foreign policy,The Gilded Age,3576,964,830,490,0.37576687116564417,0.3954722473284066,830,False,False
Foreign policy,Progressives & Depression,4714,939,724,379,0.29517133956386293,0.34161096715748085,724,False,False
Foreign policy,War & New Deal,1192,252,107,49,0.15806451612903225,0.16814973262032085,107,False,False
Foreign policy,The Cold War,9039,3296,1320,935,0.25400706329801687,0.24836003142576601,1320,False,False
Foreign policy,Post-Cold War,4909,1087,432,247,0.19418238993710693,0.227979212603161,432,False,False
Foreign policy,The present era,3896,788,233,128,0.1433370660694289,0.174532377926377,233,False,False
Immigration,,35825,788,971,479,0.37421875,0.533294059274976,788,False,False
Immigration,The founding,922,1,10,1,0.1,0.18020154119739185,1,True,False
Immigration,Expansion,3703,0,26,0,0.0,,0,True,True
Immigration,Civil War & Reconstruction,3874,28,87,18,0.18556701030927836,0.3054480094771671,28,False,False
Immigration,The Gilded Age,3576,122,170,61,0.26406926406926406,0.3937242199155889,122,False,False
Immigration,Progressives & Depression,4714,89,166,62,0.32124352331606215,0.47332843221705,89,False,False
Immigration,War & New Deal,1192,0,13,0,0.0,,0,True,True
Immigration,The Cold War,9039,32,69,19,0.23170731707317074,0.3732057416267943,32,False,False
Immigration,Post-Cold War,4909,152,192,121,0.5426008968609866,0.6928728452188762,152,False,False
Immigration,The present era,3896,364,238,197,0.48641975308641977,0.6269243801470263,238,False,False
Civil rights & race,,35825,3519,1620,895,0.21088595664467483,0.3052937985513463,1620,False,False
Civil rights & race,The founding,922,144,12,2,0.012987012987012988,0.0016527041659543107,12,True,False
Civil rights & race,Expansion,3703,298,91,25,0.06868131868131869,0.09443880565360319,91,False,False
Civil rights & race,Civil War & Reconstruction,3874,1289,522,478,0.35858964741185295,0.41583549349587956,522,False,False
Civil rights & race,The Gilded Age,3576,422,124,49,0.09859154929577464,0.13301584552775125,124,False,False
Civil rights & race,Progressives & Depression,4714,127,196,44,0.15770609318996415,0.24785346385685325,127,False,False
Civil rights & race,War & New Deal,1192,7,46,1,0.019230769230769232,0.02782575321435421,7,True,False
Civil rights & race,The Cold War,9039,571,382,175,0.2249357326478149,0.3335083981592881,382,False,False
Civil rights & race,Post-Cold War,4909,337,189,89,0.2036613272311213,0.3040703159754077,189,False,False
Civil rights & race,The present era,3896,324,58,32,0.09142857142857143,0.14597211805708754,58,False,False
Health care,,35825,1195,1620,704,0.33349123638086214,0.4802219527958458,1195,False,False
Health care,The founding,922,0,16,0,0.0,,0,True,True
Health care,Expansion,3703,0,39,0,0.0,,0,True,True
Health care,Civil War & Reconstruction,3874,0,31,0,0.0,,0,True,True
Health care,The Gilded Age,3576,0,70,0,0.0,,0,True,True
Health care,Progressives & Depression,4714,11,143,8,0.0547945205479452,0.09999584953168872,11,True,False
Health care,War & New Deal,1192,17,32,12,0.32432432432432434,0.4801116538729937,17,True,False
Health care,The Cold War,9039,262,410,141,0.2655367231638418,0.3983634412448578,262,False,False
Health care,Post-Cold War,4909,497,596,390,0.5547652916073968,0.6780891212925401,497,False,False
Health care,The present era,3896,408,283,153,0.2843866171003718,0.3905594326038271,283,False,False
Education,,35825,3222,1566,523,0.12262602579132474,0.16961007315738408,1566,False,False
Education,The founding,922,1,17,0,0.0,-0.0020528921627824825,1,True,False
Education,Expansion,3703,4,32,1,0.02857142857142857,0.05373838799867714,4,True,False
Education,Civil War & Reconstruction,3874,74,69,4,0.02877697841726619,0.038214686356363825,69,False,False
Education,The Gilded Age,3576,54,97,4,0.027210884353741496,0.034243626062322896,54,False,False
Education,Progressives & Depression,4714,165,161,25,0.08305647840531562,0.12305595584894924,161,False,False
Education,War & New Deal,1192,61,25,5,0.06172839506172839,0.0891797872554343,25,False,False
Education,The Cold War,9039,1308,504,191,0.11782850092535473,0.14172676545417318,504,False,False
Education,Post-Cold War,4909,1030,515,245,0.18846153846153846,0.20610239434169209,515,False,False
Education,The present era,3896,525,146,48,0.07704654895666131,0.08968855499334394,146,False,False
Crime & justice,,35825,3046,1940,799,0.19082875567231908,0.27235321585441963,1940,False,False
Crime & justice,The founding,922,98,34,16,0.13793103448275862,0.19853963838664812,34,False,False
Crime & justice,Expansion,3703,405,102,39,0.08333333333333333,0.11489518893738082,102,False,False
Crime & justice,Civil War & Reconstruction,3874,589,202,82,0.1156558533145275,0.1405969052971684,202,False,False
Crime & justice,The Gilded Age,3576,286,197,68,0.163855421686747,0.23143167893447225,197,False,False
Crime & justice,Progressives & Depression,4714,346,270,124,0.25203252032520324,0.36151556284468367,270,False,False
Crime & justice,War & New Deal,1192,59,24,13,0.18571428571428572,0.2930158994422709,24,True,False
Crime & justice,The Cold War,9039,570,345,155,0.20394736842105263,0.3057854859195025,345,False,False
Crime & justice,Post-Cold War,4909,298,445,157,0.26791808873720135,0.37733382177757635,298,False,False
Crime & justice,The present era,3896,395,321,145,0.2539404553415061,0.3455318054879718,321,False,False
Energy & environment,,35825,2568,1006,595,0.19973145350788854,0.3049109244279079,1006,False,False
Energy & environment,The founding,922,27,5,2,0.06666666666666667,0.11691865635903409,5,True,False
Energy & environment,Expansion,3703,347,28,1,0.00267379679144385,-0.008783275988118344,28,False,False
Energy & environment,Civil War & Reconstruction,3874,268,31,2,0.006734006734006734,-0.0009809846633559438,31,False,False
Energy & environment,The Gilded Age,3576,249,32,16,0.06037735849056604,0.09959956315981067,32,False,False
Energy & environment,Progressives & Depression,4714,687,158,108,0.14654002713704206,0.21271411950067942,158,False,False
Energy & environment,War & New Deal,1192,44,38,12,0.17142857142857143,0.26762711864406774,38,False,False
Energy & environment,The Cold War,9039,424,350,222,0.40217391304347827,0.5547547193130833,350,False,False
Energy & environment,Post-Cold War,4909,266,229,136,0.3788300835654596,0.5257163059051777,229,False,False
Energy & environment,The present era,3896,256,135,96,0.3254237288135593,0.46685774327885265,135,False,False
Trade & tariffs,,35825,2733,3284,1532,0.3415830546265329,0.4646428260912282,2733,False,False
Trade & tariffs,The founding,922,193,133,80,0.3252032520325203,0.38591042955616006,133,False,False
Trade & tariffs,Expansion,3703,443,608,256,0.3220125786163522,0.4047662432358682,443,False,False
Trade & tariffs,Civil War & Reconstruction,3874,264,405,136,0.2551594746716698,0.35321082012190763,264,False,False
Trade & tariffs,The Gilded Age,3576,433,499,260,0.3869047619047619,0.4920836295264106,433,False,False
Trade & tariffs,Progressives & Depression,4714,879,835,501,0.41302555647155814,0.4923720474673867,835,False,False
Trade & tariffs,War & New Deal,1192,49,46,18,0.23376623376623376,0.35319869035794427,46,False,False
Trade & tariffs,The Cold War,9039,164,378,115,0.2693208430913349,0.4094079478902669,164,False,False
Trade & tariffs,Post-Cold War,4909,124,247,81,0.2793103448275862,0.4170506192389358,124,False,False
Trade & tariffs,The present era,3896,184,133,85,0.36637931034482757,0.5171420670304395,133,False,False
Agriculture,,35825,1134,1000,530,0.33042394014962595,0.4813328741058376,1000,False,False
Agriculture,The founding,922,22,34,9,0.19148936170212766,0.30118078825594385,22,True,False
Agriculture,Expansion,3703,166,46,11,0.05472636815920398,0.08599258993665604,46,False,False
Agriculture,Civil War & Reconstruction,3874,128,45,25,0.16891891891891891,0.2765826301614436,45,False,False
Agriculture,The Gilded Age,3576,177,126,80,0.35874439461883406,0.5077907527403351,126,False,False
Agriculture,Progressives & Depression,4714,323,318,180,0.39045553145336226,0.5296454926167671,318,False,False
Agriculture,War & New Deal,1192,67,107,53,0.4380165289256198,0.5801729942507898,67,False,False
Agriculture,The Cold War,9039,205,239,147,0.494949494949495,0.6537069965566086,205,False,False
Agriculture,Post-Cold War,4909,17,48,7,0.1206896551724138,0.21135097163989636,17,True,False
Agriculture,The present era,3896,29,37,18,0.375,0.5416290834934703,29,False,False
Religion & values,,35825,3666,2169,1057,0.2212222687316869,0.3097869593465824,2169,False,False
Religion & values,The founding,922,111,52,19,0.13194444444444445,0.16932147439131628,52,False,False
Religion & values,Expansion,3703,163,128,18,0.06593406593406594,0.08841091089883135,128,False,False
Religion & values,Civil War & Reconstruction,3874,171,225,51,0.14782608695652175,0.21836950658612608,171,False,False
Religion & values,The Gilded Age,3576,124,103,25,0.12376237623762376,0.19493060360617032,103,False,False
Religion & values,Progressives & Depression,4714,412,273,123,0.2188612099644128,0.3111348413421753,273,False,False
Religion & values,War & New Deal,1192,193,110,67,0.2838983050847458,0.3679388546543003,110,False,False
Religion & values,The Cold War,9039,1194,636,346,0.23315363881401618,0.3152729467238765,636,False,False
Religion & values,Post-Cold War,4909,785,427,259,0.27177334732423925,0.3546806614036131,427,False,False
Religion & values,The present era,3896,513,215,149,0.25734024179620035,0.3595285082605102,215,False,False
Money & banking,,35825,1508,2030,1123,0.4650103519668737,0.6162870523252917,1508,False,False
Money & banking,The founding,922,25,28,21,0.65625,0.7863312686975941,25,False,False
Money & banking,Expansion,3703,552,461,409,0.6771523178807947,0.7772851417018409,461,False,False
Money & banking,Civil War & Reconstruction,3874,159,170,137,0.7135416666666666,0.8254220040213489,159,False,False
Money & banking,The Gilded Age,3576,361,372,325,0.7965686274509803,0.8738395935772142,361,False,False
Money & banking,Progressives & Depression,4714,187,223,122,0.4236111111111111,0.5768626394958628,187,False,False
Money & banking,War & New Deal,1192,49,75,40,0.47619047619047616,0.6265930028905438,49,False,False
Money & banking,The Cold War,9039,83,494,52,0.09904761904761905,0.16714759270431334,83,False,False
Money & banking,Post-Cold War,4909,87,133,15,0.07317073170731707,0.1174522490675014,87,False,False
Money & banking,The present era,3896,5,74,2,0.025974025974025976,0.04834486262555193,5,True,False
Infrastructure,,35825,1981,2989,835,0.20193470374848851,0.2887068041414559,1981,False,False
Infrastructure,The founding,922,14,155,10,0.06289308176100629,0.09308282390842226,14,True,False
Infrastructure,Expansion,3703,213,481,113,0.1944922547332186,0.2672213164108219,213,False,False
Infrastructure,Civil War & Reconstruction,3874,184,503,128,0.22898032200357782,0.32573958117119906,184,False,False
Infrastructure,The Gilded Age,3576,156,501,117,0.21666666666666667,0.3102757715036113,156,False,False
Infrastructure,Progressives & Depression,4714,474,785,293,0.3033126293995859,0.3888119357024983,474,False,False
Infrastructure,War & New Deal,1192,34,144,15,0.09202453987730061,0.12831053838248097,34,False,False
Infrastructure,The Cold War,9039,469,165,40,0.06734006734006734,0.10192870962396405,165,False,False
Infrastructure,Post-Cold War,4909,212,128,48,0.1643835616438356,0.2582332789195857,128,False,False
Infrastructure,The present era,3896,225,127,71,0.2526690391459075,0.3774662505078973,127,False,False
Security & peace,,35825,11196,7389,5198,0.38828714424441624,0.41367225803962526,7389,False,False
Security & peace,The founding,922,294,64,20,0.05917159763313609,-0.002571432479380631,64,False,False
Security & peace,Expansion,3703,954,162,64,0.060836501901140684,0.043125426970182956,162,False,False
Security & peace,Civil War & Reconstruction,3874,736,208,75,0.08630609896432681,0.08204531346989441,208,False,False
Security & peace,The Gilded Age,3576,1029,221,128,0.1140819964349376,0.11472406481200603,221,False,False
Security & peace,Progressives & Depression,4714,1116,517,274,0.2016188373804268,0.21841749212792505,517,False,False
Security & peace,War & New Deal,1192,339,559,248,0.38153846153846155,0.30695068367143263,339,False,False
Security & peace,The Cold War,9039,3507,3357,2546,0.5896248263084761,0.5839463440125693,3357,False,False
Security & peace,Post-Cold War,4909,1784,1546,1254,0.6040462427745664,0.6274345060153218,1546,False,False
Security & peace,The present era,3896,1437,755,589,0.36743605739238927,0.3798361799903991,755,False,False
