level,treatment,topic,level1,n_paragraphs,under_powered,first_year,peak_year,peak_era,peak_share,last_year,first_share,last_share,rise_rate_per_decade,fall_rate_per_decade,era_of_relevance,dominant_era,n_substantive_years,max_gap_years,lifecycle_class,rename_class,legacy_parents,corex_parent_ratios,corex_decline_ratio,corex_persists,llm_decline_ratio,successor_topic,successor_corr,cross_domain_candidate,first_era_share,first_era_share_lo,first_era_share_hi,peak_era_share,peak_era_share_lo,peak_era_share_hi,final_era_share,final_era_share_lo,final_era_share_hi
level1,genre_standardized,"Agriculture, Land & Environment",,1639,False,1790,1927,Progressives & Depression,0.19417030586105263,2026,0.03893855214000551,0.04101204637770302,0.011330784943142127,0.015470531260944404,The founding → The present era,Progressives & Depression,209,9,persistent,,,,,,,,,,0.02724746712064563,0.01430371300760865,0.04319016206513207,0.08486409040011439,0.06469436819620991,0.10584484271749335,0.03417693680452568,0.021922977524820135,0.04253962722269824
level1,genre_standardized,Ceremonial & Commemorative Address,,656,False,1799,1925,Progressives & Depression,0.11904509371107819,2026,0.03915171564267072,0.04365566171304538,0.006340744291143449,0.00746430019782503,The founding → The present era,The Gilded Age,117,24,persistent,,,,,,,,,,0.022310750307684524,0.0,0.024483003010517104,0.030876560175240212,0.010620115970947109,0.06580782305780118,0.030122575525865055,0.020238251683043038,0.04477826508410572
level1,genre_standardized,Civil Rights & Immigration,,2990,False,1849,1864,Civil War & Reconstruction,0.4176430763937178,2026,0.04755768198626176,0.14377713569405717,0.24672359627163737,0.016905304981460534,Expansion → The present era,Civil War & Reconstruction,98,33,revived,,,,,,,,,,0.004001742843173619,0.0,0.0075785695223670934,0.33987153047689705,0.21493737941570887,0.37450385395849894,0.14261234852559312,0.11368416646080758,0.1699660137354849
level1,genre_standardized,Constitutional Order & Governance,,4502,False,1789,1862,Civil War & Reconstruction,0.37114315589595104,2026,0.0794750398303083,0.1318024754545307,0.03995453644734832,0.014593943929354898,The founding → The present era,Civil War & Reconstruction,213,7,persistent,,,,,,,,,,0.08212064310180728,0.058615003937415346,0.12401068169266016,0.28677547378830626,0.19376722458054846,0.3180392927860928,0.08293271265730975,0.05512410378674396,0.12629706954678663
level1,genre_standardized,"Economy, Labor & Social Welfare",,4255,False,1900,1935,War & New Deal,0.5550270102856697,2026,0.058987366059113075,0.14864586971806726,0.14172561263615904,0.044657268194242025,The Gilded Age → The present era,Post-Cold War,123,4,born,,,,,,,,,,0.0010004357107934046,0.0,0.0032700025613220307,0.23620602599991555,0.15512169712901855,0.35934562544510074,0.2162172419477032,0.1688820856515586,0.2672160447093377
level1,genre_standardized,Faith & National Values,,3109,False,1789,1822,Expansion,0.3039696981617201,2026,0.13119186021890908,0.1397477095625581,0.05235692058873061,0.008050097480351077,The founding → The present era,Expansion,201,12,persistent,,,,,,,,,,0.09103074059360924,0.07001969081490139,0.11182923750421249,0.24764795991471675,0.03373636982162552,0.2521213341509433,0.12190456930101702,0.09758738771575934,0.15856561414237205
level1,genre_standardized,Foreign Relations & Diplomacy,,9456,False,1790,1820,Expansion,0.6341797577698673,2026,0.11398132661758016,0.21008347056025406,0.1733994770507624,0.020587198408233656,The founding → The present era,Expansion,238,0,persistent,,,,,,,,,,0.243184428157383,0.19042800675376173,0.29480615796234483,0.4790607764725738,0.24826037243624324,0.5216131719559784,0.16764093872878827,0.1446373159189802,0.20165348868606947
level1,genre_standardized,Indian & Tribal Affairs,,687,False,1790,1790,The founding,0.5011621200761289,1892,0.5011621200761289,0.05334404060613384,,0.04390373328137207,The founding → The Gilded Age,The founding,55,30,died,,,,,,,,,,0.315259427928534,0.23756911724655694,0.36040434530629484,0.315259427928534,0.23756911724655694,0.36040434530629484,0.0005317100036629223,0.0,0.0017352124035671433
level1,genre_standardized,Infrastructure & Internal Improvements,,1981,False,1801,1975,The Cold War,0.15287503097166255,2026,0.01781375239816946,0.05217454316362623,0.007762142446752477,0.01974519368785026,The founding → The present era,Progressives & Depression,206,8,persistent,,,,,,,,,,0.011796370189565513,0.0029661814583131583,0.02386026900239493,0.05618696190352067,0.04465742822623331,0.07025081466908584,0.07597881791108896,0.0473781491320035,0.09034509984794774
level1,genre_standardized,"Law, Crime & Justice",,1464,False,1790,1793,The founding,0.21340213705742087,2026,0.09329417946696913,0.12441510570871327,0.40035985863483914,0.0038191858947943177,The founding → The present era,The present era,154,19,persistent,,,,,,,,,,0.05454035389671896,0.015367228280406096,0.10291302847022164,0.05454035389671896,0.015367228280406096,0.10291302847022164,0.09657473700195765,0.07869400923200855,0.1129079120202245
level1,genre_standardized,"Money, Banking & Currency",,1508,False,1790,1839,Expansion,0.33183119918553844,2011,0.06814246624500965,0.04355967989498346,0.05381402713072017,0.016759972051776453,The founding → Post-Cold War,Expansion,90,70,revived,,,,,,,,,,0.03872212838312484,0.00813031182784064,0.053298378920303556,0.10316996933180742,0.07025820388965599,0.1782073515121306,0.000978094011921893,0.00012305849267461942,0.0022725764532052343
level1,genre_standardized,Partisan & Media Combat,,1619,False,1890,1950,The Cold War,0.19030443850138404,2026,0.03228157416375588,0.1117073265785598,0.026337144056271362,0.010341725253003187,The Gilded Age → The present era,The present era,107,19,born,,,,,,,,,,0.0016794963593556923,0.0,0.004850037836735117,0.03952458802782251,0.03299436864192735,0.0474108906424224,0.0994063659426213,0.06925939578144939,0.1256152568172645
level1,genre_standardized,Personal Narrative & Reflection,,1227,False,1789,1809,The founding,0.2918705945344824,2026,0.036443061715568784,0.06002359163590987,0.1277137664094568,0.010684193681961867,The founding → The present era,The present era,111,51,revived,,,,,,,,,,0.04742266788000872,0.023725469378498055,0.1132799772832446,0.04742266788000872,0.023725469378498055,0.1132799772832446,0.06625065478186072,0.03877640776988935,0.08330608760708745
level1,genre_standardized,Procedural & Administrative,,1394,False,1790,1887,The Gilded Age,0.23624137013674756,2000,0.12026581053629903,0.026879943726146608,0.011956243257778198,0.01852755985934522,The founding → Post-Cold War,The Gilded Age,182,9,persistent,,,,,,,,,,0.05139906840845121,0.033255232114114935,0.0738894345008685,0.15671552538235126,0.049884304415584654,0.19111470766794317,0.008157441931524477,0.003255988368116613,0.012217689553887143
level1,genre_standardized,Public Finance & Taxation,,2984,False,1790,1934,War & New Deal,0.29898009483599974,2026,0.12655029445501792,0.06677122693374349,0.011974291693123739,0.025240094337201768,The founding → The present era,The Cold War,226,4,persistent,,,,,,,,,,0.08548875947688366,0.06746114247197929,0.10502556399080992,0.06679013968588707,0.021355602303142682,0.12403436550284876,0.06211817434402126,0.05065121508838234,0.07445104555395347
level1,genre_standardized,"Trade, Commerce & Tariffs",,2288,False,1800,1909,Progressives & Depression,0.49786996202945427,2026,0.05950557607712104,0.06372947628569783,0.04021691614241589,0.03710602442254328,The founding → The present era,Progressives & Depression,119,77,revived,,,,,,,,,,0.03332262020777192,0.02253237973866165,0.0468319009451549,0.18894217111331393,0.10877179864986057,0.25760470402127905,0.053705543491008985,0.04262085249033048,0.06523291520576995
level1,genre_standardized,War & Military Affairs,,6099,False,1790,1941,War & New Deal,0.7723099686153863,2026,0.10079653446629627,0.16011804930956147,0.04447108835424437,0.07202257874186173,The founding → The present era,War & New Deal,201,12,persistent,,,,,,,,,,0.22562947129144378,0.17508990745301742,0.27696676070345555,0.5675068951968308,0.4324026791364947,0.6532932551655637,0.12394038279727285,0.09827891601914446,0.1597851362537729
level1,raw,"Agriculture, Land & Environment",,1639,False,1790,1935,War & New Deal,0.13988095238095238,2026,0.043010752688172046,0.04814814814814815,0.006680703427088299,0.010080527937670796,The founding → The present era,Progressives & Depression,218,9,persistent,,,,,,,,,,0.023732470334412083,0.011837344985063789,0.037631501867265486,0.06119027661357921,0.029310237714068786,0.09501487644093484,0.02815533980582524,0.01853103177510316,0.03958762091787331
level1,raw,Ceremonial & Commemorative Address,,656,False,1799,1800,The founding,0.09558823529411764,2026,0.07926829268292683,0.037037037037037035,0.1631994261119081,0.0025907609848265754,The founding → The present era,Post-Cold War,127,22,persistent,,,,,,,,,,0.014023732470334413,0.0,0.03967026330692806,0.014023732470334413,0.0,0.03967026330692806,0.02621359223300971,0.01662210373033864,0.037948652118100126
level1,raw,Civil Rights & Immigration,,2990,False,1849,1865,Civil War & Reconstruction,0.45645645645645644,2026,0.05614567526555387,0.1469135802469136,0.2501942382443141,0.019226265603077195,Expansion → The present era,Civil War & Reconstruction,97,32,revived,,,,,,,,,,0.004314994606256742,0.0,0.008419942977338507,0.3001803658850812,0.20025875771315796,0.4272825563503529,0.12742718446601942,0.09354564117989607,0.16914456525800542
level1,raw,Constitutional Order & Governance,,4502,False,1789,1866,Civil War & Reconstruction,0.49745547073791346,2026,0.11940298507462686,0.1037037037037037,0.04909772541081644,0.02460948543963811,The founding → The present era,Civil War & Reconstruction,184,23,persistent,,,,,,,,,,0.133764832793959,0.08519256756756757,0.192804994090323,0.2934810615820665,0.24367037158224095,0.3538282680276589,0.08276699029126214,0.060750816525736946,0.11219705461947932
level1,raw,"Economy, Labor & Social Welfare",,4255,False,1902,1935,War & New Deal,0.5446428571428571,2026,0.05783132530120482,0.14320987654320988,0.14751864601262188,0.04411351435160958,Progressives & Depression → The present era,Post-Cold War,122,3,born,,,,,,,,,,0.0010787486515641855,0.0,0.0035242237583996286,0.24392288348700755,0.17056272026644978,0.3212076033583899,0.1890776699029126,0.13174741612478794,0.24557005694337478
level1,raw,Faith & National Values,,3109,False,1789,1939,War & New Deal,0.19542619542619544,2026,0.19402985074626866,0.1259259259259259,9.308964532845169e-05,0.00798853672416891,The founding → The present era,War & New Deal,214,9,persistent,,,,,,,,,,0.1111111111111111,0.08831331877729258,0.13578717406624383,0.1550712489522213,0.122632383740414,0.19493910256410257,0.10558252427184465,0.08305295701565568,0.13081524697919195
level1,raw,Foreign Relations & Diplomacy,,9456,False,1790,1947,The Cold War,0.5867158671586716,2026,0.0967741935483871,0.25555555555555554,0.031206476026132773,0.041919026785204566,The founding → The present era,The Cold War,236,2,persistent,,,,,,,,,,0.29341963322545844,0.22812164688777536,0.36490597345132736,0.3604943672755113,0.3255709403361942,0.4013624170173992,0.1912621359223301,0.1484758967567753,0.24726392202258288
level1,raw,Indian & Tribal Affairs,,687,False,1790,1790,The founding,0.3548387096774194,1896,0.3548387096774194,0.039806996381182146,,0.029719972952475214,The founding → The Gilded Age,The founding,82,20,died,,,,,,,,,,0.1499460625674218,0.09564180599608096,0.21428792917983838,0.1499460625674218,0.09564180599608096,0.21428792917983838,0.00024271844660194174,0.0,0.0008136807442830525
level1,raw,Infrastructure & Internal Improvements,,1981,False,1801,1929,Progressives & Depression,0.15110356536502548,2026,0.024096385542168676,0.06049382716049383,0.009922435923660688,0.00934121012417852,The founding → The present era,Progressives & Depression,209,5,persistent,,,,,,,,,,0.015102481121898598,0.004658186778548293,0.0286394107423653,0.10046629927935566,0.07154675270265735,0.13875649997709255,0.05461165048543689,0.038155580107890476,0.07902736578336161
level1,raw,"Law, Crime & Justice",,1464,False,1790,1793,The founding,0.2920353982300885,2026,0.06451612903225806,0.11604938271604938,0.7583975639927681,0.007553047876139019,The founding → The present era,The present era,132,33,revived,,,,,,,,,,0.06580366774541532,0.025018687640157303,0.11881505334374179,0.06580366774541532,0.025018687640157303,0.11881505334374179,0.06868932038834952,0.04693900109914952,0.09411609966879983
level1,raw,"Money, Banking & Currency",,1508,False,1790,1838,Expansion,0.34775641025641024,2012,0.07526881720430108,0.03739837398373984,0.05676824855252275,0.017836668751302895,The founding → Post-Cold War,Expansion,88,70,revived,,,,,,,,,,0.02696871628910464,0.008071161455842068,0.05768944325205537,0.1488673139158576,0.09792333515212172,0.21439684113160992,0.0012135922330097086,0.00023198462280134272,0.0024409668681050407
level1,raw,Partisan & Media Combat,,1619,False,1930,1950,The Cold War,0.39634146341463417,2026,0.0858257477243173,0.10987654320987654,0.15525785784515844,0.037692752658520734,Progressives & Depression → The present era,The present era,83,7,born,,,,,,,,,,0.003236245954692557,0.0,0.010764803994991964,0.0713113857595975,0.0556285284674336,0.0889338555845733,0.11747572815533981,0.08809355061577108,0.15130638611867794
level1,raw,Personal Narrative & Reflection,,1227,False,1789,1950,The Cold War,0.18292682926829268,2026,0.08955223880597014,0.05802469135802469,0.0057996640038709656,0.016434491830298423,The founding → The present era,The present era,152,58,revived,,,,,,,,,,0.05285868392664509,0.03130929000676433,0.0765139336700675,0.05304604615552882,0.04386024117178109,0.06468486555960544,0.05533980582524272,0.034999463312430076,0.07871083687496813
level1,raw,Procedural & Administrative,,1394,False,1790,1876,Civil War & Reconstruction,0.13414634146341464,2007,0.11827956989247312,0.015011547344110854,0.001844973438481572,0.009094259093076625,The founding → Post-Cold War,The Gilded Age,200,9,persistent,,,,,,,,,,0.045307443365695796,0.028737951085744493,0.06524254530461272,0.05977840762690028,0.0451822743715032,0.073416121834853,0.007766990291262136,0.0039071008950548915,0.012479517801448644
level1,raw,Public Finance & Taxation,,2984,False,1790,1980,The Cold War,0.19886363636363635,2026,0.13978494623655913,0.06172839506172839,0.00310940474353038,0.029812008978675645,The founding → The present era,Expansion,233,4,persistent,,,,,,,,,,0.09385113268608414,0.06876301823911903,0.11854135917083086,0.09963906813956032,0.07957995706051543,0.11990975164320253,0.05461165048543689,0.042036085397779685,0.06955957378658514
level1,raw,"Trade, Commerce & Tariffs",,2288,False,1791,1909,Progressives & Depression,0.328719723183391,2026,0.03669724770642202,0.06666666666666667,0.024747667413302456,0.022397697138181568,The founding → The present era,Progressives & Depression,145,29,persistent,,,,,,,,,,0.038834951456310676,0.02479141714311541,0.05541697243323786,0.17401441288681646,0.134246716931519,0.21531406404367506,0.04466019417475728,0.03357302369712117,0.05568646378668913
level1,raw,War & Military Affairs,,6099,False,1790,1941,War & New Deal,0.7591911764705882,2026,0.0967741935483871,0.18765432098765433,0.04386867436570868,0.06723963005681576,The founding → The present era,War & New Deal,195,14,persistent,,,,,,,,,,0.25782092772384035,0.18649717457291662,0.32367378333022556,0.45766974015088013,0.34025593284524114,0.5550040916530278,0.13713592233009708,0.10022224822951746,0.1832055134047933
level1,sotu,"Agriculture, Land & Environment",,1020,False,1790,1928,Progressives & Depression,0.17857142857142858,2026,0.06349206349206349,0.037037037037037035,0.008339084426040949,0.014442284850448118,The founding → The present era,Progressives & Depression,207,9,persistent,,,,,,,,,,0.02734375,0.012390865751432507,0.04234580026714857,0.11898305084745762,0.0970269445619074,0.1456816025460245,0.03236994219653179,0.018950009328068156,0.046834240850956055
level1,sotu,Ceremonial & Commemorative Address,,165,False,1822,1971,The Cold War,0.05128205128205128,2026,0.016597510373443983,0.04843304843304843,0.0023278215374904227,0.0005180005180005183,Expansion → The present era,The present era,105,31,revived,,,,,,,,,,0.001953125,0.0,0.007249141916503221,0.019402202412165705,0.011532167943805875,0.029476481534080046,0.03236994219653179,0.014923788105947026,0.05607579624167301
level1,sotu,Civil Rights & Immigration,,855,False,1808,1864,Civil War & Reconstruction,0.28903654485049834,2026,0.029411764705882353,0.1623931623931624,0.04636156788296714,0.007817492744279996,The founding → The present era,Civil War & Reconstruction,121,40,revived,,,,,,,,,,0.0078125,0.0,0.014600966431510362,0.162949476558944,0.1258758885748544,0.1999568771250754,0.16184971098265896,0.1198571485654919,0.21037471019018367
level1,sotu,Constitutional Order & Governance,,1791,False,1790,1862,Civil War & Reconstruction,0.3418079096045198,2026,0.12698412698412698,0.08262108262108261,0.029836636475054558,0.015804074816063243,The founding → The present era,Civil War & Reconstruction,202,11,persistent,,,,,,,,,,0.07421875,0.04603947539280613,0.10392759094028825,0.19208010923987257,0.14890307897303376,0.24260004258074816,0.05202312138728324,0.030728571428571428,0.07765437392795882
level1,sotu,"Economy, Labor & Social Welfare",,1607,False,1890,1999,Post-Cold War,0.41924398625429554,2026,0.055357142857142855,0.2222222222222222,0.03338411407313328,0.07297102371558271,The Gilded Age → The present era,Post-Cold War,114,9,born,,,,,,,,,,0.001953125,0.0,0.006383942200061053,0.34186351706036744,0.2990276313182069,0.38464145875068284,0.30520231213872834,0.21958979725847494,0.3842641843971631
level1,sotu,Faith & National Values,,798,False,1790,1986,The Cold War,0.24875621890547264,2026,0.1111111111111111,0.08547008547008547,0.007022709581344976,0.04082153335884679,The founding → The present era,War & New Deal,177,34,revived,,,,,,,,,,0.09765625,0.07353575970575353,0.12415208493518796,0.11221814368117462,0.09045739645567577,0.13956033751641989,0.10404624277456648,0.07345390259778685,0.15348528015194682
level1,sotu,Foreign Relations & Diplomacy,,3792,False,1790,1798,The founding,0.5357142857142857,2026,0.1111111111111111,0.1452991452991453,0.5307539682539683,0.017123471070839492,The founding → The present era,Expansion,227,6,persistent,,,,,,,,,,0.3125,0.23649922251298972,0.3991336738238525,0.3125,0.23649922251298972,0.3991336738238525,0.15028901734104047,0.12531751336898395,0.18287417461482025
level1,sotu,Indian & Tribal Affairs,,524,False,1790,1790,The founding,0.2857142857142857,1903,0.2857142857142857,0.033478893740902474,,0.022321716103839224,The founding → Progressives & Depression,The founding,101,8,died,,,,,,,,,,0.125,0.08875631313131313,0.1701765063907486,0.125,0.08875631313131313,0.1701765063907486,0.0011560693641618498,0.0,0.003630105401844532
level1,sotu,Infrastructure & Internal Improvements,,1022,False,1804,1929,Progressives & Depression,0.24315068493150685,2026,0.05319148936170213,0.045584045584045586,0.015196735645584377,0.020367694778088793,The founding → The present era,Progressives & Depression,192,18,persistent,,,,,,,,,,0.017578125,0.004015322580645161,0.03695245726495726,0.10338983050847457,0.08149325864894212,0.13535556068948246,0.06936416184971098,0.05226644856415849,0.09071906455307094
level1,sotu,"Law, Crime & Justice",,589,False,1792,1793,The founding,0.18947368421052632,2026,0.16161616161616163,0.10541310541310542,0.2785752259436469,0.003607750162979438,The founding → The present era,The present era,158,19,persistent,,,,,,,,,,0.04296875,0.00906480299724155,0.09899265905383356,0.04296875,0.00906480299724155,0.09899265905383356,0.11098265895953757,0.09245343616846187,0.1308805854415043
level1,sotu,"Money, Banking & Currency",,836,False,1790,1841,Expansion,0.3163841807909605,2012,0.1111111111111111,0.0440251572327044,0.04024962150585282,0.015927428278260592,The founding → Post-Cold War,Expansion,98,28,persistent,,,,,,,,,,0.029296875,0.011880058347449651,0.05168346565181621,0.12162723121627231,0.07657300247637337,0.17626143021607094,0.0011560693641618498,0.0,0.003368191305136911
level1,sotu,Partisan & Media Combat,,107,False,1942,2026,The present era,0.09971509971509972,2026,0.08045977011494253,0.09971509971509972,0.0022923011428758557,,War & New Deal → The present era,War & New Deal,26,26,born,,,,,,,,,,0.0,0.0,0.0,0.05317919075144509,0.01895180250783699,0.09247517872371787,0.05317919075144509,0.01895180250783699,0.09247517872371787
level1,sotu,Personal Narrative & Reflection,,192,False,1792,1971,The Cold War,0.07692307692307693,2026,0.030303030303030304,0.05698005698005698,0.002604471878214895,0.0036260036260036266,The founding → The present era,Post-Cold War,114,37,revived,,,,,,,,,,0.021484375,0.01027942264988897,0.03362650726226363,0.02831672784478238,0.017031271575802465,0.043412788210927304,0.03352601156069364,0.014288668320926385,0.054520772931959775
level1,sotu,Procedural & Administrative,,973,False,1790,1934,War & New Deal,0.2,2011,0.15873015873015872,0.023333333333333334,0.0028659611992945338,0.02294372294372294,The founding → Post-Cold War,The Gilded Age,183,11,persistent,,,,,,,,,,0.056640625,0.036189604556778436,0.07958032187450316,0.034482758620689655,0.0,0.05714285714285714,0.005780346820809248,0.0,0.014631963896669774
level1,sotu,Public Finance & Taxation,,1588,False,1790,1934,War & New Deal,0.4,2026,0.20634920634920634,0.10541310541310542,0.013447971781305117,0.03202031462901028,The founding → The present era,The Cold War,219,8,persistent,,,,,,,,,,0.134765625,0.10431436567164179,0.16912159156771034,0.11494252873563218,0.02857142857142857,0.23076923076923078,0.08670520231213873,0.06549903060018668,0.1063714515869731
level1,sotu,"Trade, Commerce & Tariffs",,1435,False,1790,1909,Progressives & Depression,0.22417582417582418,2026,0.047619047619047616,0.07977207977207977,0.014836703912334166,0.012342200376388413,The founding → The present era,Progressives & Depression,200,17,persistent,,,,,,,,,,0.060546875,0.039512749295357995,0.08654331685816376,0.16203389830508474,0.12459740780500034,0.19876250135889667,0.07167630057803469,0.05296717171717172,0.08797773007678758
level1,sotu,War & Military Affairs,,2216,False,1790,1941,War & New Deal,0.8032786885245902,2026,0.12698412698412698,0.12535612535612536,0.04478771930731544,0.0797555956668782,The founding → The present era,War & New Deal,211,6,persistent,,,,,,,,,,0.3515625,0.26566094002471247,0.4412674844582593,0.7471264367816092,0.6153846153846154,0.8076923076923077,0.11907514450867052,0.07440655528165799,0.17079872498237655
level2,genre_standardized,Agriculture & Farm Prices,"Agriculture, Land & Environment",710,False,1817,1927,Progressives & Depression,0.15655145389407663,1988,0.023757810320581513,0.017931622189449697,0.012072149415772282,0.022724562574529004,Expansion → The Cold War,War & New Deal,105,18,persistent,,Agriculture,,,,,,,,0.01086477928971202,0.00319526752796262,0.020471151341542856,0.046701845390526714,0.03210118750967304,0.06457058173907615,0.005790117465079356,0.002599694611413499,0.00973979883676652
level2,genre_standardized,Chinese Immigration & Exclusion,Civil Rights & Immigration,110,False,1876,1884,The Gilded Age,0.0732912887591939,1907,0.007702638892850239,0.008336856172580568,0.08198581233292958,0.028241057646353623,Civil War & Reconstruction → Progressives & Depression,The Gilded Age,22,10,died,unresolved_death,Civil rights & race; Immigration,Civil rights & race=0.94; Immigration=0.47,0.9398211430524289,True,0.004181140835015092,,,,0.0,0.0,0.0,0.014616616349181478,0.006490239608413316,0.02833597847314828,0.0,0.0,0.0
level2,genre_standardized,"Civil Rights, Voting Rights & Discrimination",Civil Rights & Immigration,1085,False,1865,1996,Post-Cold War,0.12094179799502046,2026,0.03482104327854978,0.047195780489064046,0.006574103413471044,0.024582005835318804,Civil War & Reconstruction → The present era,The Cold War,104,24,born,,Civil rights & race; Education,,,,,,,,0.0,0.0,0.0,0.05054759230722785,0.03616225245280565,0.06930022076240952,0.05070488222023707,0.033533665393051935,0.06653254433315875
level2,genre_standardized,Civil Service Reform & the Merit System,Constitutional Order & Governance,510,False,1869,1948,The Cold War,0.2388437621126072,1967,0.030046584472903294,0.0328456782287753,0.02643002248603847,0.10842004414938522,Civil War & Reconstruction → The Cold War,The Gilded Age,41,28,died,unresolved_death,,,,True,0.2593318075583345,,,Space Exploration,0.0016889042156240076,0.0,0.006070700537712268,0.009471874788923825,0.004803427627292036,0.01622952934854163,0.009932174079876527,0.0018166357654754303,0.02321320127246593
level2,genre_standardized,"Coinage, Currency & Specie","Money, Banking & Currency",569,False,1790,1895,The Gilded Age,0.1865681190998933,1935,0.04867319017500689,0.029000147327075572,0.013132850373798707,0.03939199294320443,The founding → War & New Deal,The Gilded Age,69,27,died,unresolved_death,Money & banking,Money & banking=0.45,0.4459474814762445,True,0.03323959664685198,,,,0.01674834707376561,0.006084531754887239,0.024765936982371766,0.06701458633686315,0.04195200495309735,0.12217279219624592,0.0,0.0,0.0
level2,genre_standardized,Cold War & Great-Power Rivalry,Foreign Relations & Diplomacy,2331,False,1947,1949,The Cold War,0.4415842527487185,2026,0.08886995209912288,0.07276344160438326,1.7635715032479782,0.04789880664212146,The Cold War → The present era,The Cold War,63,14,born,,Foreign policy; Security & peace,,,,,,,,0.0,0.0,0.0,0.1749172383849421,0.15632149701737003,0.1988155244685752,0.08906114405015682,0.06620420595959996,0.11459222654885093
level2,genre_standardized,"Commemoration, Eulogy & National Mourning",Ceremonial & Commemorative Address,656,False,1799,1925,Progressives & Depression,0.11904509371107819,2026,0.03915171564267072,0.04365566171304538,0.006340744291143449,0.00746430019782503,The founding → The present era,The Gilded Age,117,24,persistent,,Religion & values,,,,,,,,0.022310750307684524,0.0,0.024483003010517104,0.030876560175240212,0.010620115970947109,0.06580782305780118,0.030122575525865055,0.020238251683043038,0.04477826508410572
level2,genre_standardized,Conservation & the Environment,"Agriculture, Land & Environment",581,False,1877,1906,Progressives & Depression,0.06725703754457522,2026,0.007370291529453148,0.03346527887418027,0.020650602074180027,0.002815979889199579,Civil War & Reconstruction → The present era,Post-Cold War,129,12,born,,Energy & environment,,,,,,,,0.0,0.0,0.0,0.025968203322380656,0.018375855031938976,0.034947772112547244,0.028403080626484844,0.015879835276037327,0.03625861357833028
level2,genre_standardized,Constitutional Union & Federalism,Constitutional Order & Governance,1328,False,1789,1862,Civil War & Reconstruction,0.27287703323892704,2025,0.028155910836572928,0.028533547579661988,0.03352344142498001,0.014990397893206445,The founding → The present era,Civil War & Reconstruction,91,49,revived,,,,,,,,,,0.03349249216660993,0.02176425120078332,0.046638489215509775,0.16375526735105495,0.08958563703517676,0.19152541783251056,0.014882717005323572,0.006356536475359181,0.02787344782917986
level2,genre_standardized,"Crime, Insurrection & Federal Law Enforcement","Law, Crime & Justice",1418,False,1790,1793,The founding,0.21340213705742087,2026,0.09329417946696913,0.12441510570871327,0.40035985863483914,0.0038191858947943177,The founding → The present era,The present era,150,19,persistent,,Crime & justice,,,,,,,,0.05454035389671896,0.015367228280406096,0.10291302847022164,0.05454035389671896,0.015367228280406096,0.10291302847022164,0.09657473700195765,0.07869400923200855,0.1129079120202245
level2,genre_standardized,Early Naval Wars: Barbary & the War of 1812,War & Military Affairs,160,False,1800,1814,The founding,0.4404513102720989,1817,0.06942317208997455,0.09443123731058371,0.2650200987015174,1.1534002432050505,The founding → Expansion,The founding,16,2,died,unresolved_death,War & military,War & military=0.67,0.6729141736043575,True,0.01910174894705953,,,,0.09763466000355006,0.04986897555647015,0.15102924380565536,0.09763466000355006,0.04986897555647015,0.15102924380565536,0.00027627671177459857,0.0,0.0007499779887186076
level2,genre_standardized,Elections & Voting Integrity,Constitutional Order & Governance,568,False,1827,1877,Civil War & Reconstruction,0.07023872638092457,2026,0.012135228189581487,0.05902886330839495,0.011620699638268617,0.000752339803525478,Expansion → The present era,The present era,105,13,persistent,,Civil rights & race,,,,,,,,0.0011196642395704616,0.0,0.004149475671848126,0.015658898062728785,0.010218899448117021,0.02337730167968711,0.03572803388629347,0.018282834360060247,0.06094290112300314
level2,genre_standardized,"Executive Departments, Postal & Administrative Housekeeping",Procedural & Administrative,1394,False,1790,1887,The Gilded Age,0.23624137013674756,2000,0.12026581053629903,0.026879943726146608,0.011956243257778198,0.01852755985934522,The founding → Post-Cold War,The Gilded Age,182,9,persistent,,,,,,,,,,0.05139906840845121,0.033255232114114935,0.0738894345008685,0.15671552538235126,0.049884304415584654,0.19111470766794317,0.008157441931524477,0.003255988368116613,0.012217689553887143
level2,genre_standardized,"Executive Power, Vetoes & the Courts",Constitutional Order & Governance,1641,False,1789,1868,Civil War & Reconstruction,0.147817155537164,2026,0.035593944475656225,0.029250333121773366,0.014205469754621239,0.0075042292667968765,The founding → The present era,Civil War & Reconstruction,195,8,persistent,,Crime & justice,,,,,,,,0.04057522129632674,0.022602432612861264,0.0775517037494052,0.08602854519504344,0.045159062456253694,0.10562948902326075,0.026054000546426988,0.015593565447696182,0.03680483688378356
level2,genre_standardized,Great Depression Recovery,"Economy, Labor & Social Welfare",412,False,1928,1934,War & New Deal,0.3934999944688974,1939,0.07831228417924928,0.052445878841596565,0.5253128504827468,0.6821082312546016,Progressives & Depression → War & New Deal,War & New Deal,12,0,died,unresolved_death,Economy & jobs,Economy & jobs=0.63,0.631733482825654,True,0.04279335439805224,,,,0.0,0.0,0.0,0.08268546263827496,0.05270342693698879,0.1376087012280624,0.009519874399435647,0.0028596694547192987,0.017873825126110045
level2,genre_standardized,"Health Care, Medicare & Social Security","Economy, Labor & Social Welfare",1195,False,1935,2008,Post-Cold War,0.17309040192859348,2026,0.04452412163874307,0.05801438254492274,0.017611819217787726,0.06393112187981707,War & New Deal → The present era,Post-Cold War,86,3,born,,Health care,,,,,,,,0.0,0.0,0.0,0.12609209311282824,0.08185825431100957,0.1676785092161916,0.09961250035630205,0.06973812881864383,0.13563150965700227
level2,genre_standardized,Immigration & Border Security,Civil Rights & Immigration,685,False,1873,2017,The present era,0.12567766323477408,2026,0.023302860008554957,0.0970988592951954,0.0071093613351541065,0.031754226599531865,Civil War & Reconstruction → The present era,The present era,66,62,revived,,Immigration; Security & peace,,,,,,,,0.0010004357107934046,0.0,0.003277849142936749,0.09194014353584778,0.06652435441814916,0.11518160793960841,0.09194014353584778,0.06652435441814916,0.11518160793960841
level2,genre_standardized,"Indian Affairs, Removal & Allotment",Indian & Tribal Affairs,687,False,1790,1790,The founding,0.5011621200761289,1892,0.5011621200761289,0.05334404060613384,,0.04390373328137207,The founding → The Gilded Age,The founding,55,30,died,unresolved_death,Civil rights & race,Civil rights & race=3.80,3.795675764260891,True,0.01036402688009881,,,"Civil Rights, Voting Rights & Discrimination",0.315259427928534,0.23756911724655694,0.36040434530629484,0.315259427928534,0.23756911724655694,0.36040434530629484,0.0005317100036629223,0.0,0.0017352124035671433
level2,genre_standardized,"Internal Improvements, Energy & Infrastructure",Infrastructure & Internal Improvements,1782,False,1801,1975,The Cold War,0.1522031888325875,2026,0.01781375239816946,0.044114193313085415,0.007723530829564255,0.021193920690098445,The founding → The present era,Progressives & Depression,197,8,persistent,,Energy & environment; Infrastructure,,,,,,,,0.011796370189565513,0.0029661814583131583,0.02386026900239493,0.039136544688028095,0.028127594133709986,0.052804551104896645,0.06867965060604594,0.03981981963318539,0.08307574824743126
level2,genre_standardized,"Iraq, Gulf Wars, the War on Terror & Interventions",War & Military Affairs,987,False,1988,2003,Post-Cold War,0.36708561026740777,2026,0.09089614833886651,0.0449864044254939,0.18412630795236085,0.14004313297474516,The Cold War → The present era,Post-Cold War,34,4,born,,Security & peace; War & military,,,,,,,,0.0,0.0,0.0,0.127099067160225,0.09821409923484291,0.16269477032635565,0.046276480580866475,0.029620424236518714,0.0662794717273217
level2,genre_standardized,"Labor, Wages & Working Conditions","Economy, Labor & Social Welfare",995,False,1884,1935,War & New Deal,0.22210294886501836,2023,0.034058773463626735,0.026944695268894862,0.03687140694144934,0.022177074272286757,The Gilded Age → The present era,War & New Deal,109,10,born,,Economy & jobs,,,,,,,,0.0,0.0,0.0,0.09013790486190415,0.048674819958889226,0.16272840984519787,0.022844047444107844,0.013862301043121285,0.03316371598001509
level2,genre_standardized,Mexican War,War & Military Affairs,203,False,1844,1847,Expansion,0.21108282669081505,1851,0.05985725161015925,0.05271228814232223,0.5040852502688526,0.39592634637123203,Expansion → Civil War & Reconstruction,Expansion,8,0,died,unresolved_death,War & military,War & military=1.05,1.051573158332441,True,0.00608389068293167,,,,0.0,0.0,0.0,0.03412800731265414,0.013403040668417705,0.07924698266907215,0.0,0.0,0.0
level2,genre_standardized,Middle East & Israel,Foreign Relations & Diplomacy,620,False,1948,1956,The Cold War,0.1092469286963231,2026,0.03172598519176457,0.0714744662799774,0.09690117938069817,0.005396066059477957,The Cold War → The present era,Post-Cold War,65,7,born,,Foreign policy,,,,,,,,0.0,0.0,0.0,0.02814085886201254,0.01686864842377095,0.04264135107452245,0.031649732171422584,0.020451921517413874,0.04544192057156983
level2,genre_standardized,"Military Preparedness, Armed Forces & Veterans",War & Military Affairs,3132,False,1790,1940,War & New Deal,0.24011340465917927,2026,0.10079653446629627,0.11989243423447052,0.0092877913461922,0.013979182607524274,The founding → The present era,The founding,235,3,persistent,,Security & peace; War & military,,,,,,,,0.14202539098569403,0.1176738360954677,0.16667453393697745,0.12797207671255617,0.052848968776710574,0.20256022963447684,0.08254379144962856,0.06453007709212753,0.1116266156380069
level2,genre_standardized,Monroe Doctrine & Latin American Policy,Foreign Relations & Diplomacy,1568,False,1817,1823,Expansion,0.44660781296500457,1988,0.05211465404778115,0.05106078691179523,0.6574885981953724,0.02397254703352784,Expansion → The Cold War,Expansion,81,41,revived,,Foreign policy,,,,,,,,0.005786104235208263,0.0,0.016614262697744395,0.30703040468981746,0.037122788347849676,0.3162067264688119,0.013661291782856758,0.006060461477476288,0.023286928167684674
level2,genre_standardized,National Bank & Banking Crises,"Money, Banking & Currency",1056,False,1793,1839,Expansion,0.30078785797962154,2012,0.030568775216573266,0.03236605861586574,0.058743278861532244,0.01551571094588184,The founding → Post-Cold War,Expansion,66,69,revived,,Money & banking,,,,,,,,0.027717335564397386,0.0014591294226290552,0.037501138357189656,0.09478554640704843,0.0637692100029764,0.16490075507130475,0.000978094011921893,0.00012305849267461942,0.0022725764532052343
level2,genre_standardized,Neutral Rights & Maritime Depredations,Foreign Relations & Diplomacy,458,False,1791,1810,The founding,0.3127198530620413,1918,0.039033494110731,0.039045015054663734,0.144045452079637,0.025340262778460885,The founding → Progressives & Depression,The founding,50,24,died,rename,Foreign policy; Trade & tariffs,Foreign policy=0.56; Trade & tariffs=0.35,0.5570018318913608,True,0.005295534721426467,"World Order, Foreign Aid & Democracy Promotion",-0.31074149937474965,"World Order, Foreign Aid & Democracy Promotion",0.1355349946364406,0.0919727977279664,0.18220615130311296,0.1355349946364406,0.0919727977279664,0.18220615130311296,0.0,0.0,0.0
level2,genre_standardized,Nuclear Weapons & Arms Control,Foreign Relations & Diplomacy,928,False,1943,1955,The Cold War,0.12227665455745859,2026,0.01882442767796731,0.023920311176159455,0.08621018906624273,0.013853006110042133,War & New Deal → The present era,The Cold War,79,3,born,,Foreign policy; Security & peace,,,,,,,,0.0,0.0,0.0,0.07357326030673329,0.0593627007977208,0.09242638012600173,0.01386779551546883,0.00875319633680243,0.02152880508476461
level2,genre_standardized,"Partisan Combat, Press Conferences & Media Attacks",Partisan & Media Combat,1619,False,1890,1950,The Cold War,0.19030443850138404,2026,0.03228157416375588,0.1117073265785598,0.026337144056271362,0.010341725253003187,The Gilded Age → The present era,The present era,107,19,born,,,,,,,,,,0.0016794963593556923,0.0,0.004850037836735117,0.03952458802782251,0.03299436864192735,0.0474108906424224,0.0994063659426213,0.06925939578144939,0.1256152568172645
level2,genre_standardized,"Personal Narrative, Storytelling & Boasting",Personal Narrative & Reflection,580,False,1925,1950,The Cold War,0.1493184820531863,2026,0.03308347687844168,0.04552193791377541,0.046494002069897844,0.013657440018343538,Progressives & Depression → The present era,The present era,65,8,born,,,,,,,,,,0.0020008714215868093,0.0,0.006657308049727793,0.01763241569376743,0.012817146965116136,0.02376666641924323,0.05419801585766149,0.026281954998730338,0.07116767651154811
level2,genre_standardized,Polygamy in the Territories,"Law, Crime & Justice",61,False,1857,1881,The Gilded Age,0.025912430812135272,1892,0.024381154333405906,0.0031273481874309057,0.0006380318661372362,0.020713711477003967,Civil War & Reconstruction → The Gilded Age,Civil War & Reconstruction,28,9,died,unresolved_death,Crime & justice; Religion & values,Crime & justice=0.90; Religion & values=2.17,2.170279668776867,True,0.0034821624830856713,,,,0.0,0.0,0.0,0.005557469355033338,0.0030386547160888328,0.009743912606723398,0.0,0.0,0.0
level2,genre_standardized,Presidential Humility & Reflection on Office,Personal Narrative & Reflection,666,False,1789,1809,The founding,0.2918705945344824,2009,0.036443061715568784,0.03166843952479055,0.1277137664094568,0.013010107750484593,The founding → Post-Cold War,The founding,58,51,revived,,,,,,,,,,0.04542179645842191,0.02203119476258482,0.11096846557643755,0.04542179645842191,0.02203119476258482,0.11096846557643755,0.012605192347748418,0.00828380415370856,0.018192523346050402
level2,genre_standardized,"Prosperity, Jobs & the Middle Class","Economy, Labor & Social Welfare",1381,False,1899,2013,Post-Cold War,0.19229222990679062,2026,0.04760328124514367,0.07947138118058385,0.012692013040495347,0.0867852682509283,The Gilded Age → The present era,Post-Cold War,99,22,born,,Economy & jobs; Education,,,,,,,,0.0010004357107934046,0.0,0.0032700025613220307,0.09928227211277796,0.08295349893627886,0.12222336296011786,0.0955309088908046,0.07835931103322105,0.11357706272968161
level2,genre_standardized,"Providence, Faith & American Ideals",Faith & National Values,3109,False,1789,1822,Expansion,0.3039696981617201,2026,0.13119186021890908,0.1397477095625581,0.05235692058873061,0.008050097480351077,The founding → The present era,Expansion,201,12,persistent,,Religion & values,,,,,,,,0.09103074059360924,0.07001969081490139,0.11182923750421249,0.24764795991471675,0.03373636982162552,0.2521213341509433,0.12190456930101702,0.09758738771575934,0.15856561414237205
level2,genre_standardized,"Public Debt, Revenue & Treasury Finance",Public Finance & Taxation,1381,False,1790,1934,War & New Deal,0.21545408705020702,1963,0.12655029445501792,0.022112195872575527,0.00617387448577702,0.06666961764745914,The founding → The Cold War,The founding,150,10,died,unresolved_death,Taxes & budget,Taxes & budget=1.35,1.3450976611042496,True,0.1277851278357976,,,,0.08548875947688366,0.06746114247197929,0.10502556399080992,0.012244687977964179,0.0033274405578307075,0.026441809803438698,0.005539367653684457,0.00179860926486108,0.008558702652082384
level2,genre_standardized,Public Lands & Homestead Settlement,"Agriculture, Land & Environment",438,False,1800,1802,The founding,0.08420178181762822,1938,0.02975278803856052,0.008564054290194426,0.2722449688953385,0.005561597612311308,The founding → War & New Deal,Expansion,124,9,died,rename,Agriculture; Energy & environment,Agriculture=0.62; Energy & environment=6.32,6.321601940651077,True,0.043476265992047666,Conservation & the Environment,-0.3912956990613866,Conservation & the Environment,0.016382687830933607,0.005973795603318999,0.03245777955675496,0.016382687830933607,0.005973795603318999,0.03245777955675496,0.00026001542473607975,0.0,0.0007458903972523964
level2,genre_standardized,Reconstruction & Southern Self-Government,Civil Rights & Immigration,350,False,1863,1864,Civil War & Reconstruction,0.1751666332157914,1879,0.052093587588632986,0.02860630320606426,1.2307304562715842,0.09770688667315144,Civil War & Reconstruction → The Gilded Age,Civil War & Reconstruction,17,0,died,unresolved_death,Civil rights & race,Civil rights & race=0.28,0.2849432142910618,True,0.008417029289029413,,,,0.0010004357107934046,0.0,0.0032249399618488107,0.04986262274709066,0.03494894350200847,0.07193123066091377,0.0,0.0,0.0
level2,genre_standardized,"Relations with Spain, Mexico & Territorial Claims",Foreign Relations & Diplomacy,832,False,1796,1845,Expansion,0.2643871614122506,1914,0.03919405548654854,0.029752078613147073,0.04595777671953104,0.03400508446363819,The founding → Progressives & Depression,Expansion,83,12,died,unresolved_death,Foreign policy,Foreign policy=0.47,0.46564038560019766,True,0.009314761119096538,,,,0.04233253769906999,0.021505969886547065,0.0702289212897587,0.07143702329933706,0.049849764202872314,0.12400684048318793,0.00015508943593786783,0.0,0.0001816471269358807
level2,genre_standardized,"Slavery, Emancipation & Sectionalism",Civil Rights & Immigration,866,False,1849,1861,Civil War & Reconstruction,0.36844400053945625,1872,0.046724002198073315,0.04147680784314081,0.2680999986178191,0.2972429024511959,Expansion → Civil War & Reconstruction,Civil War & Reconstruction,20,4,died,rename,Civil rights & race,Civil rights & race=0.25,0.2514841674713127,True,0.012492751865747075,"Civil Rights, Voting Rights & Discrimination",-0.1570073741087374,"Civil Rights, Voting Rights & Discrimination",0.0020008714215868093,0.0,0.004906638773165074,0.2816984815680916,0.1587932486714234,0.31987865771763013,0.0013278629084949832,0.0003048877248712194,0.002152935398959854
level2,genre_standardized,Space Exploration,Infrastructure & Internal Improvements,223,False,1956,1960,The Cold War,0.060554436504354506,2026,0.018823932896670736,0.008060349850540808,0.10432625901920942,0.007953649493002075,The Cold War → The present era,The Cold War,51,8,born,,Infrastructure,,,,,,,,0.0,0.0,0.0,0.0184141065394891,0.011972746067622978,0.025917140601732235,0.008505307801103916,0.004725485515894281,0.012739995332916905
level2,genre_standardized,"Tariffs, Reciprocity & Navigation Laws","Trade, Commerce & Tariffs",1757,False,1800,1909,Progressives & Depression,0.3661818611537942,2026,0.05950557607712104,0.05181487026088294,0.028135438997859922,0.026868973580590705,The founding → The present era,Progressives & Depression,126,53,revived,,Trade & tariffs,,,,,,,,0.03332262020777192,0.02253237973866165,0.0468319009451549,0.13328947014856204,0.05817184351531194,0.20274899947586772,0.0428138428815097,0.028288618116571556,0.05700284155846919
level2,genre_standardized,"Taxes, Budget Deficits & Federal Spending",Public Finance & Taxation,1699,False,1918,1980,The Cold War,0.23763505625751435,2026,0.027379444242044693,0.06526187343303894,0.03391219548636608,0.037472431048799,Progressives & Depression → The present era,The Cold War,101,4,born,,Taxes & budget,,,,,,,,0.003001307132380214,0.0,0.006881631700945803,0.10770327052563036,0.08845948231098931,0.12753526484989156,0.05778036505354995,0.04619889424756732,0.0700612626616674
level2,genre_standardized,"Territorial Organization, Statehood & Insular Governance",Constitutional Order & Governance,751,False,1802,1898,The Gilded Age,0.15385026495154644,1928,0.026335406741697695,0.015983684848196865,0.013282797730192579,0.04595552670111652,The founding → Progressives & Depression,The Gilded Age,82,18,died,unresolved_death,,,,True,0.03915855752699094,,,"Welfare, Poverty & Economic Opportunity",0.0076299708573892375,0.002126565508267476,0.013688056866229516,0.040523497928452556,0.021790309399144565,0.08674577620240823,0.0009965645675987244,0.0,0.0021582293904131916
level2,genre_standardized,"Treaties, Diplomacy & International Arbitration",Foreign Relations & Diplomacy,3539,False,1790,1799,The founding,0.26450461653648827,2026,0.0945120505475774,0.035025161877463726,0.18888062887656765,0.010109227077490068,The founding → The present era,Expansion,215,19,persistent,,Foreign policy; Security & peace,,,,,,,,0.1380708470419773,0.1049903353856043,0.17180338787868027,0.1380708470419773,0.1049903353856043,0.17180338787868027,0.025000144710845388,0.017099984389573355,0.03505296742185165
level2,genre_standardized,"Trusts, Corporations & Antitrust","Trade, Commerce & Tariffs",567,False,1885,1909,Progressives & Depression,0.15374980444414693,2025,0.016996715805469485,0.0206297004797336,0.05698045359944893,0.01147587103141494,The Gilded Age → The present era,Progressives & Depression,52,74,revived,,Economy & jobs; Trade & tariffs,,,,,,,,0.0,0.0,0.0,0.06343253453367784,0.04284031915671924,0.08409303433956014,0.011699687324936795,0.0031130563519479668,0.02395274995088253
level2,genre_standardized,Vietnam War,War & Military Affairs,1201,False,1962,1970,The Cold War,0.40024547059489324,1977,0.04081214215297999,0.050466802451153335,0.44929166055239156,0.4996838116339142,The Cold War,The Cold War,16,0,died,unresolved_death,War & military,War & military=0.78,0.7845151228034567,True,0.03945494541371719,,,,0.0,0.0,0.0,0.11169378102832175,0.08190128918409398,0.13721278780260285,0.004486317585446575,0.0023756104677343003,0.0069881964866696745
level2,genre_standardized,"Welfare, Poverty & Economic Opportunity","Economy, Labor & Social Welfare",962,False,1921,1996,Post-Cold War,0.15025224170931867,2026,0.01936442947460396,0.023351298422341762,0.017451708297961964,0.0423003144289923,Progressives & Depression → The present era,Post-Cold War,100,5,born,,Economy & jobs; Education,,,,,,,,0.0,0.0,0.0,0.08234322511590249,0.0658183513648707,0.10000185718918961,0.029492562046287307,0.017472178912504445,0.04351685095037416
level2,genre_standardized,"World Order, Foreign Aid & Democracy Promotion",Foreign Relations & Diplomacy,1531,False,1916,1949,The Cold War,0.24859584213536773,2025,0.026248172229327127,0.03268842495493986,0.06737808178970928,0.02840887068163525,Progressives & Depression → The present era,War & New Deal,96,15,born,,Foreign policy; Security & peace,,,,,,,,0.0,0.0,0.0,0.0893558803496323,0.07726240686254592,0.10372272509952159,0.03170855753434433,0.021451509472922466,0.04543216300091571
level2,genre_standardized,World War I Mobilization & War Aims,War & Military Affairs,227,False,1912,1919,Progressives & Depression,0.3359245316510693,1923,0.13640685448031167,0.05291886186958515,0.2850252531010823,0.7075141744537103,Progressives & Depression,Progressives & Depression,12,0,died,unresolved_death,War & military,War & military=0.93,0.9348770475590203,True,0.028652782353014793,,,,0.0,0.0,0.0,0.04778754217843231,0.028496641881650055,0.0812172413292262,0.0,0.0,0.0
level2,genre_standardized,World War II Military Operations,War & Military Affairs,624,False,1938,1941,War & New Deal,0.6662332830276413,1947,0.16026024841952008,0.23334023626421352,1.6865767820270707,0.7214884112723796,War & New Deal → The Cold War,War & New Deal,10,0,died,unresolved_death,War & military,War & military=0.65,0.6487213277052429,True,0.027418370922715134,,,,0.0,0.0,0.0,0.48786331386068665,0.37567508918859915,0.597523026673505,0.003908867909104573,0.001350698597782002,0.007853064126989984
level2,raw,Agriculture & Farm Prices,"Agriculture, Land & Environment",710,False,1815,1935,War & New Deal,0.12202380952380952,1990,0.01951219512195122,0.012755102040816327,0.008542634533488191,0.01986703772418058,The founding → Post-Cold War,War & New Deal,129,13,persistent,,Agriculture,,,,,,,,0.008629989212513484,0.003754929733933234,0.014616556650967566,0.053646269907795474,0.02514350350295584,0.08435957069243875,0.006796116504854369,0.002819398052578359,0.012764049463704248
level2,raw,Chinese Immigration & Exclusion,Civil Rights & Immigration,110,False,1873,1884,The Gilded Age,0.06338028169014084,1907,0.008097165991902834,0.010416666666666666,0.0502573779074891,0.02302765870585834,Civil War & Reconstruction → Progressives & Depression,The Gilded Age,26,9,died,unresolved_death,Civil rights & race; Immigration,Civil rights & race=0.94; Immigration=0.47,0.9398211430524289,True,0.0037267452275568853,,,,0.0,0.0,0.0,0.025355252159375872,0.010416239633407143,0.045745443411648726,0.0,0.0,0.0
level2,raw,"Civil Rights, Voting Rights & Discrimination",Civil Rights & Immigration,1085,False,1865,1996,Post-Cold War,0.114321608040201,2026,0.06456456456456457,0.04197530864197531,0.0037982475935600334,0.024115433132741896,Civil War & Reconstruction → The present era,Post-Cold War,107,22,born,,Civil rights & race; Education,,,,,,,,0.0,0.0,0.0,0.05797979797979798,0.03930501507655487,0.08183032805008611,0.03907766990291262,0.021837341641447426,0.06308575199049303
level2,raw,Civil Service Reform & the Merit System,Constitutional Order & Governance,510,False,1801,1889,The Gilded Age,0.13574660633484162,2026,0.060240963855421686,0.022222222222222223,0.008580186645388628,0.008286451395081707,The founding → The present era,The Gilded Age,73,56,revived,,,,,,,,,,0.010787486515641856,0.0,0.03443566321360205,0.06213429924770131,0.03007838059056183,0.11207979409593018,0.006067961165048544,0.001544570742599841,0.012692760325800821
level2,raw,"Coinage, Currency & Specie","Money, Banking & Currency",569,False,1790,1895,The Gilded Age,0.19267139479905437,1935,0.053763440860215055,0.03571428571428571,0.013229328946556125,0.03923927727119217,The founding → War & New Deal,The Gilded Age,66,29,died,unresolved_death,Money & banking,Money & banking=0.45,0.4459474814762445,True,0.0232809083157997,,,,0.015102481121898598,0.005876130373809178,0.026360819722513293,0.07773753134577877,0.04819747464118985,0.11458856251881802,0.0,0.0,0.0
level2,raw,Cold War & Great-Power Rivalry,Foreign Relations & Diplomacy,2331,False,1945,1959,The Cold War,0.3486088379705401,2026,0.056511056511056514,0.08148148148148149,0.20864127247105968,0.0398697546998595,War & New Deal → The present era,The Cold War,72,10,born,,Foreign policy; Security & peace,,,,,,,,0.0,0.0,0.0,0.17991906376462868,0.15723541849393655,0.2056671931664515,0.09563106796116505,0.06762994639305991,0.13392354356249395
level2,raw,"Commemoration, Eulogy & National Mourning",Ceremonial & Commemorative Address,656,False,1799,1800,The founding,0.09558823529411764,2026,0.07926829268292683,0.037037037037037035,0.1631994261119081,0.0025907609848265754,The founding → The present era,Post-Cold War,127,22,persistent,,Religion & values,,,,,,,,0.014023732470334413,0.0,0.03967026330692806,0.014023732470334413,0.0,0.03967026330692806,0.02621359223300971,0.01662210373033864,0.037948652118100126
level2,raw,Conservation & the Environment,"Agriculture, Land & Environment",581,False,1878,1906,Progressives & Depression,0.0729455216989843,2026,0.010362694300518135,0.04197530864197531,0.022351009785166492,0.002580851088084083,The Gilded Age → The present era,Progressives & Depression,125,12,born,,Energy & environment,,,,,,,,0.0,0.0,0.0,0.03793980500211954,0.024443588002012875,0.04917803888927609,0.021359223300970873,0.012135879012728938,0.031103637688616653
level2,raw,Constitutional Union & Federalism,Constitutional Order & Governance,1328,False,1789,1862,Civil War & Reconstruction,0.27993779160186627,1973,0.05970149253731343,0.03067484662576687,0.030169356036240116,0.022456121169017965,The founding → The Cold War,Civil War & Reconstruction,99,36,died,unresolved_death,,,,True,0.046559065642126314,,,"Prosperity, Jobs & the Middle Class",0.07119741100323625,0.034002405772749135,0.11976597783347644,0.1311517650090183,0.09975448520670364,0.1662842467211167,0.011407766990291262,0.0070722402180292444,0.017489144944065522
level2,raw,"Crime, Insurrection & Federal Law Enforcement","Law, Crime & Justice",1418,False,1790,1793,The founding,0.2920353982300885,2026,0.06451612903225806,0.11604938271604938,0.7583975639927681,0.007553047876139019,The founding → The present era,The present era,125,33,revived,,Crime & justice,,,,,,,,0.06580366774541532,0.025018687640157303,0.11881505334374179,0.06580366774541532,0.025018687640157303,0.11881505334374179,0.06868932038834952,0.04693900109914952,0.09411609966879983
level2,raw,Early Naval Wars: Barbary & the War of 1812,War & Military Affairs,160,False,1800,1814,The founding,0.43005181347150256,1820,0.051470588235294115,0.043859649122807015,0.27041516088300604,0.6436536072478259,The founding → Expansion,The founding,18,2,died,unresolved_death,War & military,War & military=0.67,0.6716937156515556,True,0.014656059448312622,,,,0.11434735706580366,0.05985324015247776,0.17769779122730392,0.11434735706580366,0.05985324015247776,0.17769779122730392,0.0004854368932038835,0.0,0.0012891563229820815
level2,raw,Elections & Voting Integrity,Constitutional Order & Governance,568,False,1828,1878,The Gilded Age,0.14507772020725387,2026,0.02040816326530612,0.04567901234567901,0.024933911388389553,0.00671612890956587,Expansion → The present era,The present era,61,56,revived,,Civil rights & race,,,,,,,,0.002157497303128371,0.0,0.007404574226135563,0.033714126497631655,0.017254535382910954,0.05916609179724855,0.04029126213592233,0.021362920733270417,0.06534813491834064
level2,raw,"Executive Departments, Postal & Administrative Housekeeping",Procedural & Administrative,1394,False,1790,1876,Civil War & Reconstruction,0.13414634146341464,2007,0.11827956989247312,0.015011547344110854,0.001844973438481572,0.009094259093076625,The founding → Post-Cold War,The Gilded Age,200,9,persistent,,,,,,,,,,0.045307443365695796,0.028737951085744493,0.06524254530461272,0.05977840762690028,0.0451822743715032,0.073416121834853,0.007766990291262136,0.0039071008950548915,0.012479517801448644
level2,raw,"Executive Power, Vetoes & the Courts",Constitutional Order & Governance,1641,False,1789,1866,Civil War & Reconstruction,0.272264631043257,2022,0.04477611940298507,0.03393843725335438,0.029543962550684665,0.015277320114737347,The founding → The present era,Civil War & Reconstruction,139,16,persistent,,Crime & justice,,,,,,,,0.04638619201725998,0.025441786345134783,0.07366744235410655,0.0984282401442927,0.06309683345941856,0.14454611799651737,0.02815533980582524,0.016454532334978244,0.04137122204914406
level2,raw,Great Depression Recovery,"Economy, Labor & Social Welfare",412,False,1928,1935,War & New Deal,0.39880952380952384,1940,0.06239737274220033,0.06938775510204082,0.4805887872390336,0.658843537414966,Progressives & Depression → War & New Deal,War & New Deal,13,0,died,unresolved_death,Economy & jobs,Economy & jobs=0.64,0.638307878913603,True,0.032781085568836126,,,,0.0,0.0,0.0,0.14333612740989102,0.08643120912836165,0.21240530303030303,0.008737864077669903,0.0027464730991763322,0.016705798489442297
level2,raw,"Health Care, Medicare & Social Security","Economy, Labor & Social Welfare",1195,False,1934,2008,Post-Cold War,0.13464991023339318,2026,0.015267175572519083,0.05308641975308642,0.0161328019811992,0.04531305026683709,War & New Deal → The present era,Post-Cold War,84,9,born,,Health care,,,,,,,,0.0,0.0,0.0,0.1004040404040404,0.07143532202384795,0.1358799183671167,0.09902912621359224,0.04912227560714377,0.15309529424902849
level2,raw,Immigration & Border Security,Civil Rights & Immigration,685,False,1873,2017,The present era,0.15085536547433903,2026,0.02631578947368421,0.10493827160493827,0.008648581666712141,0.051018993188223075,Civil War & Reconstruction → The present era,The present era,51,43,revived,,Immigration; Security & peace,,,,,,,,0.0010787486515641855,0.0,0.0034959903932264094,0.0883495145631068,0.061265183416833284,0.12308076545471043,0.0883495145631068,0.061265183416833284,0.12308076545471043
level2,raw,"Indian Affairs, Removal & Allotment",Indian & Tribal Affairs,687,False,1790,1790,The founding,0.3548387096774194,1896,0.3548387096774194,0.039806996381182146,,0.029719972952475214,The founding → The Gilded Age,The founding,82,20,died,unresolved_death,Civil rights & race,Civil rights & race=3.85,3.8450336259138957,True,0.014666976957953512,,,"Civil Rights, Voting Rights & Discrimination",0.1499460625674218,0.09564180599608096,0.21428792917983838,0.1499460625674218,0.09564180599608096,0.21428792917983838,0.00024271844660194174,0.0,0.0008136807442830525
level2,raw,"Internal Improvements, Energy & Infrastructure",Infrastructure & Internal Improvements,1782,False,1801,1929,Progressives & Depression,0.15110356536502548,2026,0.024096385542168676,0.05185185185185185,0.009922435923660688,0.010232135413729242,The founding → The present era,Progressives & Depression,197,7,persistent,,Energy & environment; Infrastructure,,,,,,,,0.015102481121898598,0.004658186778548293,0.0286394107423653,0.10046629927935566,0.07154675270265735,0.13875649997709255,0.04927184466019417,0.033635970194189374,0.07275474083438684
level2,raw,"Iraq, Gulf Wars, the War on Terror & Interventions",War & Military Affairs,987,False,1982,2003,Post-Cold War,0.3448275862068966,2026,0.03633114949374628,0.06049382716049383,0.14690306510150014,0.12362337349843598,The Cold War → The present era,Post-Cold War,43,1,born,,Security & peace; War & military,,,,,,,,0.0,0.0,0.0,0.13434343434343435,0.10189146883023029,0.17208339789664426,0.05533980582524272,0.03158557465765254,0.08993853202969489
level2,raw,"Labor, Wages & Working Conditions","Economy, Labor & Social Welfare",995,False,1863,1935,War & New Deal,0.22023809523809523,2023,0.022727272727272728,0.02303860523038605,0.027432058682058683,0.022409032955421494,Civil War & Reconstruction → The present era,War & New Deal,100,19,born,,Economy & jobs,,,,,,,,0.0,0.0,0.0,0.10980720871751885,0.07144898315814463,0.15070731034831458,0.015048543689320388,0.009150142060963031,0.022298139278625884
level2,raw,Mexican War,War & Military Affairs,203,False,1844,1848,Expansion,0.24932975871313673,1851,0.07192254495159059,0.06689536878216124,0.44351803440386534,0.6081146331032516,Expansion → Civil War & Reconstruction,Expansion,8,0,died,unresolved_death,War & military,War & military=1.04,1.0405042576138326,True,0.007222368280412702,,,,0.0,0.0,0.0,0.050431499460625674,0.019562812435294466,0.08997478726546707,0.0,0.0,0.0
level2,raw,Middle East & Israel,Foreign Relations & Diplomacy,620,False,1945,1981,The Cold War,0.0943683409436834,2026,0.009828009828009828,0.09135802469135802,0.02348342530990933,0.0006689591671834183,War & New Deal → The present era,Post-Cold War,69,7,born,,Foreign policy,,,,,,,,0.0,0.0,0.0,0.029202668708301432,0.01815479965050396,0.044689432425333,0.03470873786407767,0.021601911717119164,0.05174359827976971
level2,raw,"Military Preparedness, Armed Forces & Veterans",War & Military Affairs,3132,False,1790,1809,The founding,0.24183006535947713,2026,0.0967741935483871,0.13333333333333333,0.07634519569004738,0.004999849402126442,The founding → The present era,The founding,234,4,persistent,,Security & peace; War & military,,,,,,,,0.16181229773462782,0.12313145348432827,0.19653858565369722,0.16181229773462782,0.12313145348432827,0.19653858565369722,0.08640776699029126,0.06417599163533626,0.11369516729141987
level2,raw,Monroe Doctrine & Latin American Policy,Foreign Relations & Diplomacy,1568,False,1816,1903,Progressives & Depression,0.16924910607866508,2026,0.03684210526315789,0.03827160493827161,0.01521919549603531,0.010648577328487275,Expansion → The present era,Civil War & Reconstruction,155,22,persistent,,Foreign policy,,,,,,,,0.002157497303128371,0.0,0.005284091305591804,0.06612971598134802,0.04149957947855341,0.09562922983648586,0.015533980582524271,0.0071555007490335665,0.02712584609703825
level2,raw,National Bank & Banking Crises,"Money, Banking & Currency",1056,False,1813,1838,Expansion,0.30288461538461536,2012,0.05670103092783505,0.03739837398373984,0.09847343378271213,0.015257829965567557,The founding → Post-Cold War,Expansion,63,70,revived,,Money & banking,,,,,,,,0.015102481121898598,0.0013008998056121862,0.04330585213816699,0.13646170442286948,0.09027984750234799,0.19553528496181743,0.0012135922330097086,0.00023198462280134272,0.0024409668681050407
level2,raw,Neutral Rights & Maritime Depredations,Foreign Relations & Diplomacy,458,False,1791,1810,The founding,0.42,1919,0.05504587155963303,0.057692307692307696,0.1920811202317721,0.033239237826393785,The founding → Progressives & Depression,The founding,44,42,died,rename,Foreign policy; Trade & tariffs,Foreign policy=0.56; Trade & tariffs=0.34,0.5578394752491128,True,0.009068421399280657,"World Order, Foreign Aid & Democracy Promotion",-0.27856912444555815,"World Order, Foreign Aid & Democracy Promotion",0.17367853290183388,0.11613743052932607,0.2401436846887778,0.17367853290183388,0.11613743052932607,0.2401436846887778,0.0,0.0,0.0
level2,raw,Nuclear Weapons & Arms Control,Foreign Relations & Diplomacy,928,False,1943,1986,The Cold War,0.12716763005780346,2026,0.037993920972644375,0.03209876543209877,0.020738071880269555,0.02376721615642617,War & New Deal → The present era,The Cold War,78,4,born,,Foreign policy; Security & peace,,,,,,,,0.0,0.0,0.0,0.07481133107295199,0.06239561006975566,0.08910217663237922,0.01650485436893204,0.010278555497070154,0.024257769557883804
level2,raw,"Partisan Combat, Press Conferences & Media Attacks",Partisan & Media Combat,1619,False,1930,1950,The Cold War,0.39634146341463417,2026,0.0858257477243173,0.10987654320987654,0.15525785784515844,0.037692752658520734,Progressives & Depression → The present era,The present era,83,7,born,,,,,,,,,,0.003236245954692557,0.0,0.010764803994991964,0.0713113857595975,0.0556285284674336,0.0889338555845733,0.11747572815533981,0.08809355061577108,0.15130638611867794
level2,raw,"Personal Narrative, Storytelling & Boasting",Personal Narrative & Reflection,580,False,1850,1950,The Cold War,0.1524390243902439,2026,0.015988372093023256,0.04197530864197531,0.013645065229722066,0.014534699440561656,Civil War & Reconstruction → The present era,The present era,70,73,revived,,,,,,,,,,0.002157497303128371,0.0,0.007651294303311921,0.02504648364869299,0.017642369872232944,0.035135574164568015,0.043932038834951455,0.024660145888594165,0.06623428333362981
level2,raw,Polygamy in the Territories,"Law, Crime & Justice",61,False,1857,1883,The Gilded Age,0.02824858757062147,1892,0.027576197387518143,0.0035545023696682463,0.0002586116088858946,0.027437872445503584,Civil War & Reconstruction → The Gilded Age,The Gilded Age,28,9,died,unresolved_death,Crime & justice; Religion & values,Crime & justice=0.87; Religion & values=2.23,2.2293175805943437,True,0.003980337533883745,,,,0.0,0.0,0.0,0.008637503482864307,0.004306102572426932,0.013531961651367908,0.0,0.0,0.0
level2,raw,Presidential Humility & Reflection on Office,Personal Narrative & Reflection,666,False,1789,1799,The founding,0.0975609756097561,2025,0.08955223880597014,0.016563146997929608,0.008008736803785957,0.003583974717337456,The founding → The present era,The founding,163,27,persistent,,,,,,,,,,0.05070118662351672,0.029731371047975363,0.07426917335148249,0.05070118662351672,0.029731371047975363,0.07426917335148249,0.01237864077669903,0.007626362820228047,0.018340430578164924
level2,raw,"Prosperity, Jobs & the Middle Class","Economy, Labor & Social Welfare",1381,False,1890,2012,Post-Cold War,0.15040650406504066,2026,0.022556390977443608,0.08148148148148149,0.01047951746619648,0.04923215898825655,The Gilded Age → The present era,Post-Cold War,103,26,born,,Economy & jobs; Education,,,,,,,,0.0010787486515641855,0.0,0.0035242237583996286,0.09232323232323232,0.07617506777673975,0.10912658663372785,0.07451456310679612,0.05721203282533934,0.09175468466039367
level2,raw,"Providence, Faith & American Ideals",Faith & National Values,3109,False,1789,1939,War & New Deal,0.19542619542619544,2026,0.19402985074626866,0.1259259259259259,9.308964532845169e-05,0.00798853672416891,The founding → The present era,War & New Deal,214,9,persistent,,Religion & values,,,,,,,,0.1111111111111111,0.08831331877729258,0.13578717406624383,0.1550712489522213,0.122632383740414,0.19493910256410257,0.10558252427184465,0.08305295701565568,0.13081524697919195
level2,raw,"Public Debt, Revenue & Treasury Finance",Public Finance & Taxation,1381,False,1790,1793,The founding,0.1592920353982301,2001,0.13978494623655913,0.016835016835016835,0.0650236305389032,0.006848895123231406,The founding → Post-Cold War,Expansion,166,26,persistent,,Taxes & budget,,,,,,,,0.09385113268608414,0.06876301823911903,0.11854135917083086,0.09385113268608414,0.06876301823911903,0.11854135917083086,0.0036407766990291263,0.0012593319355974368,0.006186957056805879
level2,raw,Public Lands & Homestead Settlement,"Agriculture, Land & Environment",438,False,1800,1802,The founding,0.07051282051282051,1938,0.022058823529411766,0.008086253369272238,0.2422699849170437,0.00459018876055502,The founding → War & New Deal,Expansion,129,9,died,rename,Agriculture; Energy & environment,Agriculture=0.62; Energy & environment=6.32,6.321601940651077,True,0.05339264848142798,Conservation & the Environment,-0.24767420919952288,Conservation & the Environment,0.015102481121898598,0.00604735991426639,0.027107466886681336,0.015102481121898598,0.00604735991426639,0.027107466886681336,0.0004854368932038835,0.0,0.0013151909724722023
level2,raw,Reconstruction & Southern Self-Government,Civil Rights & Immigration,350,False,1863,1865,Civil War & Reconstruction,0.3483483483483483,1878,0.09297520661157024,0.044905008635578586,1.2768657086838902,0.23341795362520748,Civil War & Reconstruction → The Gilded Age,Civil War & Reconstruction,16,0,died,unresolved_death,Civil rights & race,Civil rights & race=0.31,0.30898019218061346,True,0.0056595048185922045,,,,0.0010787486515641855,0.0,0.0033848155547355156,0.08631795928884309,0.054462996201406176,0.12830974216521304,0.0,0.0,0.0
level2,raw,"Relations with Spain, Mexico & Territorial Claims",Foreign Relations & Diplomacy,832,False,1796,1845,Expansion,0.26479750778816197,1916,0.03153153153153153,0.034482758620689655,0.047605301276863354,0.03243869706584117,The founding → Progressives & Depression,Expansion,89,11,died,rename,Foreign policy,Foreign policy=0.47,0.4678479114720851,True,0.007745077425354554,"World Order, Foreign Aid & Democracy Promotion",-0.4193928607074799,"World Order, Foreign Aid & Democracy Promotion",0.045307443365695796,0.02454479595107099,0.07470214819883668,0.09519956850053937,0.06037346097031392,0.13342013384748452,0.00024271844660194174,0.0,0.0007885533232787774
level2,raw,"Slavery, Emancipation & Sectionalism",Civil Rights & Immigration,866,False,1849,1856,Civil War & Reconstruction,0.42655935613682094,1868,0.054628224582701064,0.04460093896713615,0.531330187934457,0.31829868097473735,Expansion → Civil War & Reconstruction,Civil War & Reconstruction,20,0,died,rename,Civil rights & race,Civil rights & race=0.28,0.27846932375065286,True,0.013078847911530725,"Civil Rights, Voting Rights & Discrimination",-0.14023958711854642,"Civil Rights, Voting Rights & Discrimination",0.002157497303128371,0.0,0.0054194839648776805,0.20278278794125226,0.10325065781753892,0.35280499775464463,0.0016990291262135922,0.0004950979658539422,0.003362398786805158
level2,raw,Space Exploration,Infrastructure & Internal Improvements,223,False,1956,1960,The Cold War,0.04452830188679245,2026,0.019559902200488997,0.008641975308641974,0.06242099921575864,0.005437322208810678,The Cold War → The present era,The Cold War,50,8,born,,Infrastructure,,,,,,,,0.0,0.0,0.0,0.016187247074264464,0.010794528356935963,0.022959040170277296,0.006796116504854369,0.0037363568426621594,0.010322565646668223
level2,raw,"Tariffs, Reciprocity & Navigation Laws","Trade, Commerce & Tariffs",1757,False,1790,1828,Expansion,0.2018140589569161,2026,0.03225806451612903,0.05308641975308642,0.04461999853704923,0.007511496929486347,The founding → The present era,The Gilded Age,167,27,persistent,,Trade & tariffs,,,,,,,,0.038834951456310676,0.02479141714311541,0.05541697243323786,0.09735706580366775,0.07887582080228447,0.11615203649350642,0.03713592233009709,0.025843408537345947,0.048666666480119254
level2,raw,"Taxes, Budget Deficits & Federal Spending",Public Finance & Taxation,1699,False,1907,1980,The Cold War,0.19791666666666666,2026,0.022569444444444444,0.06049382716049383,0.024020167427701675,0.02987453032742888,Progressives & Depression → The present era,The Cold War,102,9,born,,Taxes & budget,,,,,,,,0.003236245954692557,0.0,0.007306431966088494,0.09263917751285136,0.0725483123219861,0.11200054034319601,0.051699029126213596,0.038845892571206755,0.06618700471037198
level2,raw,"Territorial Organization, Statehood & Insular Governance",Constitutional Order & Governance,751,False,1802,1900,The Gilded Age,0.1740139211136891,1928,0.02564102564102564,0.019704433497536946,0.015140091374761577,0.05511053129148291,The founding → Progressives & Depression,Civil War & Reconstruction,79,18,died,unresolved_death,,,,True,0.03574492887679418,,,"Welfare, Poverty & Economic Opportunity",0.009708737864077669,0.0028870289976067236,0.018902371021345874,0.05321816662022848,0.025970121219922548,0.08468513331693427,0.0007281553398058253,0.0,0.0014831210402892867
level2,raw,"Treaties, Diplomacy & International Arbitration",Foreign Relations & Diplomacy,3539,False,1790,1797,The founding,0.28773584905660377,2026,0.07526881720430108,0.03950617283950617,0.30352433121757527,0.010839723852275003,The founding → The present era,The Gilded Age,218,18,persistent,,Foreign policy; Security & peace,,,,,,,,0.16073354908306364,0.1202955784943069,0.19929132789339282,0.16073354908306364,0.1202955784943069,0.19929132789339282,0.027912621359223302,0.02112506679800117,0.036000124564628734
level2,raw,"Trusts, Corporations & Antitrust","Trade, Commerce & Tariffs",567,False,1885,1909,Progressives & Depression,0.16782006920415224,2025,0.017350157728706624,0.020703933747412008,0.06269579644810233,0.012682425470408642,The Gilded Age → The present era,Progressives & Depression,51,58,revived,,Economy & jobs; Trade & tariffs,,,,,,,,0.0,0.0,0.0,0.0847816871555744,0.054750479381600665,0.1150263478035747,0.00825242718446602,0.0028685646361474855,0.014591774507474056
level2,raw,Vietnam War,War & Military Affairs,1201,False,1962,1968,The Cold War,0.43342981186685964,1977,0.05054151624548736,0.060798548094373864,0.6381471593689537,0.4140347375249842,The Cold War,The Cold War,16,0,died,unresolved_death,War & military,War & military=0.76,0.7586284627055139,True,0.041982785758678504,,,,0.0,0.0,0.0,0.12621677786284588,0.10199379355458017,0.1562240026470032,0.004611650485436893,0.0023742987206633536,0.007252276188722823
level2,raw,"Welfare, Poverty & Economic Opportunity","Economy, Labor & Social Welfare",962,False,1920,1999,Post-Cold War,0.1393939393939394,2026,0.017142857142857144,0.019753086419753086,0.01547482053811168,0.04431142702747641,Progressives & Depression → The present era,Post-Cold War,100,5,born,,Economy & jobs; Education,,,,,,,,0.0,0.0,0.0,0.07535353535353535,0.05609979847167809,0.0954369440771871,0.019902912621359223,0.010344474624888215,0.031230173822961393
level2,raw,"World Order, Foreign Aid & Democracy Promotion",Foreign Relations & Diplomacy,1531,False,1915,1948,The Cold War,0.28125,2025,0.04189435336976321,0.041407867494824016,0.07253201413037479,0.031148328896776104,Progressives & Depression → The present era,Post-Cold War,96,16,born,,Foreign policy; Security & peace,,,,,,,,0.0,0.0,0.0,0.08137372853549163,0.06778922333818886,0.09548905920085504,0.041019417475728154,0.02438882859618569,0.06115487097630288
level2,raw,World War I Mobilization & War Aims,War & Military Affairs,227,False,1914,1919,Progressives & Depression,0.344017094017094,1922,0.039586919104991396,0.052924791086350974,0.6088603498242052,0.9703076764358103,Progressives & Depression,Progressives & Depression,9,0,died,unresolved_death,War & military,War & military=0.94,0.9363632615716243,True,0.028581283174674635,,,,0.0,0.0,0.0,0.042602797795676134,0.024884255474409325,0.06878252862494076,0.0,0.0,0.0
level2,raw,World War II Military Operations,War & Military Affairs,624,False,1917,1942,War & New Deal,0.615257048092869,1947,0.0650759219088937,0.2693726937269373,0.22007245047359011,0.6917687087318634,Progressives & Depression → The Cold War,War & New Deal,12,18,died,unresolved_death,War & military,War & military=0.63,0.6343152973749989,True,0.03349602458564352,,,,0.0,0.0,0.0,0.37720033528918695,0.2872211419002863,0.4657044969068161,0.004368932038834952,0.0014133696314199942,0.008014514574968483
level2,sotu,Agriculture & Farm Prices,"Agriculture, Land & Environment",398,False,1817,1928,Progressives & Depression,0.12797619047619047,2026,0.025477707006369428,0.014245014245014245,0.009234097609893788,0.011605222064405736,Expansion → The present era,War & New Deal,126,23,persistent,,Agriculture,,,,,,,,0.01171875,0.0042346652292073765,0.02057481248925203,0.04949152542372881,0.03377174701657364,0.06706179903410764,0.005780346820809248,0.0,0.011938359257586639
level2,sotu,Chinese Immigration & Exclusion,Civil Rights & Immigration,45,True,1873,1889,The Gilded Age,0.020080321285140562,1907,0.009876543209876543,0.009184845005740528,0.006377361297040012,0.006053042377444463,Civil War & Reconstruction → Progressives & Depression,The Gilded Age,28,7,under_powered,,Civil rights & race; Immigration,,,,,,,,0.0,0.0,0.0,0.010948905109489052,0.007138034013677666,0.01627107577193796,0.0,0.0,0.0
level2,sotu,"Civil Rights, Voting Rights & Discrimination",Civil Rights & Immigration,244,False,1865,2017,The present era,0.08080808080808081,2026,0.05732484076433121,0.05413105413105413,0.0015449500028782634,0.029641140752251872,Civil War & Reconstruction → The present era,The present era,104,21,born,,Civil rights & race; Education,,,,,,,,0.0,0.0,0.0,0.056647398843930635,0.027525854133954194,0.08597290640394088,0.056647398843930635,0.027525854133954194,0.08597290640394088
level2,sotu,Civil Service Reform & the Merit System,Constitutional Order & Governance,298,False,1867,1880,The Gilded Age,0.13793103448275862,2026,0.014245014245014245,0.037037037037037035,0.0951430924905726,0.006910547770254903,Civil War & Reconstruction → The present era,The Gilded Age,72,23,born,,,,,,,,,,0.001953125,0.0,0.006331370428233785,0.05291970802919708,0.030925155905018195,0.07825628003402682,0.017341040462427744,0.0011796078114688134,0.042789257594701445
level2,sotu,"Coinage, Currency & Specie","Money, Banking & Currency",365,False,1790,1895,The Gilded Age,0.1254071661237785,1970,0.07936507936507936,0.012861736334405145,0.004384960643685633,0.01500605730524978,The founding → The Cold War,The Gilded Age,77,57,died,unresolved_death,Money & banking,Money & banking=0.73,0.7273733247672937,True,0.007621938986611015,,,,0.0234375,0.009161891017108268,0.039832682342188536,0.06313868613138686,0.0383407586452435,0.09965519412344732,0.0,0.0,0.0
level2,sotu,Cold War & Great-Power Rivalry,Foreign Relations & Diplomacy,451,False,1951,1960,The Cold War,0.22259136212624583,2026,0.16455696202531644,0.06267806267806268,0.06448266677881043,0.02422928779517927,The Cold War → The present era,The Cold War,73,3,born,,Foreign policy; Security & peace,,,,,,,,0.0,0.0,0.0,0.14840062926061878,0.12510723961468995,0.1752046959205575,0.08439306358381503,0.05208423368017464,0.12307587197478137
level2,sotu,"Commemoration, Eulogy & National Mourning",Ceremonial & Commemorative Address,165,False,1822,1971,The Cold War,0.05128205128205128,2026,0.016597510373443983,0.04843304843304843,0.0023278215374904227,0.0005180005180005183,Expansion → The present era,The present era,105,31,revived,,Religion & values,,,,,,,,0.001953125,0.0,0.007249141916503221,0.019402202412165705,0.011532167943805875,0.029476481534080046,0.03236994219653179,0.014923788105947026,0.05607579624167301
level2,sotu,Conservation & the Environment,"Agriculture, Land & Environment",358,False,1878,1972,The Cold War,0.125,2026,0.015384615384615385,0.022792022792022793,0.011661211129296235,0.018927403186662445,The Gilded Age → The present era,Progressives & Depression,115,20,born,,Energy & environment,,,,,,,,0.0,0.0,0.0,0.0346093340325118,0.02371861471861472,0.04836632299062996,0.026589595375722544,0.014596644603435743,0.0403111458834858
level2,sotu,Constitutional Union & Federalism,Constitutional Order & Governance,438,False,1792,1862,Civil War & Reconstruction,0.24858757062146894,1984,0.050505050505050504,0.029787234042553193,0.028297502873774062,0.017934453817943913,The founding → The Cold War,Civil War & Reconstruction,76,99,died,rename,,,,True,0.04243526984377857,Civil Service Reform & the Merit System,-0.278206545872581,Conservation & the Environment,0.02734375,0.0136986301369863,0.04222337855665692,0.09649522075557579,0.05640928449792084,0.1436503969579575,0.008092485549132947,0.0,0.016919218961947584
level2,sotu,"Crime, Insurrection & Federal Law Enforcement","Law, Crime & Justice",549,False,1792,1793,The founding,0.18947368421052632,2026,0.16161616161616163,0.10541310541310542,0.2785752259436469,0.003607750162979438,The founding → The present era,The present era,158,19,persistent,,Crime & justice,,,,,,,,0.04296875,0.00906480299724155,0.09899265905383356,0.04296875,0.00906480299724155,0.09899265905383356,0.11098265895953757,0.09245343616846187,0.1308805854415043
level2,sotu,Early Naval Wars: Barbary & the War of 1812,War & Military Affairs,108,False,1799,1814,The founding,0.4628099173553719,1816,0.05813953488372093,0.16666666666666666,0.26978025498110064,1.4807162534435263,The founding → Expansion,The founding,18,0,died,unresolved_death,War & military,War & military=0.70,0.6978224906604098,True,0.021152938455051378,,,,0.1484375,0.05610188074555115,0.2441406170537379,0.1484375,0.05610188074555115,0.2441406170537379,0.0,0.0,0.0
level2,sotu,Elections & Voting Integrity,Constitutional Order & Governance,165,False,1829,1889,The Gilded Age,0.04819277108433735,2026,0.02452316076294278,0.03133903133903134,0.003944935053565762,0.0012301999814091978,Expansion → The present era,War & New Deal,89,33,revived,,Civil rights & race,,,,,,,,0.0,0.0,0.0,0.016788321167883213,0.0057915075986357464,0.03161294685694453,0.016184971098265895,0.004803221868533681,0.030288989730117025
level2,sotu,"Executive Departments, Postal & Administrative Housekeeping",Procedural & Administrative,973,False,1790,1934,War & New Deal,0.2,2011,0.15873015873015872,0.023333333333333334,0.0028659611992945338,0.02294372294372294,The founding → Post-Cold War,The Gilded Age,183,11,persistent,,,,,,,,,,0.056640625,0.036189604556778436,0.07958032187450316,0.034482758620689655,0.0,0.05714285714285714,0.005780346820809248,0.0,0.014631963896669774
level2,sotu,"Executive Power, Vetoes & the Courts",Constitutional Order & Governance,447,False,1790,1850,Civil War & Reconstruction,0.0889423076923077,2024,0.06349206349206349,0.009157509157509158,0.004241707366707368,0.004585333249126354,The founding → The present era,Expansion,180,20,persistent,,Crime & justice,,,,,,,,0.03125,0.014113067579685334,0.05263157894736842,0.03504779244424215,0.02068132844686682,0.0511358518658981,0.010404624277456647,0.005636132315521629,0.01566252785737026
level2,sotu,Great Depression Recovery,"Economy, Labor & Social Welfare",68,False,1928,1934,War & New Deal,0.3333333333333333,2011,0.03869047619047619,0.03333333333333333,0.4910714285714285,0.03896103896103896,Progressives & Depression → Post-Cold War,Progressives & Depression,10,73,revived,,Economy & jobs,,,,,,,,0.0,0.0,0.0,0.011494252873563218,0.0,0.02857142857142857,0.010404624277456647,0.0,0.02620493730407522
level2,sotu,"Health Care, Medicare & Social Security","Economy, Labor & Social Welfare",422,False,1931,2022,The present era,0.20137299771167047,2026,0.021621621621621623,0.09401709401709402,0.01975289847143394,0.26838975923644115,Progressives & Depression → The present era,The present era,77,10,born,,Health care,,,,,,,,0.0,0.0,0.0,0.13988439306358383,0.09109986439364588,0.18838222156045265,0.13988439306358383,0.09109986439364588,0.18838222156045265
level2,sotu,Immigration & Border Security,Civil Rights & Immigration,250,False,1872,2019,The present era,0.15047021943573669,2026,0.015915119363395226,0.1111111111111111,0.009153408168186494,0.056227297606607975,Civil War & Reconstruction → The present era,The present era,66,37,revived,,Immigration; Security & peace,,,,,,,,0.001953125,0.0,0.006331370428233785,0.10635838150289018,0.06533453098072697,0.14891371158392433,0.10635838150289018,0.06533453098072697,0.14891371158392433
level2,sotu,"Indian Affairs, Removal & Allotment",Indian & Tribal Affairs,524,False,1790,1790,The founding,0.2857142857142857,1903,0.2857142857142857,0.033478893740902474,,0.022321716103839224,The founding → Progressives & Depression,The founding,101,8,died,unresolved_death,Civil rights & race,Civil rights & race=3.43,3.4293541916297383,True,0.01716014728133653,,,"Civil Rights, Voting Rights & Discrimination",0.125,0.08875631313131313,0.1701765063907486,0.125,0.08875631313131313,0.1701765063907486,0.0011560693641618498,0.0,0.003630105401844532
level2,sotu,"Internal Improvements, Energy & Infrastructure",Infrastructure & Internal Improvements,971,False,1804,1929,Progressives & Depression,0.24315068493150685,2026,0.05319148936170213,0.037037037037037035,0.015196735645584377,0.02124882967984225,The founding → The present era,Progressives & Depression,177,18,persistent,,Energy & environment; Infrastructure,,,,,,,,0.017578125,0.004015322580645161,0.03695245726495726,0.10338983050847457,0.08149325864894212,0.13535556068948246,0.06011560693641618,0.04227528948092023,0.08468121258006127
level2,sotu,"Iraq, Gulf Wars, the War on Terror & Interventions",War & Military Affairs,219,False,1989,2003,Post-Cold War,0.3670212765957447,2021,0.06806282722513089,0.03865979381443299,0.21354174955043842,0.18242304598961762,Post-Cold War → The present era,Post-Cold War,27,6,born,,Security & peace; War & military,,,,,,,,0.0,0.0,0.0,0.12007874015748031,0.07496550429926938,0.17738798189400873,0.03699421965317919,0.016253558488612836,0.06009259259259257
level2,sotu,"Labor, Wages & Working Conditions","Economy, Labor & Social Welfare",473,False,1863,1918,Progressives & Depression,0.19736842105263158,2024,0.03536977491961415,0.027472527472527472,0.02945429929691226,0.016027914488689066,Civil War & Reconstruction → The present era,War & New Deal,98,21,born,,Economy & jobs,,,,,,,,0.0,0.0,0.0,0.07694915254237288,0.05094929832747509,0.1033959083530143,0.03468208092485549,0.01731682137436911,0.05238002697821166
level2,sotu,Mexican War,War & Military Affairs,99,False,1846,1848,Expansion,0.19631901840490798,1850,0.16460176991150444,0.038461538461538464,0.15858624246701772,0.7892873997168476,Expansion → Civil War & Reconstruction,Expansion,7,0,died,unresolved_death,War & military,War & military=0.98,0.9827812179375224,True,0.0053463771965397205,,,,0.0,0.0,0.0,0.039850560398505604,0.002753755308048976,0.09250360750360749,0.0,0.0,0.0
level2,sotu,Middle East & Israel,Foreign Relations & Diplomacy,104,False,1955,1981,The Cold War,0.08021390374331551,2026,0.011363636363636364,0.045584045584045586,0.02648087206910736,0.007695524035393317,The Cold War → The present era,The present era,58,7,born,,Foreign policy,,,,,,,,0.0,0.0,0.0,0.019926586261143155,0.01066450756075398,0.03328784506437001,0.03121387283236994,0.010608747044917257,0.05151418118376461
level2,sotu,"Military Preparedness, Armed Forces & Veterans",War & Military Affairs,1626,False,1790,1807,The founding,0.28431372549019607,2026,0.12698412698412698,0.10826210826210826,0.09254682265062888,0.008038886631419535,The founding → The present era,The founding,222,6,persistent,,Security & peace; War & military,,,,,,,,0.220703125,0.18305,0.2548423138544565,0.220703125,0.18305,0.2548423138544565,0.08901734104046242,0.05578118011711721,0.13406821081558531
level2,sotu,Monroe Doctrine & Latin American Policy,Foreign Relations & Diplomacy,823,False,1815,1854,Civil War & Reconstruction,0.1675,2026,0.0234375,0.02849002849002849,0.036939102564102565,0.008081975087789042,The founding → The present era,Civil War & Reconstruction,150,26,persistent,,Foreign policy,,,,,,,,0.001953125,0.0,0.006576961191002947,0.09467455621301775,0.06955952380952381,0.1224571606777813,0.015028901734104046,0.002035216763245721,0.027649740716988662
level2,sotu,National Bank & Banking Crises,"Money, Banking & Currency",528,False,1791,1933,War & New Deal,0.2916666666666667,2012,0.039473684210526314,0.0440251572327044,0.017760069187052138,0.03134702651062814,The founding → Post-Cold War,Expansion,64,46,revived,,Money & banking,,,,,,,,0.0078125,0.001966132438139585,0.016519667082488695,0.0,0.0,0.0,0.0011560693641618498,0.0,0.003368191305136911
level2,sotu,Neutral Rights & Maritime Depredations,Foreign Relations & Diplomacy,263,False,1791,1809,The founding,0.422680412371134,1871,0.05263157894736842,0.04748603351955307,0.20558268523542533,0.06051522239541629,The founding → Civil War & Reconstruction,The founding,41,14,died,rename,Foreign policy; Trade & tariffs,Foreign policy=0.59; Trade & tariffs=0.53,0.5936775057355245,True,0.010032107849550172,Monroe Doctrine & Latin American Policy,-0.15618313628405947,Monroe Doctrine & Latin American Policy,0.197265625,0.12959381044487428,0.2734768295656729,0.197265625,0.12959381044487428,0.2734768295656729,0.0,0.0,0.0
level2,sotu,Nuclear Weapons & Arms Control,Foreign Relations & Diplomacy,190,False,1924,1960,The Cold War,0.09966777408637874,2026,0.015060240963855422,0.011396011396011397,0.023502092534034253,0.013374509498540504,Progressives & Depression → The present era,The Cold War,76,23,born,,Foreign policy; Security & peace,,,,,,,,0.0,0.0,0.0,0.061352910330361825,0.04786444154022906,0.07748160723119125,0.013872832369942197,0.005015790246768508,0.02585148801568208
level2,sotu,"Partisan Combat, Press Conferences & Media Attacks",Partisan & Media Combat,107,False,1942,2026,The present era,0.09971509971509972,2026,0.08045977011494253,0.09971509971509972,0.0022923011428758557,,War & New Deal → The present era,War & New Deal,26,26,born,,,,,,,,,,0.0,0.0,0.0,0.05317919075144509,0.01895180250783699,0.09247517872371787,0.05317919075144509,0.01895180250783699,0.09247517872371787
level2,sotu,"Personal Narrative, Storytelling & Boasting",Personal Narrative & Reflection,72,False,1967,2026,The present era,0.04843304843304843,2026,0.011210762331838564,0.04843304843304843,0.00630886205105252,,The Cold War → The present era,The present era,38,12,born,,,,,,,,,,0.00390625,0.0,0.012996891898543687,0.024277456647398842,0.005979156712852366,0.04899006744554601,0.024277456647398842,0.005979156712852366,0.04899006744554601
level2,sotu,Polygamy in the Territories,"Law, Crime & Justice",50,False,1857,1881,The Gilded Age,0.031189083820662766,1892,0.021400778210116732,0.005084745762711864,0.004078460671060847,0.023731216416319,Civil War & Reconstruction → The Gilded Age,The Gilded Age,28,9,died,unresolved_death,Crime & justice; Religion & values,Crime & justice=1.27; Religion & values=2.64,2.6399197916024346,True,0.00441617760577708,,,,0.0,0.0,0.0,0.010218978102189781,0.00486915765211067,0.016595859357455073,0.0,0.0,0.0
level2,sotu,Presidential Humility & Reflection on Office,Personal Narrative & Reflection,121,False,1792,1971,The Cold War,0.06153846153846154,2025,0.030303030303030304,0.008830022075055188,0.00174499615840398,0.009760822122853029,The founding → The present era,The Cold War,97,38,revived,,,,,,,,,,0.017578125,0.008547008547008548,0.02804974615868451,0.02045097011012061,0.01189463224511847,0.031731927902276566,0.009248554913294798,0.0035374459010223927,0.014047027261608868
level2,sotu,"Prosperity, Jobs & the Middle Class","Economy, Labor & Social Welfare",521,False,1890,2013,Post-Cold War,0.19528619528619529,2026,0.02857142857142857,0.10541310541310542,0.013554046074371277,0.06913314605622298,The Gilded Age → The present era,The present era,93,25,born,,Economy & jobs; Education,,,,,,,,0.001953125,0.0,0.006383942200061053,0.1141732283464567,0.08771654577758076,0.14062740569668974,0.13410404624277455,0.10398602835422231,0.1608547760088856
level2,sotu,"Providence, Faith & American Ideals",Faith & National Values,798,False,1790,1986,The Cold War,0.24875621890547264,2026,0.1111111111111111,0.08547008547008547,0.007022709581344976,0.04082153335884679,The founding → The present era,War & New Deal,177,34,revived,,Religion & values,,,,,,,,0.09765625,0.07353575970575353,0.12415208493518796,0.11221814368117462,0.09045739645567577,0.13956033751641989,0.10404624277456648,0.07345390259778685,0.15348528015194682
level2,sotu,"Public Debt, Revenue & Treasury Finance",Public Finance & Taxation,975,False,1790,1934,War & New Deal,0.36666666666666664,1971,0.20634920634920634,0.041025641025641026,0.0111331569664903,0.08801108801108799,The founding → The Cold War,The founding,145,16,died,unresolved_death,Taxes & budget,Taxes & budget=1.42,1.4229133028256806,True,0.07435986489122977,,,,0.134765625,0.10431436567164179,0.16912159156771034,0.011494252873563218,0.0,0.038461538461538464,0.008092485549132947,0.0014632132132132132,0.01425292607579515
level2,sotu,Public Lands & Homestead Settlement,"Agriculture, Land & Environment",325,False,1800,1837,Expansion,0.07399103139013453,1971,0.034482758620689655,0.015384615384615385,0.010677911559309427,0.004373613134740235,The founding → The Cold War,Expansion,124,38,died,rename,Agriculture; Energy & environment,Agriculture=1.33; Energy & environment=7.83,7.82533219298209,True,0.014319998370552978,Conservation & the Environment,-0.3547030711882015,Conservation & the Environment,0.015625,0.0051261145156623975,0.02672524617678305,0.03777501037775011,0.024666083180361814,0.058918600790752416,0.0,0.0,0.0
level2,sotu,Reconstruction & Southern Self-Government,Civil Rights & Immigration,112,False,1861,1865,Civil War & Reconstruction,0.17834394904458598,1879,0.02030456852791878,0.02564102564102564,0.395098451291668,0.10907351671682883,Civil War & Reconstruction → The Gilded Age,Civil War & Reconstruction,19,0,died,unresolved_death,Civil rights & race,Civil rights & race=0.45,0.4509921616572125,True,0.0029269444280422166,,,,0.001953125,0.0,0.00627488080169468,0.047337278106508875,0.022368997226682237,0.07602567223428955,0.0,0.0,0.0
level2,sotu,"Relations with Spain, Mexico & Territorial Claims",Foreign Relations & Diplomacy,628,False,1795,1844,Expansion,0.2900232018561485,1913,0.044444444444444446,0.04247104247104247,0.05011811375749062,0.03587712454856609,The founding → Progressives & Depression,Expansion,92,10,died,unresolved_death,Foreign policy,Foreign policy=0.43,0.4285663266302607,True,0.007014120996080951,,,,0.04296875,0.020258811838906775,0.0679062289237884,0.11498547114985472,0.07468933869714339,0.1710670349313165,0.0,0.0,0.0
level2,sotu,"Slavery, Emancipation & Sectionalism",Civil Rights & Immigration,244,False,1848,1861,Civil War & Reconstruction,0.21573604060913706,1874,0.026584867075664622,0.02631578947368421,0.1455009027180557,0.1457078854888099,Expansion → Civil War & Reconstruction,Civil War & Reconstruction,25,2,died,rename,Civil rights & race,Civil rights & race=0.46,0.46296603691981886,True,0.007525134795942377,"Civil Rights, Voting Rights & Discrimination",-0.14568138984316184,"Civil Rights, Voting Rights & Discrimination",0.00390625,0.0,0.009451612903225805,0.09968138370505235,0.06295442787019828,0.1392077185076185,0.0,0.0,0.0
level2,sotu,Space Exploration,Infrastructure & Internal Improvements,63,False,1958,1960,The Cold War,0.059800664451827246,2026,0.044585987261146494,0.008547008547008548,0.07607338595340377,0.007765705440124045,The Cold War → The present era,The Cold War,49,9,born,,Infrastructure,,,,,,,,0.0,0.0,0.0,0.019926586261143155,0.01085709056457517,0.030893159622476147,0.010404624277456647,0.0036948051948051948,0.017364334542999408
level2,sotu,"Tariffs, Reciprocity & Navigation Laws","Trade, Commerce & Tariffs",1085,False,1790,1828,Expansion,0.2005420054200542,2026,0.047619047619047616,0.06552706552706553,0.040242883631843834,0.006818936358231752,The founding → The present era,Expansion,201,17,persistent,,Trade & tariffs,,,,,,,,0.060546875,0.039512749295357995,0.08654331685816376,0.1141552511415525,0.09069221201683889,0.13950940849829754,0.05202312138728324,0.026362959285004966,0.0782825656499623
level2,sotu,"Taxes, Budget Deficits & Federal Spending",Public Finance & Taxation,672,False,1918,1984,The Cold War,0.28085106382978725,2026,0.05263157894736842,0.10256410256410256,0.03457870983066952,0.04244927649182968,Progressives & Depression → The present era,The Cold War,96,8,born,,Taxes & budget,,,,,,,,0.005859375,0.0,0.013326566607873803,0.14525432616675407,0.11739980370336023,0.17796283662368195,0.08092485549132948,0.06087725197684846,0.10015781333559495
level2,sotu,"Territorial Organization, Statehood & Insular Governance",Constitutional Order & Governance,524,False,1802,1899,The Gilded Age,0.1788931788931789,1954,0.047619047619047616,0.019543973941368076,0.013533415595271268,0.028972582718511056,The founding → The Cold War,The Gilded Age,92,23,died,unresolved_death,,,,True,0.019483311505858168,,,"Welfare, Poverty & Economic Opportunity",0.013671875,0.003703373468358945,0.025301401107852717,0.06313868613138686,0.027253463178921463,0.1024293765824064,0.0011560693641618498,0.0,0.003368191305136911
level2,sotu,"Treaties, Diplomacy & International Arbitration",Foreign Relations & Diplomacy,1871,False,1790,1833,Expansion,0.3415977961432507,1982,0.07936507936507936,0.04081632653061224,0.06098435273910962,0.020186675812928753,The founding → The Cold War,Expansion,171,7,died,rename,Foreign policy; Security & peace,Foreign policy=0.34; Security & peace=5.88,5.880114775551068,True,0.06501989694160673,"World Order, Foreign Aid & Democracy Promotion",-0.627388584146739,"World Order, Foreign Aid & Democracy Promotion",0.169921875,0.12349897386130423,0.22052177968851394,0.182648401826484,0.14613344891546587,0.22566707084831697,0.023121387283236993,0.006266739466494106,0.04209464682578026
level2,sotu,"Trusts, Corporations & Antitrust","Trade, Commerce & Tariffs",365,False,1873,1906,Progressives & Depression,0.16333333333333333,2024,0.01728395061728395,0.031135531135531136,0.04425738870183314,0.011203203576084932,Civil War & Reconstruction → The present era,Progressives & Depression,48,88,revived,,Economy & jobs; Trade & tariffs,,,,,,,,0.0,0.0,0.0,0.09593220338983051,0.06067070225373341,0.12589511240609738,0.020809248554913295,0.0015384850537088254,0.046338935992826916
level2,sotu,Vietnam War,War & Military Affairs,124,False,1963,1966,The Cold War,0.215633423180593,1976,0.025974025974025976,0.036585365853658534,0.6321979906885568,0.17904805732693446,The Cold War,The Cold War,14,0,died,unresolved_death,War & military,War & military=0.72,0.7158077301815613,True,0.05880633992455669,,,,0.0,0.0,0.0,0.05925537493445202,0.02198623024883432,0.10684792168314633,0.005780346820809248,0.001717703744818546,0.010340595206272833
level2,sotu,"Welfare, Poverty & Economic Opportunity","Economy, Labor & Social Welfare",388,False,1921,1999,Post-Cold War,0.19243986254295534,2026,0.028708133971291867,0.042735042735042736,0.020991247252777366,0.05544622955848615,Progressives & Depression → The present era,War & New Deal,87,7,born,,Economy & jobs; Education,,,,,,,,0.0,0.0,0.0,0.11745406824146981,0.08475446803290332,0.14670216013062282,0.048554913294797684,0.024734982332155476,0.07621785964186105
level2,sotu,"World Order, Foreign Aid & Democracy Promotion",Foreign Relations & Diplomacy,343,False,1918,1959,The Cold War,0.19636363636363635,2023,0.05921052631578947,0.026584867075664622,0.03345197806045046,0.026527932701245583,Progressives & Depression → The present era,War & New Deal,85,16,born,,Foreign policy; Security & peace,,,,,,,,0.0,0.0,0.0,0.09753539590980598,0.07895698143564864,0.11681602267468764,0.021965317919075144,0.009286154320036964,0.03964521452145214
level2,sotu,World War I Mobilization & War Aims,War & Military Affairs,72,False,1915,1918,Progressives & Depression,0.3355263157894737,1943,0.19298245614035087,0.034482758620689655,0.4751461988304093,0.1204174228675136,Progressives & Depression → War & New Deal,War & New Deal,9,20,died,unresolved_death,War & military,War & military=0.83,0.8327594733206515,True,0.013614385549154765,,,,0.0,0.0,0.0,0.022372881355932205,0.0030220244811042674,0.057131559346328034,0.0,0.0,0.0
level2,sotu,World War II Military Operations,War & Military Affairs,77,False,1941,1941,War & New Deal,0.7049180327868853,1945,0.7049180327868853,0.6721311475409836,,0.08196721311475419,War & New Deal,War & New Deal,5,0,died,unresolved_death,War & military,War & military=0.38,0.37965182799199976,True,0.021075012607407028,,,,0.0,0.0,0.0,0.6436781609195402,0.5,0.8,0.003468208092485549,0.0,0.009892967414907064
