era_key,era_label,era_order,expected_paragraphs,completed_paragraphs,missing_paragraphs,completion_rate
founding,Establishing the republic,0,185,177,8,0.9567567567567568
expansion,The continental republic,1,1100,1043,57,0.9481818181818182
civil-war-reconstruction,Sectional crisis & constitutional rupture,2,746,744,2,0.9973190348525469
gilded-age,Administrative-industrial order,3,1693,1677,16,0.9905493207324276
progressives-depression,"Reform, world war & collapse",4,592,591,1,0.9983108108108109
war-new-deal,"New Deal, world war & settlement",5,349,333,16,0.9541547277936963
cold-war,Mature Cold War,6,1639,1349,290,0.8230628431970713
post-cold-war,Conservative turn & always-on presidency,7,1669,1592,77,0.9538645895745955
present,Platform-era intensification,8,1075,1064,11,0.9897674418604652
