source_issue,unit,period_kind,period,period_order,period_start,period_end,x,share_percent,lo_sampling_percent,hi_sampling_percent,lo_percent,hi_percent,n_paragraphs,n_speeches,n_paired_paragraphs,ci_status,interval_unresolvable,disagreement_band_applied,disagreement_half_width_percent,ci_components,disagreement_status,agreement_source
Civil rights & race,share of eligible paragraphs,year5,1785,1785,1785,1789,1785.0,7.142857142857142,0.0,9.090909090909092,0.0,9.090909090909092,14,2,,low_cluster_caution,False,False,,sampling_only,not_applicable_no_annotator_in_pipeline,n/a: CorEx labels have no annotator
Civil rights & race,share of eligible paragraphs,year5,1790,1790,1790,1794,1790.0,0.7751937984496124,0.0,2.3191961285118965,0.0,2.3191961285118965,129,13,,ok,False,False,,sampling_only,not_applicable_no_annotator_in_pipeline,n/a: CorEx labels have no annotator
Civil rights & race,share of eligible paragraphs,year5,1795,1795,1795,1799,1795.0,0.0,0.0,0.0,0.0,0.0,212,13,,ok,False,False,,sampling_only,not_applicable_no_annotator_in_pipeline,n/a: CorEx labels have no annotator
Civil rights & race,share of eligible paragraphs,year5,1800,1800,1800,1804,1800.0,1.9230769230769231,0.0,4.335077831454642,0.0,4.335077831454642,156,13,,ok,False,False,,sampling_only,not_applicable_no_annotator_in_pipeline,n/a: CorEx labels have no annotator
Civil rights & race,share of eligible paragraphs,year5,1805,1805,1805,1809,1805.0,1.0256410256410255,0.0,2.4847396491660745,0.0,2.4847396491660745,195,15,,ok,False,False,,sampling_only,not_applicable_no_annotator_in_pipeline,n/a: CorEx labels have no annotator
Civil rights & race,share of eligible paragraphs,year5,1810,1810,1810,1814,1810.0,2.7472527472527473,1.035843737414418,4.601671203871748,1.035843737414418,4.601671203871748,182,14,,ok,False,False,,sampling_only,not_applicable_no_annotator_in_pipeline,n/a: CorEx labels have no annotator
Civil rights & race,share of eligible paragraphs,year5,1815,1815,1815,1819,1815.0,1.477832512315271,0.0,3.651031270791747,0.0,3.651031270791747,203,9,,ok,False,False,,sampling_only,not_applicable_no_annotator_in_pipeline,n/a: CorEx labels have no annotator
Civil rights & race,share of eligible paragraphs,year5,1820,1820,1820,1824,1820.0,1.8050541516245486,0.5584208552138035,3.3807846124547702,0.5584208552138035,3.3807846124547702,277,7,,low_cluster_caution,False,False,,sampling_only,not_applicable_no_annotator_in_pipeline,n/a: CorEx labels have no annotator
Civil rights & race,share of eligible paragraphs,year5,1825,1825,1825,1829,1825.0,4.3478260869565215,2.880813953488372,5.698780685827319,2.880813953488372,5.698780685827319,368,10,,ok,False,False,,sampling_only,not_applicable_no_annotator_in_pipeline,n/a: CorEx labels have no annotator
Civil rights & race,share of eligible paragraphs,year5,1830,1830,1830,1834,1830.0,1.4925373134328357,0.7962079047484854,2.2828023906130053,0.7962079047484854,2.2828023906130053,804,19,,ok,False,False,,sampling_only,not_applicable_no_annotator_in_pipeline,n/a: CorEx labels have no annotator
Civil rights & race,share of eligible paragraphs,year5,1835,1835,1835,1839,1835.0,3.265940902021773,1.9546661137487833,4.8909564453370145,1.9546661137487833,4.8909564453370145,643,12,,ok,False,False,,sampling_only,not_applicable_no_annotator_in_pipeline,n/a: CorEx labels have no annotator
Civil rights & race,share of eligible paragraphs,year5,1840,1840,1840,1844,1840.0,2.579666160849772,1.4671846072151287,3.995899822695035,1.4671846072151287,3.995899822695035,659,20,,ok,False,False,,sampling_only,not_applicable_no_annotator_in_pipeline,n/a: CorEx labels have no annotator
Civil rights & race,share of eligible paragraphs,year5,1845,1845,1845,1849,1845.0,2.1437578814627996,0.4758929397918567,4.184336295099622,0.4758929397918567,4.184336295099622,793,28,,ok,False,False,,sampling_only,not_applicable_no_annotator_in_pipeline,n/a: CorEx labels have no annotator
Civil rights & race,share of eligible paragraphs,year5,1850,1850,1850,1854,1850.0,23.11946902654867,1.9285093887004716,42.598598715082886,1.9285093887004716,42.598598715082886,904,21,,ok,False,False,,sampling_only,not_applicable_no_annotator_in_pipeline,n/a: CorEx labels have no annotator
Civil rights & race,share of eligible paragraphs,year5,1855,1855,1855,1859,1855.0,11.756168359941945,6.386773089403404,21.473158593231577,6.386773089403404,21.473158593231577,689,13,,ok,False,False,,sampling_only,not_applicable_no_annotator_in_pipeline,n/a: CorEx labels have no annotator
Civil rights & race,share of eligible paragraphs,year5,1860,1860,1860,1864,1860.0,16.329704510108865,4.598799047370102,30.568894017968663,4.598799047370102,30.568894017968663,643,18,,ok,False,False,,sampling_only,not_applicable_no_annotator_in_pipeline,n/a: CorEx labels have no annotator
Civil rights & race,share of eligible paragraphs,year5,1865,1865,1865,1869,1865.0,10.35758323057953,6.736075429041209,14.714542882859716,6.736075429041209,14.714542882859716,811,37,,ok,False,False,,sampling_only,not_applicable_no_annotator_in_pipeline,n/a: CorEx labels have no annotator
Civil rights & race,share of eligible paragraphs,year5,1870,1870,1870,1874,1870.0,6.138613861386139,3.652178395555879,10.135766232531607,3.652178395555879,10.135766232531607,505,19,,ok,False,False,,sampling_only,not_applicable_no_annotator_in_pipeline,n/a: CorEx labels have no annotator
Civil rights & race,share of eligible paragraphs,year5,1875,1875,1875,1879,1875.0,5.175292153589315,3.6718870658145364,7.444493727030793,3.6718870658145364,7.444493727030793,599,20,,ok,False,False,,sampling_only,not_applicable_no_annotator_in_pipeline,n/a: CorEx labels have no annotator
Civil rights & race,share of eligible paragraphs,year5,1880,1880,1880,1884,1880.0,2.8301886792452833,1.1898005148005149,6.797925562424319,1.1898005148005149,6.797925562424319,636,16,,ok,False,False,,sampling_only,not_applicable_no_annotator_in_pipeline,n/a: CorEx labels have no annotator
Civil rights & race,share of eligible paragraphs,year5,1885,1885,1885,1889,1885.0,5.012531328320802,3.328071267463629,7.314695030035769,3.328071267463629,7.314695030035769,798,18,,ok,False,False,,sampling_only,not_applicable_no_annotator_in_pipeline,n/a: CorEx labels have no annotator
Civil rights & race,share of eligible paragraphs,year5,1890,1890,1890,1894,1890.0,2.7251184834123223,1.5631939209974126,4.144613583138173,1.5631939209974126,4.144613583138173,844,20,,ok,False,False,,sampling_only,not_applicable_no_annotator_in_pipeline,n/a: CorEx labels have no annotator
Civil rights & race,share of eligible paragraphs,year5,1895,1895,1895,1899,1895.0,1.8934911242603552,0.5716599764387627,2.9119500854990745,0.5716599764387627,2.9119500854990745,845,20,,ok,False,False,,sampling_only,not_applicable_no_annotator_in_pipeline,n/a: CorEx labels have no annotator
Civil rights & race,share of eligible paragraphs,year5,1900,1900,1900,1904,1900.0,3.3734939759036147,1.9117632118983277,4.559549630190671,1.9117632118983277,4.559549630190671,830,15,,ok,False,False,,sampling_only,not_applicable_no_annotator_in_pipeline,n/a: CorEx labels have no annotator
Civil rights & race,share of eligible paragraphs,year5,1905,1905,1905,1909,1905.0,4.253472222222222,1.9485918863935539,7.576653511159492,1.9485918863935539,7.576653511159492,1152,16,,ok,False,False,,sampling_only,not_applicable_no_annotator_in_pipeline,n/a: CorEx labels have no annotator
Civil rights & race,share of eligible paragraphs,year5,1910,1910,1910,1914,1910.0,3.111587982832618,2.0982705609954704,4.409989528715971,2.0982705609954704,4.409989528715971,932,20,,ok,False,False,,sampling_only,not_applicable_no_annotator_in_pipeline,n/a: CorEx labels have no annotator
Civil rights & race,share of eligible paragraphs,year5,1915,1915,1915,1919,1915.0,5.206073752711497,2.226080916825838,8.541241685144124,2.226080916825838,8.541241685144124,461,21,,ok,False,False,,sampling_only,not_applicable_no_annotator_in_pipeline,n/a: CorEx labels have no annotator
Civil rights & race,share of eligible paragraphs,year5,1920,1920,1920,1924,1920.0,3.6211699164345403,2.1827704084614035,5.151466293221791,2.1827704084614035,5.151466293221791,359,19,,ok,False,False,,sampling_only,not_applicable_no_annotator_in_pipeline,n/a: CorEx labels have no annotator
Civil rights & race,share of eligible paragraphs,year5,1925,1925,1925,1929,1925.0,6.512301013024602,4.273363959047419,9.68010752688172,4.273363959047419,9.68010752688172,691,20,,ok,False,False,,sampling_only,not_applicable_no_annotator_in_pipeline,n/a: CorEx labels have no annotator
Civil rights & race,share of eligible paragraphs,year5,1930,1930,1930,1934,1930.0,2.5437201907790143,0.5867402679546893,4.8877151799686995,0.5867402679546893,4.8877151799686995,629,27,,ok,False,False,,sampling_only,not_applicable_no_annotator_in_pipeline,n/a: CorEx labels have no annotator
Civil rights & race,share of eligible paragraphs,year5,1935,1935,1935,1939,1935.0,1.4545454545454546,0.28808139534883725,3.609987357774966,0.28808139534883725,3.609987357774966,275,13,,ok,False,False,,sampling_only,not_applicable_no_annotator_in_pipeline,n/a: CorEx labels have no annotator
Civil rights & race,share of eligible paragraphs,year5,1940,1940,1940,1944,1940.0,5.804311774461028,4.093012241329059,7.809983775988462,4.093012241329059,7.809983775988462,603,26,,ok,False,False,,sampling_only,not_applicable_no_annotator_in_pipeline,n/a: CorEx labels have no annotator
Civil rights & race,share of eligible paragraphs,year5,1945,1945,1945,1949,1945.0,5.166051660516605,1.8557707773258887,10.378477118318163,1.8557707773258887,10.378477118318163,271,17,,ok,False,False,,sampling_only,not_applicable_no_annotator_in_pipeline,n/a: CorEx labels have no annotator
Civil rights & race,share of eligible paragraphs,year5,1950,1950,1950,1954,1950.0,4.322766570605188,1.7592879256965943,8.501362721640335,1.7592879256965943,8.501362721640335,347,11,,ok,False,False,,sampling_only,not_applicable_no_annotator_in_pipeline,n/a: CorEx labels have no annotator
Civil rights & race,share of eligible paragraphs,year5,1955,1955,1955,1959,1955.0,4.218362282878412,2.1254773389609087,6.510416666666667,2.1254773389609087,6.510416666666667,403,8,,ok,False,False,,sampling_only,not_applicable_no_annotator_in_pipeline,n/a: CorEx labels have no annotator
Civil rights & race,share of eligible paragraphs,year5,1960,1960,1960,1964,1960.0,5.144404332129964,3.8320446292741623,7.001717339762678,3.8320446292741623,7.001717339762678,2216,67,,ok,False,False,,sampling_only,not_applicable_no_annotator_in_pipeline,n/a: CorEx labels have no annotator
Civil rights & race,share of eligible paragraphs,year5,1965,1965,1965,1969,1965.0,5.659448818897637,3.490077379738822,8.471792019622937,3.490077379738822,8.471792019622937,2032,53,,ok,False,False,,sampling_only,not_applicable_no_annotator_in_pipeline,n/a: CorEx labels have no annotator
Civil rights & race,share of eligible paragraphs,year5,1970,1970,1970,1974,1970.0,0.9345794392523363,0.2192752542861952,1.6016675632060235,0.2192752542861952,1.6016675632060235,535,25,,ok,False,False,,sampling_only,not_applicable_no_annotator_in_pipeline,n/a: CorEx labels have no annotator
Civil rights & race,share of eligible paragraphs,year5,1975,1975,1975,1979,1975.0,2.540834845735027,1.4425996507963545,4.243510219425812,1.4425996507963545,4.243510219425812,1102,27,,ok,False,False,,sampling_only,not_applicable_no_annotator_in_pipeline,n/a: CorEx labels have no annotator
Civil rights & race,share of eligible paragraphs,year5,1980,1980,1980,1984,1980.0,4.050029779630733,2.5543585397243933,5.669317687961755,2.5543585397243933,5.669317687961755,1679,41,,ok,False,False,,sampling_only,not_applicable_no_annotator_in_pipeline,n/a: CorEx labels have no annotator
Civil rights & race,share of eligible paragraphs,year5,1985,1985,1985,1989,1985.0,1.7772511848341233,0.8250116989747444,2.9408745219351107,0.8250116989747444,2.9408745219351107,844,28,,ok,False,False,,sampling_only,not_applicable_no_annotator_in_pipeline,n/a: CorEx labels have no annotator
Civil rights & race,share of eligible paragraphs,year5,1990,1990,1990,1994,1990.0,2.6600985221674875,1.3140343074414185,3.941953018831294,1.3140343074414185,3.941953018831294,1015,32,,ok,False,False,,sampling_only,not_applicable_no_annotator_in_pipeline,n/a: CorEx labels have no annotator
Civil rights & race,share of eligible paragraphs,year5,1995,1995,1995,1999,1995.0,7.074340527577938,3.3161991817602994,13.272632547092927,3.3161991817602994,13.272632547092927,834,22,,ok,False,False,,sampling_only,not_applicable_no_annotator_in_pipeline,n/a: CorEx labels have no annotator
Civil rights & race,share of eligible paragraphs,year5,2000,2000,2000,2004,2000.0,2.2151898734177213,0.7396378054887409,3.9559109180672833,0.7396378054887409,3.9559109180672833,632,23,,ok,False,False,,sampling_only,not_applicable_no_annotator_in_pipeline,n/a: CorEx labels have no annotator
Civil rights & race,share of eligible paragraphs,year5,2005,2005,2005,2009,2005.0,2.424942263279446,1.3973168237562692,3.870123792270531,1.3973168237562692,3.870123792270531,866,28,,ok,False,False,,sampling_only,not_applicable_no_annotator_in_pipeline,n/a: CorEx labels have no annotator
Civil rights & race,share of eligible paragraphs,year5,2010,2010,2010,2014,2010.0,3.6585365853658534,2.0706464346776627,5.365995522353273,2.0706464346776627,5.365995522353273,1230,33,,ok,False,False,,sampling_only,not_applicable_no_annotator_in_pipeline,n/a: CorEx labels have no annotator
Civil rights & race,share of eligible paragraphs,year5,2015,2015,2015,2019,2015.0,2.7993779160186625,1.3782152967590786,4.521530112705016,1.3782152967590786,4.521530112705016,1286,27,,ok,False,False,,sampling_only,not_applicable_no_annotator_in_pipeline,n/a: CorEx labels have no annotator
Civil rights & race,share of eligible paragraphs,year5,2020,2020,2020,2024,2020.0,1.4601420678768744,0.9462747601803289,2.170507059957753,0.9462747601803289,2.170507059957753,2534,50,,ok,False,False,,sampling_only,not_applicable_no_annotator_in_pipeline,n/a: CorEx labels have no annotator
Civil rights & race,share of eligible paragraphs,year5,2025,2025,2025,2029,2025.0,1.2455516014234875,0.0,2.971631229391424,0.0,2.971631229391424,562,11,,ok,False,False,,sampling_only,not_applicable_no_annotator_in_pipeline,n/a: CorEx labels have no annotator
