series,x,value,source_issue
unnamed,1790.0,14.571549773755649,Crime & justice
unnamed,1795.0,4.497474747474746,Crime & justice
unnamed,1800.0,5.160370182555781,Crime & justice
unnamed,1805.0,8.002856579984238,Crime & justice
unnamed,1810.0,6.02612955906369,Crime & justice
unnamed,1815.0,3.0383787109675433,Crime & justice
unnamed,1820.0,3.214285714285714,Crime & justice
unnamed,1825.0,4.6553176553176545,Crime & justice
unnamed,1830.0,7.030796258563428,Crime & justice
unnamed,1835.0,5.216152429196407,Crime & justice
unnamed,1840.0,4.00511949040229,Crime & justice
unnamed,1845.0,3.1877184262680442,Crime & justice
unnamed,1850.0,5.101170283456029,Crime & justice
unnamed,1855.0,6.195257875347718,Crime & justice
unnamed,1860.0,5.152688033083481,Crime & justice
unnamed,1865.0,13.365325040510909,Crime & justice
unnamed,1870.0,7.785799844283405,Crime & justice
unnamed,1875.0,13.69212008412664,Crime & justice
unnamed,1880.0,6.409165060874134,Crime & justice
unnamed,1885.0,7.695002126045303,Crime & justice
unnamed,1890.0,11.393434150685366,Crime & justice
unnamed,1895.0,8.215346707675101,Crime & justice
unnamed,1900.0,8.660712023311795,Crime & justice
unnamed,1905.0,13.634527616468011,Crime & justice
unnamed,1910.0,6.4744233551791615,Crime & justice
unnamed,1915.0,6.612762237762236,Crime & justice
unnamed,1920.0,6.527299703264096,Crime & justice
unnamed,1925.0,6.652237135217352,Crime & justice
unnamed,1930.0,2.699901905829596,Crime & justice
unnamed,1935.0,10.295057116561097,Crime & justice
unnamed,1940.0,3.15249757456653,Crime & justice
unnamed,1945.0,3.893703572691899,Crime & justice
unnamed,1950.0,1.9721243572652827,Crime & justice
unnamed,1955.0,2.630186232909005,Crime & justice
unnamed,1960.0,3.4852567135928068,Crime & justice
unnamed,1965.0,7.928421006007697,Crime & justice
unnamed,1970.0,6.414652512488979,Crime & justice
unnamed,1975.0,5.117839607201309,Crime & justice
unnamed,1980.0,4.710416636359669,Crime & justice
unnamed,1985.0,10.483517543617872,Crime & justice
unnamed,1990.0,10.160192411789396,Crime & justice
unnamed,1995.0,19.94319880418535,Crime & justice
unnamed,2000.0,13.252701090186465,Crime & justice
unnamed,2005.0,12.666374185473886,Crime & justice
unnamed,2010.0,6.887380073208965,Crime & justice
unnamed,2015.0,12.79926739142841,Crime & justice
unnamed,2020.0,8.741115090103838,Crime & justice
unnamed,2025.0,16.958696509132317,Crime & justice
unnamed,2025.0,8.922524004747006,Crime & justice
unnamed,2020.0,3.7349004907594505,Crime & justice
unnamed,2015.0,6.616605704163442,Crime & justice
unnamed,2010.0,2.7059265962917523,Crime & justice
unnamed,2005.0,7.292275650394623,Crime & justice
unnamed,2000.0,8.30559283647192,Crime & justice
unnamed,1995.0,12.605844434352608,Crime & justice
unnamed,1990.0,4.305757831071525,Crime & justice
unnamed,1985.0,2.687873453144175,Crime & justice
unnamed,1980.0,2.5145604637349583,Crime & justice
unnamed,1975.0,1.610180479203402,Crime & justice
unnamed,1970.0,1.6788905122068727,Crime & justice
unnamed,1965.0,3.9842134834452607,Crime & justice
unnamed,1960.0,1.4074243122518435,Crime & justice
unnamed,1955.0,0.6786597257413123,Crime & justice
unnamed,1950.0,0.0,Crime & justice
unnamed,1945.0,0.7981927710843374,Crime & justice
unnamed,1940.0,0.3799310235127398,Crime & justice
unnamed,1935.0,0.0,Crime & justice
unnamed,1930.0,0.45818274780075086,Crime & justice
unnamed,1925.0,2.628125,Crime & justice
unnamed,1920.0,0.3967803030303031,Crime & justice
unnamed,1915.0,2.3883442265795205,Crime & justice
unnamed,1910.0,2.4258284649476227,Crime & justice
unnamed,1905.0,5.941098767104728,Crime & justice
unnamed,1900.0,2.330759803921569,Crime & justice
unnamed,1895.0,2.6638587856703424,Crime & justice
unnamed,1890.0,4.6875,Crime & justice
unnamed,1885.0,3.5925121204240305,Crime & justice
unnamed,1880.0,1.7775606746194983,Crime & justice
unnamed,1875.0,4.720552767728634,Crime & justice
unnamed,1870.0,2.8108200695688836,Crime & justice
unnamed,1865.0,5.674881078224101,Crime & justice
unnamed,1860.0,1.381090180583767,Crime & justice
unnamed,1855.0,2.9715447154471546,Crime & justice
unnamed,1850.0,1.6069474532535808,Crime & justice
unnamed,1845.0,1.084083395838542,Crime & justice
unnamed,1840.0,1.6683311157868683,Crime & justice
unnamed,1835.0,1.149559477193354,Crime & justice
unnamed,1830.0,1.9342660790779378,Crime & justice
unnamed,1825.0,0.10416666666666696,Crime & justice
unnamed,1820.0,0.16666666666666718,Crime & justice
unnamed,1815.0,0.7324763847144697,Crime & justice
unnamed,1810.0,0.7090040241448692,Crime & justice
unnamed,1805.0,1.1170411985018727,Crime & justice
unnamed,1800.0,0.0,Crime & justice
unnamed,1795.0,0.6115329941642975,Crime & justice
unnamed,1790.0,4.148588154269973,Crime & justice
unnamed,1785.0,0.0,Crime & justice
unnamed,1790.0,8.527131782945736,Crime & justice
unnamed,1795.0,2.358490566037736,Crime & justice
unnamed,1800.0,2.564102564102564,Crime & justice
unnamed,1805.0,4.102564102564102,Crime & justice
unnamed,1810.0,3.296703296703297,Crime & justice
unnamed,1815.0,1.9704433497536946,Crime & justice
unnamed,1820.0,1.8050541516245486,Crime & justice
unnamed,1825.0,2.1739130434782608,Crime & justice
unnamed,1830.0,4.228855721393035,Crime & justice
unnamed,1835.0,2.7993779160186625,Crime & justice
unnamed,1840.0,2.731411229135053,Crime & justice
unnamed,1845.0,1.8915510718789406,Crime & justice
unnamed,1850.0,3.0973451327433628,Crime & justice
unnamed,1855.0,4.2089985486211905,Crime & justice
unnamed,1860.0,3.1104199066874028,Crime & justice
unnamed,1865.0,8.877928483353884,Crime & justice
unnamed,1870.0,5.148514851485149,Crime & justice
unnamed,1875.0,8.013355592654424,Crime & justice
unnamed,1880.0,3.930817610062893,Crime & justice
unnamed,1885.0,5.639097744360902,Crime & justice
unnamed,1890.0,7.109004739336493,Crime & justice
unnamed,1895.0,5.207100591715976,Crime & justice
unnamed,1900.0,5.662650602409639,Crime & justice
unnamed,1905.0,9.54861111111111,Crime & justice
unnamed,1910.0,4.935622317596566,Crime & justice
unnamed,1915.0,4.55531453362256,Crime & justice
unnamed,1920.0,3.3426183844011144,Crime & justice
unnamed,1925.0,4.486251808972503,Crime & justice
unnamed,1930.0,1.4308426073131957,Crime & justice
unnamed,1935.0,3.6363636363636362,Crime & justice
unnamed,1940.0,1.658374792703151,Crime & justice
unnamed,1945.0,2.214022140221402,Crime & justice
unnamed,1950.0,0.8645533141210375,Crime & justice
unnamed,1955.0,1.488833746898263,Crime & justice
unnamed,1960.0,2.3465703971119134,Crime & justice
unnamed,1965.0,5.807086614173229,Crime & justice
unnamed,1970.0,3.925233644859813,Crime & justice
unnamed,1975.0,3.3575317604355717,Crime & justice
unnamed,1980.0,3.57355568790947,Crime & justice
unnamed,1985.0,6.161137440758294,Crime & justice
unnamed,1990.0,7.389162561576355,Crime & justice
unnamed,1995.0,16.06714628297362,Crime & justice
unnamed,2000.0,10.917721518987342,Crime & justice
unnamed,2005.0,9.815242494226329,Crime & justice
unnamed,2010.0,4.715447154471545,Crime & justice
unnamed,2015.0,9.486780715396579,Crime & justice
unnamed,2020.0,5.95895816890292,Crime & justice
unnamed,2025.0,12.455516014234876,Crime & justice
unnamed,1785.0,,Crime & justice
unnamed,1790.0,8.527131782945736,Crime & justice
unnamed,1795.0,2.358490566037736,Crime & justice
unnamed,1800.0,2.564102564102564,Crime & justice
unnamed,1805.0,4.102564102564102,Crime & justice
unnamed,1810.0,3.296703296703297,Crime & justice
unnamed,1815.0,1.9704433497536946,Crime & justice
unnamed,1820.0,,Crime & justice
unnamed,1825.0,2.1739130434782608,Crime & justice
unnamed,1830.0,4.228855721393035,Crime & justice
unnamed,1835.0,2.7993779160186625,Crime & justice
unnamed,1840.0,2.731411229135053,Crime & justice
unnamed,1845.0,1.8915510718789406,Crime & justice
unnamed,1850.0,3.0973451327433628,Crime & justice
unnamed,1855.0,4.2089985486211905,Crime & justice
unnamed,1860.0,3.1104199066874028,Crime & justice
unnamed,1865.0,8.877928483353884,Crime & justice
unnamed,1870.0,5.148514851485149,Crime & justice
unnamed,1875.0,8.013355592654424,Crime & justice
unnamed,1880.0,3.930817610062893,Crime & justice
unnamed,1885.0,5.639097744360902,Crime & justice
unnamed,1890.0,7.109004739336493,Crime & justice
unnamed,1895.0,5.207100591715976,Crime & justice
unnamed,1900.0,5.662650602409639,Crime & justice
unnamed,1905.0,9.54861111111111,Crime & justice
unnamed,1910.0,4.935622317596566,Crime & justice
unnamed,1915.0,4.55531453362256,Crime & justice
unnamed,1920.0,3.3426183844011144,Crime & justice
unnamed,1925.0,4.486251808972503,Crime & justice
unnamed,1930.0,1.4308426073131957,Crime & justice
unnamed,1935.0,3.6363636363636362,Crime & justice
unnamed,1940.0,1.658374792703151,Crime & justice
unnamed,1945.0,2.214022140221402,Crime & justice
unnamed,1950.0,0.8645533141210375,Crime & justice
unnamed,1955.0,1.488833746898263,Crime & justice
unnamed,1960.0,2.3465703971119134,Crime & justice
unnamed,1965.0,5.807086614173229,Crime & justice
unnamed,1970.0,3.925233644859813,Crime & justice
unnamed,1975.0,3.3575317604355717,Crime & justice
unnamed,1980.0,3.57355568790947,Crime & justice
unnamed,1985.0,6.161137440758294,Crime & justice
unnamed,1990.0,7.389162561576355,Crime & justice
unnamed,1995.0,16.06714628297362,Crime & justice
unnamed,2000.0,10.917721518987342,Crime & justice
unnamed,2005.0,9.815242494226329,Crime & justice
unnamed,2010.0,4.715447154471545,Crime & justice
unnamed,2015.0,9.486780715396579,Crime & justice
unnamed,2020.0,5.95895816890292,Crime & justice
unnamed,2025.0,12.455516014234876,Crime & justice
unnamed,1785.0,0.0,Crime & justice
unnamed,1850.0,1.6666666666666667,Crime & justice
unnamed,1855.0,2.7027027027027026,Crime & justice
unnamed,1860.0,3.7280701754385963,Crime & justice
unnamed,1825.0,4.123711340206185,Crime & justice
unnamed,1830.0,4.228855721393035,Crime & justice
unnamed,1835.0,0.4016064257028112,Crime & justice
unnamed,1865.0,9.379310344827587,Crime & justice
unnamed,2005.0,7.669616519174041,Crime & justice
unnamed,2010.0,4.715447154471545,Crime & justice
unnamed,2015.0,6.451612903225806,Crime & justice
unnamed,1885.0,8.16326530612245,Crime & justice
unnamed,1890.0,9.090909090909092,Crime & justice
unnamed,1990.0,11.048158640226628,Crime & justice
unnamed,1995.0,16.06714628297362,Crime & justice
unnamed,2000.0,12.871287128712872,Crime & justice
unnamed,1920.0,9.25925925925926,Crime & justice
unnamed,1925.0,4.356846473029045,Crime & justice
unnamed,1880.0,2.510460251046025,Crime & justice
unnamed,2015.0,10.450819672131148,Crime & justice
unnamed,2020.0,3.4175334323922733,Crime & justice
unnamed,2025.0,12.617702448210924,Crime & justice
unnamed,1950.0,0.9569377990430622,Crime & justice
unnamed,1955.0,1.488833746898263,Crime & justice
unnamed,1960.0,2.380952380952381,Crime & justice
unnamed,1930.0,0.7142857142857143,Crime & justice
unnamed,1935.0,3.6363636363636362,Crime & justice
unnamed,1940.0,1.658374792703151,Crime & justice
unnamed,1945.0,3.0303030303030303,Crime & justice
unnamed,1850.0,3.875968992248062,Crime & justice
unnamed,1855.0,7.009345794392523,Crime & justice
unnamed,1985.0,7.720588235294118,Crime & justice
unnamed,1990.0,5.438066465256798,Crime & justice
unnamed,2000.0,10.546139359698682,Crime & justice
unnamed,2005.0,11.195445920303605,Crime & justice
unnamed,1790.0,8.527131782945736,Crime & justice
unnamed,1795.0,0.9090909090909091,Crime & justice
unnamed,1970.0,0.9900990099009901,Crime & justice
unnamed,1975.0,4.53074433656958,Crime & justice
unnamed,1885.0,5.0691244239631335,Crime & justice
unnamed,1890.0,4.8346055979643765,Crime & justice
unnamed,1895.0,4.248366013071895,Crime & justice
unnamed,1945.0,1.951219512195122,Crime & justice
unnamed,1950.0,0.9708737864077669,Crime & justice
unnamed,1925.0,4.784688995215311,Crime & justice
unnamed,1930.0,1.6359918200409,Crime & justice
unnamed,1880.0,3.4482758620689653,Crime & justice
unnamed,1855.0,2.968036529680365,Crime & justice
unnamed,1860.0,1.6042780748663104,Crime & justice
unnamed,1845.0,1.662049861495845,Crime & justice
unnamed,1810.0,3.296703296703297,Crime & justice
unnamed,1815.0,1.4705882352941175,Crime & justice
unnamed,1815.0,2.2222222222222223,Crime & justice
unnamed,1820.0,1.8382352941176472,Crime & justice
unnamed,1975.0,3.050397877984085,Crime & justice
unnamed,1980.0,2.142857142857143,Crime & justice
unnamed,2020.0,8.83838383838384,Crime & justice
unnamed,2025.0,9.67741935483871,Crime & justice
unnamed,1795.0,3.9215686274509802,Crime & justice
unnamed,1960.0,1.9751280175566936,Crime & justice
unnamed,1825.0,1.4760147601476015,Crime & justice
unnamed,1840.0,2.4482109227871938,Crime & justice
unnamed,1960.0,3.146374829001368,Crime & justice
unnamed,1965.0,5.85562847046946,Crime & justice
unnamed,1835.0,4.314720812182741,Crime & justice
unnamed,1840.0,2.8169014084507045,Crime & justice
unnamed,1850.0,4.477611940298507,Crime & justice
unnamed,1950.0,0.0,Crime & justice
unnamed,1965.0,3.9215686274509802,Crime & justice
unnamed,1970.0,4.6082949308755765,Crime & justice
unnamed,1960.0,0.0,Crime & justice
unnamed,1975.0,0.0,Crime & justice
unnamed,1980.0,3.8598999285203717,Crime & justice
unnamed,1985.0,5.419580419580419,Crime & justice
unnamed,1875.0,7.547169811320755,Crime & justice
unnamed,1880.0,9.30232558139535,Crime & justice
unnamed,1900.0,6.976744186046512,Crime & justice
unnamed,1905.0,10.560344827586206,Crime & justice
unnamed,1800.0,1.4084507042253522,Crime & justice
unnamed,1805.0,4.093567251461988,Crime & justice
unnamed,1865.0,5.0,Crime & justice
unnamed,1870.0,5.148514851485149,Crime & justice
unnamed,1875.0,8.771929824561402,Crime & justice
unnamed,1920.0,0.8733624454148471,Crime & justice
unnamed,1840.0,5.263157894736842,Crime & justice
unnamed,1895.0,5.75139146567718,Crime & justice
unnamed,1900.0,2.1929824561403506,Crime & justice
unnamed,1905.0,5.357142857142857,Crime & justice
unnamed,1910.0,5.771812080536913,Crime & justice
unnamed,1910.0,1.6042780748663104,Crime & justice
unnamed,1915.0,4.646017699115045,Crime & justice
unnamed,1845.0,1.6129032258064515,Crime & justice
